urn_a	relation	urn_b	status	w_from	w_to	a_lead	w_lead
urn:cts:greekLit:tlg0656.tlg001.sprengel1829:1.praef	edition_of	urn:cts:greekLit:tlg0656.tlg001.wellmann1906:1.praef	proposed				
urn:cts:greekLit:tlg0656.tlg001.sprengel1829:1.1	edition_of	urn:cts:greekLit:tlg0656.tlg001.wellmann1906:1.1	proposed				
urn:cts:greekLit:tlg0656.tlg001.sprengel1829:1.2	edition_of	urn:cts:greekLit:tlg0656.tlg001.wellmann1906:1.2	proposed				
urn:cts:greekLit:tlg0656.tlg001.sprengel1829:1.3	edition_of	urn:cts:greekLit:tlg0656.tlg001.wellmann1906:1.3	proposed				
urn:cts:greekLit:tlg0656.tlg001.sprengel1829:1.4@Κύπειρος[1]-μύρωνεὐθετεῖ²⁹[1]	edition_of	urn:cts:greekLit:tlg0656.tlg001.wellmann1906:1.4	proposed			Κύπειρος οἱ δὲ	
urn:cts:greekLit:tlg0656.tlg001.sprengel1829:1.4@Ἱστορεῖται[1]-τρίχας[1]	edition_of	urn:cts:greekLit:tlg0656.tlg001.wellmann1906:1.5	proposed			Ἱστορεῖται δὲ καὶ	
urn:cts:greekLit:tlg0656.tlg001.sprengel1829:1.5	edition_of	urn:cts:greekLit:tlg0656.tlg001.wellmann1906:1.6	proposed				
urn:cts:greekLit:tlg0656.tlg001.sprengel1829:1.6	edition_of	urn:cts:greekLit:tlg0656.tlg001.wellmann1906:1.7	proposed				
urn:cts:greekLit:tlg0656.tlg001.sprengel1829:1.7	edition_of	urn:cts:greekLit:tlg0656.tlg001.wellmann1906:1.8	proposed				
urn:cts:greekLit:tlg0656.tlg001.sprengel1829:1.8	edition_of	urn:cts:greekLit:tlg0656.tlg001.wellmann1906:1.9	proposed				
urn:cts:greekLit:tlg0656.tlg001.sprengel1829:1.9	edition_of	urn:cts:greekLit:tlg0656.tlg001.wellmann1906:1.10	proposed				
urn:cts:greekLit:tlg0656.tlg001.sprengel1829:1.10	edition_of	urn:cts:greekLit:tlg0656.tlg001.wellmann1906:1.11	proposed				
urn:cts:greekLit:tlg0656.tlg001.sprengel1829:1.11	edition_of	urn:cts:greekLit:tlg0656.tlg001.wellmann1906:1.12	proposed				
urn:cts:greekLit:tlg0656.tlg001.sprengel1829:1.12	edition_of	urn:cts:greekLit:tlg0656.tlg001.wellmann1906:1.13	proposed				
urn:cts:greekLit:tlg0656.tlg001.sprengel1829:1.13	edition_of	urn:cts:greekLit:tlg0656.tlg001.wellmann1906:1.14	proposed				
urn:cts:greekLit:tlg0656.tlg001.sprengel1829:1.14	edition_of	urn:cts:greekLit:tlg0656.tlg001.wellmann1906:1.15	proposed				
urn:cts:greekLit:tlg0656.tlg001.sprengel1829:1.15	edition_of	urn:cts:greekLit:tlg0656.tlg001.wellmann1906:1.16	proposed				
urn:cts:greekLit:tlg0656.tlg001.sprengel1829:1.16	edition_of	urn:cts:greekLit:tlg0656.tlg001.wellmann1906:1.17	proposed				
urn:cts:greekLit:tlg0656.tlg001.sprengel1829:1.17	edition_of	urn:cts:greekLit:tlg0656.tlg001.wellmann1906:1.18	proposed				
urn:cts:greekLit:tlg0656.tlg001.sprengel1829:1.18	edition_of	urn:cts:greekLit:tlg0656.tlg001.wellmann1906:1.19	proposed				
urn:cts:greekLit:tlg0656.tlg001.sprengel1829:1.19	edition_of	urn:cts:greekLit:tlg0656.tlg001.wellmann1906:1.20	proposed				
urn:cts:greekLit:tlg0656.tlg001.sprengel1829:1.20	edition_of	urn:cts:greekLit:tlg0656.tlg001.wellmann1906:1.21	proposed				
urn:cts:greekLit:tlg0656.tlg001.sprengel1829:1.21	edition_of	urn:cts:greekLit:tlg0656.tlg001.wellmann1906:1.22	proposed				
urn:cts:greekLit:tlg0656.tlg001.sprengel1829:1.22	edition_of	urn:cts:greekLit:tlg0656.tlg001.wellmann1906:1.23	proposed				
urn:cts:greekLit:tlg0656.tlg001.sprengel1829:1.23	edition_of	urn:cts:greekLit:tlg0656.tlg001.wellmann1906:1.24	proposed				
urn:cts:greekLit:tlg0656.tlg001.sprengel1829:1.24	edition_of	urn:cts:greekLit:tlg0656.tlg001.wellmann1906:1.25	proposed				
urn:cts:greekLit:tlg0656.tlg001.sprengel1829:1.25	edition_of	urn:cts:greekLit:tlg0656.tlg001.wellmann1906:1.26	proposed				
urn:cts:greekLit:tlg0656.tlg001.sprengel1829:1.26	edition_of	urn:cts:greekLit:tlg0656.tlg001.wellmann1906:1.27	proposed				
urn:cts:greekLit:tlg0656.tlg001.sprengel1829:1.27	edition_of	urn:cts:greekLit:tlg0656.tlg001.wellmann1906:1.28	proposed				
urn:cts:greekLit:tlg0656.tlg001.sprengel1829:1.28	edition_of	urn:cts:greekLit:tlg0656.tlg001.wellmann1906:1.29	proposed				
urn:cts:greekLit:tlg0656.tlg001.sprengel1829:1.29	edition_of	urn:cts:greekLit:tlg0656.tlg001.wellmann1906:1.30.1@30[1]-ἐφεκτικόν[1]	proposed	0	52		30 ἔλαιον πρὸς
urn:cts:greekLit:tlg0656.tlg001.sprengel1829:1.30	edition_of	urn:cts:greekLit:tlg0656.tlg001.wellmann1906:1.30@τὸ[5]-δύναμιν[1]	proposed	52	183		τὸ δὲ λιπαρώτερον
urn:cts:greekLit:tlg0656.tlg001.sprengel1829:1.31	edition_of	urn:cts:greekLit:tlg0656.tlg001.wellmann1906:1.30.3@τὸ[1]-ἐπαλειφόμενον[1]	proposed	183	226		τὸ δὲ ἐκ
urn:cts:greekLit:tlg0656.tlg001.sprengel1829:1.32	edition_of	urn:cts:greekLit:tlg0656.tlg001.wellmann1906:1.30@λευκαίνεται[1]-γένηται[1]	proposed	226	373		λευκαίνεται δὲ ἔλαιον
urn:cts:greekLit:tlg0656.tlg001.sprengel1829:1.33	edition_of	urn:cts:greekLit:tlg0656.tlg001.wellmann1906:1.30.5	proposed	373	457		
urn:cts:greekLit:tlg0656.tlg001.sprengel1829:1.34	edition_of	urn:cts:greekLit:tlg0656.tlg001.wellmann1906:1.30.6@ὁ[1]-διαχρίστοις[1]	proposed	457	475		ὁ δὲ ἐπὶ
urn:cts:greekLit:tlg0656.tlg001.sprengel1829:1.35	edition_of	urn:cts:greekLit:tlg0656.tlg001.wellmann1906:1.30.6@ὁ[2]-ἐπιτιθέμενος[2]	proposed	475	501		ὁ δὲ ἐκ
urn:cts:greekLit:tlg0656.tlg001.sprengel1829:1.36	edition_of	urn:cts:greekLit:tlg0656.tlg001.wellmann1906:1.30.6@καὶ[3]-ἁρμόζει[1]	proposed	501	529		καὶ ὁ ἐν
urn:cts:greekLit:tlg0656.tlg001.sprengel1829:1.37	edition_of	urn:cts:greekLit:tlg0656.tlg001.wellmann1906:1.31	proposed				
urn:cts:greekLit:tlg0656.tlg001.sprengel1829:1.38	edition_of	urn:cts:greekLit:tlg0656.tlg001.wellmann1906:1.32	proposed				
urn:cts:greekLit:tlg0656.tlg001.sprengel1829:1.39	edition_of	urn:cts:greekLit:tlg0656.tlg001.wellmann1906:1.33	proposed				
urn:cts:greekLit:tlg0656.tlg001.sprengel1829:1.40	edition_of	urn:cts:greekLit:tlg0656.tlg001.wellmann1906:1.34@ἐοικότως[1]-δὲ[5]	proposed	0	35		ἐοικότως δὲ καὶ
urn:cts:greekLit:tlg0656.tlg001.sprengel1829:1.41	edition_of	urn:cts:greekLit:tlg0656.tlg001.wellmann1906:1.34@σκευάζεται[1]-βαλανίνῳ[1]	proposed	35	59		σκευάζεται τοῖς προειρημένοις
urn:cts:greekLit:tlg0656.tlg001.sprengel1829:1.42	edition_of	urn:cts:greekLit:tlg0656.tlg001.wellmann1906:1.35	proposed				
urn:cts:greekLit:tlg0656.tlg001.sprengel1829:1.43	edition_of	urn:cts:greekLit:tlg0656.tlg001.wellmann1906:1.36@ὁμοίως[1]-πινόμενον[1]	proposed	0	18		ὁμοίως δὲ καὶ
urn:cts:greekLit:tlg0656.tlg001.sprengel1829:1.44	edition_of	urn:cts:greekLit:tlg0656.tlg001.wellmann1906:1.36@ὡσαύτως[1]-μᾶλλον[1]	proposed	18	35		ὡσαύτως δὲ καὶ
urn:cts:greekLit:tlg0656.tlg001.sprengel1829:1.45	edition_of	urn:cts:greekLit:tlg0656.tlg001.wellmann1906:1.37@τὸ[1]-αὐτό[1]	proposed	0	36		τὸ δὲ ῥαφάνινον
urn:cts:greekLit:tlg0656.tlg001.sprengel1829:1.46	edition_of	urn:cts:greekLit:tlg0656.tlg001.wellmann1906:1.37@καὶ[3]-ῥαφανίνῳ[1]	proposed	36	48		καὶ τὸ μελάνθινον
urn:cts:greekLit:tlg0656.tlg001.sprengel1829:1.47	edition_of	urn:cts:greekLit:tlg0656.tlg001.wellmann1906:1.38	proposed				
urn:cts:greekLit:tlg0656.tlg001.sprengel1829:1.48	edition_of	urn:cts:greekLit:tlg0656.tlg001.wellmann1906:1.39	proposed				
urn:cts:greekLit:tlg0656.tlg001.sprengel1829:1.49	edition_of	urn:cts:greekLit:tlg0656.tlg001.wellmann1906:1.40	proposed				
urn:cts:greekLit:tlg0656.tlg001.sprengel1829:1.50	edition_of	urn:cts:greekLit:tlg0656.tlg001.wellmann1906:1.41	proposed				
urn:cts:greekLit:tlg0656.tlg001.sprengel1829:1.51	edition_of	urn:cts:greekLit:tlg0656.tlg001.wellmann1906:1.42.1	proposed	0	48		
urn:cts:greekLit:tlg0656.tlg001.sprengel1829:1.52	edition_of	urn:cts:greekLit:tlg0656.tlg001.wellmann1906:1.42.2	proposed	48	122		
urn:cts:greekLit:tlg0656.tlg001.sprengel1829:1.53	edition_of	urn:cts:greekLit:tlg0656.tlg001.wellmann1906:1.43	proposed				
urn:cts:greekLit:tlg0656.tlg001.sprengel1829:1.54	edition_of	urn:cts:greekLit:tlg0656.tlg001.wellmann1906:1.44	proposed				
urn:cts:greekLit:tlg0656.tlg001.sprengel1829:1.55	edition_of	urn:cts:greekLit:tlg0656.tlg001.wellmann1906:1.45	proposed				
urn:cts:greekLit:tlg0656.tlg001.sprengel1829:1.56	edition_of	urn:cts:greekLit:tlg0656.tlg001.wellmann1906:1.46	proposed				
urn:cts:greekLit:tlg0656.tlg001.sprengel1829:1.57	edition_of	urn:cts:greekLit:tlg0656.tlg001.wellmann1906:1.47	proposed				
urn:cts:greekLit:tlg0656.tlg001.sprengel1829:1.58	edition_of	urn:cts:greekLit:tlg0656.tlg001.wellmann1906:1.48	proposed				
urn:cts:greekLit:tlg0656.tlg001.sprengel1829:1.59	edition_of	urn:cts:greekLit:tlg0656.tlg001.wellmann1906:1.49	proposed				
urn:cts:greekLit:tlg0656.tlg001.sprengel1829:1.60	edition_of	urn:cts:greekLit:tlg0656.tlg001.wellmann1906:1.50	proposed				
urn:cts:greekLit:tlg0656.tlg001.sprengel1829:1.61	edition_of	urn:cts:greekLit:tlg0656.tlg001.wellmann1906:1.51	proposed				
urn:cts:greekLit:tlg0656.tlg001.sprengel1829:1.62	edition_of	urn:cts:greekLit:tlg0656.tlg001.wellmann1906:1.52	proposed				
urn:cts:greekLit:tlg0656.tlg001.sprengel1829:1.63	edition_of	urn:cts:greekLit:tlg0656.tlg001.wellmann1906:1.53	proposed				
urn:cts:greekLit:tlg0656.tlg001.sprengel1829:1.64	edition_of	urn:cts:greekLit:tlg0656.tlg001.wellmann1906:1.54	proposed				
urn:cts:greekLit:tlg0656.tlg001.sprengel1829:1.65	edition_of	urn:cts:greekLit:tlg0656.tlg001.wellmann1906:1.55	proposed				
urn:cts:greekLit:tlg0656.tlg001.sprengel1829:1.66	edition_of	urn:cts:greekLit:tlg0656.tlg001.wellmann1906:1.56	proposed				
urn:cts:greekLit:tlg0656.tlg001.sprengel1829:1.67	edition_of	urn:cts:greekLit:tlg0656.tlg001.wellmann1906:1.57	proposed				
urn:cts:greekLit:tlg0656.tlg001.sprengel1829:1.68	edition_of	urn:cts:greekLit:tlg0656.tlg001.wellmann1906:1.58.1-1.58.2	proposed	0	124		
urn:cts:greekLit:tlg0656.tlg001.sprengel1829:1.69	edition_of	urn:cts:greekLit:tlg0656.tlg001.wellmann1906:1.58.3@τὸ[1]-αὐτοῦ[1]	proposed	124	200		τὸ δὲ μεγάλλειον
urn:cts:greekLit:tlg0656.tlg001.sprengel1829:1.70	edition_of	urn:cts:greekLit:tlg0656.tlg001.wellmann1906:1.58.3@καὶ[4]-τυγχάνει[1]	proposed	200	221		καὶ τὸ καλούμενον
urn:cts:greekLit:tlg0656.tlg001.sprengel1829:1.71	edition_of	urn:cts:greekLit:tlg0656.tlg001.wellmann1906:1.59.1-1.59.2	proposed	0	127		
urn:cts:greekLit:tlg0656.tlg001.sprengel1829:1.72	edition_of	urn:cts:greekLit:tlg0656.tlg001.wellmann1906:1.59.3	proposed	127	173		
urn:cts:greekLit:tlg0656.tlg001.sprengel1829:1.73	edition_of	urn:cts:greekLit:tlg0656.tlg001.wellmann1906:1.60	proposed				
urn:cts:greekLit:tlg0656.tlg001.sprengel1829:1.74	edition_of	urn:cts:greekLit:tlg0656.tlg001.wellmann1906:1.61	proposed				
urn:cts:greekLit:tlg0656.tlg001.sprengel1829:1.75	edition_of	urn:cts:greekLit:tlg0656.tlg001.wellmann1906:1.62	proposed				
urn:cts:greekLit:tlg0656.tlg001.sprengel1829:1.76	edition_of	urn:cts:greekLit:tlg0656.tlg001.wellmann1906:1.63	proposed				
urn:cts:greekLit:tlg0656.tlg001.sprengel1829:1.77	edition_of	urn:cts:greekLit:tlg0656.tlg001.wellmann1906:1.64	proposed				
urn:cts:greekLit:tlg0656.tlg001.sprengel1829:1.78	edition_of	urn:cts:greekLit:tlg0656.tlg001.wellmann1906:1.65	proposed				
urn:cts:greekLit:tlg0656.tlg001.sprengel1829:1.79	edition_of	urn:cts:greekLit:tlg0656.tlg001.wellmann1906:1.66	proposed				
urn:cts:greekLit:tlg0656.tlg001.sprengel1829:1.80	edition_of	urn:cts:greekLit:tlg0656.tlg001.wellmann1906:1.67	proposed				
urn:cts:greekLit:tlg0656.tlg001.sprengel1829:1.81	edition_of	urn:cts:greekLit:tlg0656.tlg001.wellmann1906:1.68.1-1.68.4	proposed	0	368		
urn:cts:greekLit:tlg0656.tlg001.sprengel1829:1.82	edition_of	urn:cts:greekLit:tlg0656.tlg001.wellmann1906:1.68.5	proposed	368	466		
urn:cts:greekLit:tlg0656.tlg001.sprengel1829:1.83	edition_of	urn:cts:greekLit:tlg0656.tlg001.wellmann1906:1.68.6	proposed	466	528		
urn:cts:greekLit:tlg0656.tlg001.sprengel1829:1.84	edition_of	urn:cts:greekLit:tlg0656.tlg001.wellmann1906:1.68@αἰθάλην[1]-καρκινωμάτων[1]	proposed	528	669		αἰθάλην δὲ λιβανωτοῦ
urn:cts:greekLit:tlg0656.tlg001.sprengel1829:1.85	edition_of	urn:cts:greekLit:tlg0656.tlg001.wellmann1906:1.68.8@τὸν[1]-λάμβανε[1]	proposed	669	701		τὸν αὐτὸν τρόπον
urn:cts:greekLit:tlg0656.tlg001.sprengel1829:1.86	edition_of	urn:cts:greekLit:tlg0656.tlg001.wellmann1906:1.69@69[1]-δακρύοντας[1]	proposed	0	174		69 πίτυς γνώριμον
urn:cts:greekLit:tlg0656.tlg001.sprengel1829:1.87	edition_of	urn:cts:greekLit:tlg0656.tlg001.wellmann1906:1.69.3@πιτυίδες[1]-λαμβανόμεναι[1]	proposed	174	209		πιτυίδες δὲ καλοῦνται
urn:cts:greekLit:tlg0656.tlg001.sprengel1829:1.88	edition_of	urn:cts:greekLit:tlg0656.tlg001.wellmann1906:1.69.4	proposed	209	276		
urn:cts:greekLit:tlg0656.tlg001.sprengel1829:1.89	edition_of	urn:cts:greekLit:tlg0656.tlg001.wellmann1906:1.70.1-1.70.2	proposed	0	156		
urn:cts:greekLit:tlg0656.tlg001.sprengel1829:1.90	edition_of	urn:cts:greekLit:tlg0656.tlg001.wellmann1906:1.70.3	proposed	156	242		
urn:cts:greekLit:tlg0656.tlg001.sprengel1829:1.91	edition_of	urn:cts:greekLit:tlg0656.tlg001.wellmann1906:1.71@71[1]-ἐπιτιθεμένη[1]	proposed	0	197		71 τέρμινθος γνώριμον
urn:cts:greekLit:tlg0656.tlg001.sprengel1829:1.92	edition_of	urn:cts:greekLit:tlg0656.tlg001.wellmann1906:1.71@γίνεται[1]-τερμινθίνῃ[1]	proposed	197	369		γίνεται δὲ ῥητίνη
urn:cts:greekLit:tlg0656.tlg001.sprengel1829:1.93	edition_of	urn:cts:greekLit:tlg0656.tlg001.wellmann1906:1.71.5-1.71.6	proposed	369	532		
urn:cts:greekLit:tlg0656.tlg001.sprengel1829:1.94	edition_of	urn:cts:greekLit:tlg0656.tlg001.wellmann1906:1.72.1-1.72.2	proposed	0	151		
urn:cts:greekLit:tlg0656.tlg001.sprengel1829:1.95	edition_of	urn:cts:greekLit:tlg0656.tlg001.wellmann1906:1.72.3	proposed	151	231		
urn:cts:greekLit:tlg0656.tlg001.sprengel1829:1.96	edition_of	urn:cts:greekLit:tlg0656.tlg001.wellmann1906:1.72.4	proposed	231	316		
urn:cts:greekLit:tlg0656.tlg001.sprengel1829:1.97	edition_of	urn:cts:greekLit:tlg0656.tlg001.wellmann1906:1.72.5@ἡ[1]-χρησίμως[1]	proposed	316	388		ἡ δὲ ξηρὰ
urn:cts:greekLit:tlg0656.tlg001.sprengel1829:1.98	edition_of	urn:cts:greekLit:tlg0656.tlg001.wellmann1906:1.72.5@ζώπισσαν[1]-ὠνόμασαν[1]	proposed	388	421		ζώπισσαν δὲ οἱ
urn:cts:greekLit:tlg0656.tlg001.sprengel1829:1.99	edition_of	urn:cts:greekLit:tlg0656.tlg001.wellmann1906:1.73.1@73[1]-εἶδος[1]	proposed	0	72		73 ἄσφαλτος διαφέρει
urn:cts:greekLit:tlg0656.tlg001.sprengel1829:1.100	edition_of	urn:cts:greekLit:tlg0656.tlg001.wellmann1906:1.73.1@καλεῖται[1]-ἀσφάλτῳ[1]	proposed	72	104		καλεῖται δέ τις
urn:cts:greekLit:tlg0656.tlg001.sprengel1829:1.101	edition_of	urn:cts:greekLit:tlg0656.tlg001.wellmann1906:1.73.2-1.73.3	proposed	104	253		
urn:cts:greekLit:tlg0656.tlg001.sprengel1829:1.102	edition_of	urn:cts:greekLit:tlg0656.tlg001.wellmann1906:1.74	proposed				
urn:cts:greekLit:tlg0656.tlg001.sprengel1829:1.103	edition_of	urn:cts:greekLit:tlg0656.tlg001.wellmann1906:1.75	proposed				
urn:cts:greekLit:tlg0656.tlg001.sprengel1829:1.104	edition_of	urn:cts:greekLit:tlg0656.tlg001.wellmann1906:1.76	proposed				
urn:cts:greekLit:tlg0656.tlg001.sprengel1829:1.105	edition_of	urn:cts:greekLit:tlg0656.tlg001.wellmann1906:1.77	proposed				
urn:cts:greekLit:tlg0656.tlg001.sprengel1829:1.106	edition_of	urn:cts:greekLit:tlg0656.tlg001.wellmann1906:1.78	proposed				
urn:cts:greekLit:tlg0656.tlg001.sprengel1829:1.107	edition_of	urn:cts:greekLit:tlg0656.tlg001.wellmann1906:1.79	proposed				
urn:cts:greekLit:tlg0656.tlg001.sprengel1829:1.108	edition_of	urn:cts:greekLit:tlg0656.tlg001.wellmann1906:1.80	proposed				
urn:cts:greekLit:tlg0656.tlg001.sprengel1829:1.109	edition_of	urn:cts:greekLit:tlg0656.tlg001.wellmann1906:1.81	proposed				
urn:cts:greekLit:tlg0656.tlg001.sprengel1829:1.110	edition_of	urn:cts:greekLit:tlg0656.tlg001.wellmann1906:1.83	proposed				
urn:cts:greekLit:tlg0656.tlg001.sprengel1829:1.111	edition_of	urn:cts:greekLit:tlg0656.tlg001.wellmann1906:1.82	proposed				
urn:cts:greekLit:tlg0656.tlg001.sprengel1829:1.112	edition_of	urn:cts:greekLit:tlg0656.tlg001.wellmann1906:1.84@84[1]-προσοψήματα[1]	proposed	0	95		84 πτελέας τὰ
urn:cts:greekLit:tlg0656.tlg001.sprengel1829:1.113	edition_of	urn:cts:greekLit:tlg0656.tlg001.wellmann1906:1.84.2@ἡ[1]-καταπασσομένη[2]	proposed	95	128		ἡ δὲ ἀπὸ
urn:cts:greekLit:tlg0656.tlg001.sprengel1829:1.114	edition_of	urn:cts:greekLit:tlg0656.tlg001.wellmann1906:1.85	proposed				
urn:cts:greekLit:tlg0656.tlg001.sprengel1829:1.115	edition_of	urn:cts:greekLit:tlg0656.tlg001.wellmann1906:1.86	proposed				
urn:cts:greekLit:tlg0656.tlg001.sprengel1829:1.116	edition_of	urn:cts:greekLit:tlg0656.tlg001.wellmann1906:1.87	proposed				
urn:cts:greekLit:tlg0656.tlg001.sprengel1829:1.117	edition_of	urn:cts:greekLit:tlg0656.tlg001.wellmann1906:1.88	proposed				
urn:cts:greekLit:tlg0656.tlg001.sprengel1829:1.118	edition_of	urn:cts:greekLit:tlg0656.tlg001.wellmann1906:1.89	proposed				
urn:cts:greekLit:tlg0656.tlg001.sprengel1829:1.119@περὶ[1]-κακουργίας[1]	edition_of	urn:cts:greekLit:tlg0656.tlg001.wellmann1906:1.90	proposed			περὶ φραγμοὺς φυόμενος	
urn:cts:greekLit:tlg0656.tlg001.sprengel1829:1.119@Ῥάμνος[1]-ἐστὶ⁷⁰[1]	edition_of	urn:cts:greekLit:tlg0656.tlg001.wellmann1906:1.90a	proposed			Ῥάμνος οἱ δὲ	
urn:cts:greekLit:tlg0656.tlg001.sprengel1829:1.120	edition_of	urn:cts:greekLit:tlg0656.tlg001.wellmann1906:1.91	proposed				
urn:cts:greekLit:tlg0656.tlg001.sprengel1829:1.121	edition_of	urn:cts:greekLit:tlg0656.tlg001.wellmann1906:1.92	proposed				
urn:cts:greekLit:tlg0656.tlg001.sprengel1829:1.122	edition_of	urn:cts:greekLit:tlg0656.tlg001.wellmann1906:1.93	proposed				
urn:cts:greekLit:tlg0656.tlg001.sprengel1829:1.123	edition_of	urn:cts:greekLit:tlg0656.tlg001.wellmann1906:1.94	proposed				
urn:cts:greekLit:tlg0656.tlg001.sprengel1829:1.124	edition_of	urn:cts:greekLit:tlg0656.tlg001.wellmann1906:1.95	proposed				
urn:cts:greekLit:tlg0656.tlg001.sprengel1829:1.125	edition_of	urn:cts:greekLit:tlg0656.tlg001.wellmann1906:1.96	proposed				
urn:cts:greekLit:tlg0656.tlg001.sprengel1829:1.126	edition_of	urn:cts:greekLit:tlg0656.tlg001.wellmann1906:1.97.1	proposed	0	69		
urn:cts:greekLit:tlg0656.tlg001.sprengel1829:1.127	edition_of	urn:cts:greekLit:tlg0656.tlg001.wellmann1906:1.97.2	proposed	69	144		
urn:cts:greekLit:tlg0656.tlg001.sprengel1829:1.128	edition_of	urn:cts:greekLit:tlg0656.tlg001.wellmann1906:1.97.3-1.97.4	proposed	144	334		
urn:cts:greekLit:tlg0656.tlg001.sprengel1829:1.129	edition_of	urn:cts:greekLit:tlg0656.tlg001.wellmann1906:1.98	proposed				
urn:cts:greekLit:tlg0656.tlg001.sprengel1829:1.130	edition_of	urn:cts:greekLit:tlg0656.tlg001.wellmann1906:1.99.1-1.99.2	proposed	0	140		
urn:cts:greekLit:tlg0656.tlg001.sprengel1829:1.131	edition_of	urn:cts:greekLit:tlg0656.tlg001.wellmann1906:1.99.3	proposed	140	230		
urn:cts:greekLit:tlg0656.tlg001.sprengel1829:1.132	edition_of	urn:cts:greekLit:tlg0656.tlg001.wellmann1906:1.100	proposed				
urn:cts:greekLit:tlg0656.tlg001.sprengel1829:1.133	edition_of	urn:cts:greekLit:tlg0656.tlg001.wellmann1906:1.101	proposed				
urn:cts:greekLit:tlg0656.tlg001.sprengel1829:1.134	edition_of	urn:cts:greekLit:tlg0656.tlg001.wellmann1906:1.103	proposed				
urn:cts:greekLit:tlg0656.tlg001.sprengel1829:1.135	edition_of	urn:cts:greekLit:tlg0656.tlg001.wellmann1906:1.104	proposed				
urn:cts:greekLit:tlg0656.tlg001.sprengel1829:1.136	edition_of	urn:cts:greekLit:tlg0656.tlg001.wellmann1906:1.105@105[1]-ἡγητέον[1]	proposed	0	212		105 ἄγριελαία ἣν
urn:cts:greekLit:tlg0656.tlg001.sprengel1829:1.137	edition_of	urn:cts:greekLit:tlg0656.tlg001.wellmann1906:1.105@δύναται[1]-δὲ[18]	proposed	212	276		δύναται δὲ τὰ
urn:cts:greekLit:tlg0656.tlg001.sprengel1829:1.138	edition_of	urn:cts:greekLit:tlg0656.tlg001.wellmann1906:1.105@κολυμβάδες[1]-περιρρήττει[1]	proposed	276	335		κολυμβάδες ἐλαῖαι λεῖαι
urn:cts:greekLit:tlg0656.tlg001.sprengel1829:1.139	edition_of	urn:cts:greekLit:tlg0656.tlg001.wellmann1906:1.105.5@τὸ[1]-φανῇ[1]	proposed	335	376		τὸ δʼ ἐκ
urn:cts:greekLit:tlg0656.tlg001.sprengel1829:1.140	edition_of	urn:cts:greekLit:tlg0656.tlg001.wellmann1906:1.102	proposed				
urn:cts:greekLit:tlg0656.tlg001.sprengel1829:1.141	edition_of	urn:cts:greekLit:tlg0656.tlg001.wellmann1906:1.105.6	proposed	376	455		
urn:cts:greekLit:tlg0656.tlg001.sprengel1829:1.142	edition_of	urn:cts:greekLit:tlg0656.tlg001.wellmann1906:1.106.1@106[1]-γυναιξί[1]	proposed	0	44		106 δρῦς πᾶσα
urn:cts:greekLit:tlg0656.tlg001.sprengel1829:1.143	edition_of	urn:cts:greekLit:tlg0656.tlg001.wellmann1906:1.106@καὶ[6]-εἰσί[1]	proposed	44	107		καὶ αἱ βάλανοι
urn:cts:greekLit:tlg0656.tlg001.sprengel1829:1.144	edition_of	urn:cts:greekLit:tlg0656.tlg001.wellmann1906:1.106@καὶ[13]-κρατύνει[1]	proposed	107	155		καὶ ἡ φηγὸς
urn:cts:greekLit:tlg0656.tlg001.sprengel1829:1.145	edition_of	urn:cts:greekLit:tlg0656.tlg001.wellmann1906:1.106.3@αἱ[1]-ἁρμόζει[2]	proposed	155	196		αἱ δὲ Σαρδιαναὶ
urn:cts:greekLit:tlg0656.tlg001.sprengel1829:1.146	edition_of	urn:cts:greekLit:tlg0656.tlg001.wellmann1906:1.107	proposed				
urn:cts:greekLit:tlg0656.tlg001.sprengel1829:1.147	edition_of	urn:cts:greekLit:tlg0656.tlg001.wellmann1906:1.108	proposed				
urn:cts:greekLit:tlg0656.tlg001.sprengel1829:1.148	edition_of	urn:cts:greekLit:tlg0656.tlg001.wellmann1906:1.109@109[1]-ἰῶνται[1]	proposed	0	98		109 φοῖνιξ ἐν
urn:cts:greekLit:tlg0656.tlg001.sprengel1829:1.149	edition_of	urn:cts:greekLit:tlg0656.tlg001.wellmann1906:1.109@τῶν[2]-φοινίκων[2]	proposed	98	213		τῶν δὲ Θηβαικῶν
urn:cts:greekLit:tlg0656.tlg001.sprengel1829:1.150	edition_of	urn:cts:greekLit:tlg0656.tlg001.wellmann1906:1.109.4-1.109.5	proposed	213	367		
urn:cts:greekLit:tlg0656.tlg001.sprengel1829:1.151	edition_of	urn:cts:greekLit:tlg0656.tlg001.wellmann1906:1.110@110[1]-ὀξείας[2]	proposed	0	115		110 ῥόα πᾶσα
urn:cts:greekLit:tlg0656.tlg001.sprengel1829:1.152	edition_of	urn:cts:greekLit:tlg0656.tlg001.wellmann1906:1.110@τὰ[4]-ὑποκιστίς[1]	proposed	115	176		τὰ δὲ ἄνθη
urn:cts:greekLit:tlg0656.tlg001.sprengel1829:1.153	edition_of	urn:cts:greekLit:tlg0656.tlg001.wellmann1906:1.110.3@καὶ[1]-ἀποκτείνει[1]	proposed	176	210		καὶ τὰ λέπη
urn:cts:greekLit:tlg0656.tlg001.sprengel1829:1.154	edition_of	urn:cts:greekLit:tlg0656.tlg001.wellmann1906:1.111	proposed				
urn:cts:greekLit:tlg0656.tlg001.sprengel1829:1.155	edition_of	urn:cts:greekLit:tlg0656.tlg001.wellmann1906:1.112@112[1]-ἀδυνατεῖ[1]	proposed	0	302		112 μυρσίνη ἡ
urn:cts:greekLit:tlg0656.tlg001.sprengel1829:1.156	edition_of	urn:cts:greekLit:tlg0656.tlg001.wellmann1906:1.112.4@τὸ[1]-δεομένοις[1]	proposed	302	357		τὸ δὲ μυρτίδανον
urn:cts:greekLit:tlg0656.tlg001.sprengel1829:1.157	edition_of	urn:cts:greekLit:tlg0656.tlg001.wellmann1906:1.113	proposed				
urn:cts:greekLit:tlg0656.tlg001.sprengel1829:1.158	edition_of	urn:cts:greekLit:tlg0656.tlg001.wellmann1906:1.114	proposed				
urn:cts:greekLit:tlg0656.tlg001.sprengel1829:1.159	edition_of	urn:cts:greekLit:tlg0656.tlg001.wellmann1906:1.115.1@115[1]-ἐμπνευματοῦντα[1]	proposed	0	39		115 μηλέας πάσης
urn:cts:greekLit:tlg0656.tlg001.sprengel1829:1.160	edition_of	urn:cts:greekLit:tlg0656.tlg001.wellmann1906:1.115@τὰ[4]-πινόμενα[1]	proposed	39	239		τὰ δὲ κυδώνια
urn:cts:greekLit:tlg0656.tlg001.sprengel1829:1.161	edition_of	urn:cts:greekLit:tlg0656.tlg001.wellmann1906:1.115.3@τὰ[5]-γλυκύμηλα[1]	proposed	239	257		τὰ δὲ μελίμηλα
urn:cts:greekLit:tlg0656.tlg001.sprengel1829:1.162	edition_of	urn:cts:greekLit:tlg0656.tlg001.wellmann1906:1.115.4@τὰ[1]-ἐστίν[1]	proposed	257	274		τὰ δὲ Ἠπειρωτικὰ
urn:cts:greekLit:tlg0656.tlg001.sprengel1829:1.163	edition_of	urn:cts:greekLit:tlg0656.tlg001.wellmann1906:1.115.4@τὰ[2]-χρῆσθαι[1]	proposed	274	291		τὰ δὲ ἄγρ
urn:cts:greekLit:tlg0656.tlg001.sprengel1829:1.164	edition_of	urn:cts:greekLit:tlg0656.tlg001.wellmann1906:1.115.4@τὰ[4]-ἵστησιν[1]	proposed	291	321		τὰ δὲ Περσικ
urn:cts:greekLit:tlg0656.tlg001.sprengel1829:1.165	edition_of	urn:cts:greekLit:tlg0656.tlg001.wellmann1906:1.115.5@τὰ[1]-ἐστίν[1]	proposed	321	334		τὰ δὲ μικρότερα
urn:cts:greekLit:tlg0656.tlg001.sprengel1829:1.166	edition_of	urn:cts:greekLit:tlg0656.tlg001.wellmann1906:1.115.5@τὰ[2]-κιβωτίοις[1]	proposed	334	411		τὰ δὲ Μηδικὰ
urn:cts:greekLit:tlg0656.tlg001.sprengel1829:1.167	edition_of	urn:cts:greekLit:tlg0656.tlg001.wellmann1906:1.116@ἀπίου[1]-νήστεις[1]	proposed	0	30		ἀπίου δὲ πολλὰ
urn:cts:greekLit:tlg0656.tlg001.sprengel1829:1.168	edition_of	urn:cts:greekLit:tlg0656.tlg001.wellmann1906:1.116@ἡ[1]-γίνεσθαι[1]	proposed	30	82		ἡ δὲ ἀχρὰς
urn:cts:greekLit:tlg0656.tlg001.sprengel1829:1.169	edition_of	urn:cts:greekLit:tlg0656.tlg001.wellmann1906:1.118@μέσπιλον[1]-στεγνωτικός[1]	proposed	0	41		μέσπιλον τὸ δένδρον
urn:cts:greekLit:tlg0656.tlg001.sprengel1829:1.170	edition_of	urn:cts:greekLit:tlg0656.tlg001.wellmann1906:1.118@ἐστιν[2]-βραδέως[1]	proposed	37	80		ἐστιν εὐστόμαχος κοιλίας
urn:cts:greekLit:tlg0656.tlg001.sprengel1829:1.171	edition_of	urn:cts:greekLit:tlg0656.tlg001.wellmann1906:1.117	proposed				
urn:cts:greekLit:tlg0656.tlg001.sprengel1829:1.172	edition_of	urn:cts:greekLit:tlg0656.tlg001.wellmann1906:1.119	proposed				
urn:cts:greekLit:tlg0656.tlg001.sprengel1829:1.173	edition_of	urn:cts:greekLit:tlg0656.tlg001.wellmann1906:1.120	proposed				
urn:cts:greekLit:tlg0656.tlg001.sprengel1829:1.174	edition_of	urn:cts:greekLit:tlg0656.tlg001.wellmann1906:1.121	proposed				
urn:cts:greekLit:tlg0656.tlg001.sprengel1829:1.175	edition_of	urn:cts:greekLit:tlg0656.tlg001.wellmann1906:1.122	proposed				
urn:cts:greekLit:tlg0656.tlg001.sprengel1829:1.176	edition_of	urn:cts:greekLit:tlg0656.tlg001.wellmann1906:1.123	proposed				
urn:cts:greekLit:tlg0656.tlg001.sprengel1829:1.177	edition_of	urn:cts:greekLit:tlg0656.tlg001.wellmann1906:1.124	proposed				
urn:cts:greekLit:tlg0656.tlg001.sprengel1829:1.178	edition_of	urn:cts:greekLit:tlg0656.tlg001.wellmann1906:1.125.1-1.125.2	proposed	0	151		
urn:cts:greekLit:tlg0656.tlg001.sprengel1829:1.179	edition_of	urn:cts:greekLit:tlg0656.tlg001.wellmann1906:1.125.3	proposed	151	214		
urn:cts:greekLit:tlg0656.tlg001.sprengel1829:1.180	edition_of	urn:cts:greekLit:tlg0656.tlg001.wellmann1906:1.126	proposed				
urn:cts:greekLit:tlg0656.tlg001.sprengel1829:1.181	edition_of	urn:cts:greekLit:tlg0656.tlg001.wellmann1906:1.127@127[1]-ὁ[4]	proposed	0	165		127 συκόμορον ἔνιοι
urn:cts:greekLit:tlg0656.tlg001.sprengel1829:1.182	edition_of	urn:cts:greekLit:tlg0656.tlg001.wellmann1906:1.127.3@γίνεται[1]-προειρημένοις[1]	proposed	166	197		γίνεται δὲ καὶ
urn:cts:greekLit:tlg0656.tlg001.sprengel1829:1.183	edition_of	urn:cts:greekLit:tlg0656.tlg001.wellmann1906:1.128@128[1]-σαρκός[1]	proposed	0	307		128 σῦκα πέπειρα
urn:cts:greekLit:tlg0656.tlg001.sprengel1829:1.184	edition_of	urn:cts:greekLit:tlg0656.tlg001.wellmann1906:1.128@τὰ[6]-παρασκευάζουσιν[1]	proposed	307	375		τὰ αὐτὰ δὲ
urn:cts:greekLit:tlg0656.tlg001.sprengel1829:1.185	edition_of	urn:cts:greekLit:tlg0656.tlg001.wellmann1906:1.128@οἱ[1]-ἁρμόζουσι[1]	proposed	375	482		οἱ δὲ ὄλυ
urn:cts:greekLit:tlg0656.tlg001.sprengel1829:1.186	edition_of	urn:cts:greekLit:tlg0656.tlg001.wellmann1906:1.128@γίνεται[1]-πάσαι[1]	proposed	482	622		γίνεται δὲ καὶ
urn:cts:greekLit:tlg0656.tlg001.sprengel1829:1.187	edition_of	urn:cts:greekLit:tlg0656.tlg001.wellmann1906:1.129	proposed				
urn:cts:greekLit:tlg0656.tlg001.sprengel1829:2.praef	edition_of	urn:cts:greekLit:tlg0656.tlg001.wellmann1906:2.arg	proposed				
urn:cts:greekLit:tlg0656.tlg001.sprengel1829:2.1	edition_of	urn:cts:greekLit:tlg0656.tlg001.wellmann1906:2.1	proposed				
urn:cts:greekLit:tlg0656.tlg001.sprengel1829:2.2	edition_of	urn:cts:greekLit:tlg0656.tlg001.wellmann1906:2.2	proposed				
urn:cts:greekLit:tlg0656.tlg001.sprengel1829:2.3	edition_of	urn:cts:greekLit:tlg0656.tlg001.wellmann1906:2.3	proposed				
urn:cts:greekLit:tlg0656.tlg001.sprengel1829:2.4@Πορφύρα[1]-ἀπουλωτικήν[1]	edition_of	urn:cts:greekLit:tlg0656.tlg001.wellmann1906:2.4.1@4[1]-ἀπουλωτικήν[1]	proposed	0	15	Πορφύρα καεῖσα δύναμινἔχει	4 πορφύρα καεῖσα
urn:cts:greekLit:tlg0656.tlg001.sprengel1829:2.5	edition_of	urn:cts:greekLit:tlg0656.tlg001.wellmann1906:2.4@τὰ[1]-132[1]	proposed	15	71		τὰ δὲ αὐτὰ
urn:cts:greekLit:tlg0656.tlg001.sprengel1829:2.6	edition_of	urn:cts:greekLit:tlg0656.tlg001.wellmann1906:2.4.2@κιόνια[1]-μαλάσσουσιν[1]	proposed	71	117		κιόνια δὲ καλεῖται
urn:cts:greekLit:tlg0656.tlg001.sprengel1829:2.7	edition_of	urn:cts:greekLit:tlg0656.tlg001.wellmann1906:2.5	proposed				
urn:cts:greekLit:tlg0656.tlg001.sprengel1829:2.8	edition_of	urn:cts:greekLit:tlg0656.tlg001.wellmann1906:2.6@τελλῖναι[1]-φυῆναι[1]	proposed	0	29		τελλῖναι νεαραὶ εὐκοίλιοι
urn:cts:greekLit:tlg0656.tlg001.sprengel1829:2.9	edition_of	urn:cts:greekLit:tlg0656.tlg001.wellmann1906:2.6@καὶ[3]-οἴνου[1]	proposed	29	51		καὶ ὁ ἐκ
urn:cts:greekLit:tlg0656.tlg001.sprengel1829:2.10	edition_of	urn:cts:greekLit:tlg0656.tlg001.wellmann1906:2.8	proposed				
urn:cts:greekLit:tlg0656.tlg001.sprengel1829:2.11	edition_of	urn:cts:greekLit:tlg0656.tlg001.wellmann1906:2.9	proposed				
urn:cts:greekLit:tlg0656.tlg001.sprengel1829:2.12	edition_of	urn:cts:greekLit:tlg0656.tlg001.wellmann1906:2.10	proposed				
urn:cts:greekLit:tlg0656.tlg001.sprengel1829:2.13	edition_of	urn:cts:greekLit:tlg0656.tlg001.wellmann1906:2.11	proposed				
urn:cts:greekLit:tlg0656.tlg001.sprengel1829:2.14	edition_of	urn:cts:greekLit:tlg0656.tlg001.wellmann1906:2.12	proposed				
urn:cts:greekLit:tlg0656.tlg001.sprengel1829:2.15	edition_of	urn:cts:greekLit:tlg0656.tlg001.wellmann1906:2.13	proposed				
urn:cts:greekLit:tlg0656.tlg001.sprengel1829:2.16	edition_of	urn:cts:greekLit:tlg0656.tlg001.wellmann1906:2.14	proposed				
urn:cts:greekLit:tlg0656.tlg001.sprengel1829:2.17	edition_of	urn:cts:greekLit:tlg0656.tlg001.wellmann1906:2.15	proposed				
urn:cts:greekLit:tlg0656.tlg001.sprengel1829:2.18	edition_of	urn:cts:greekLit:tlg0656.tlg001.wellmann1906:2.16	proposed				
urn:cts:greekLit:tlg0656.tlg001.sprengel1829:2.19	edition_of	urn:cts:greekLit:tlg0656.tlg001.wellmann1906:2.17	proposed				
urn:cts:greekLit:tlg0656.tlg001.sprengel1829:2.20	edition_of	urn:cts:greekLit:tlg0656.tlg001.wellmann1906:2.18	proposed				
urn:cts:greekLit:tlg0656.tlg001.sprengel1829:2.21	edition_of	urn:cts:greekLit:tlg0656.tlg001.wellmann1906:2.19	proposed				
urn:cts:greekLit:tlg0656.tlg001.sprengel1829:2.22	edition_of	urn:cts:greekLit:tlg0656.tlg001.wellmann1906:2.20	proposed				
urn:cts:greekLit:tlg0656.tlg001.sprengel1829:2.23	edition_of	urn:cts:greekLit:tlg0656.tlg001.wellmann1906:2.21	proposed				
urn:cts:greekLit:tlg0656.tlg001.sprengel1829:2.24	edition_of	urn:cts:greekLit:tlg0656.tlg001.wellmann1906:2.22	proposed				
urn:cts:greekLit:tlg0656.tlg001.sprengel1829:2.25	edition_of	urn:cts:greekLit:tlg0656.tlg001.wellmann1906:2.23	proposed				
urn:cts:greekLit:tlg0656.tlg001.sprengel1829:2.26	edition_of	urn:cts:greekLit:tlg0656.tlg001.wellmann1906:2.24	proposed				
urn:cts:greekLit:tlg0656.tlg001.sprengel1829:2.27	edition_of	urn:cts:greekLit:tlg0656.tlg001.wellmann1906:2.25	proposed				
urn:cts:greekLit:tlg0656.tlg001.sprengel1829:2.28	edition_of	urn:cts:greekLit:tlg0656.tlg001.wellmann1906:2.26	proposed				
urn:cts:greekLit:tlg0656.tlg001.sprengel1829:2.29	edition_of	urn:cts:greekLit:tlg0656.tlg001.wellmann1906:2.27	proposed				
urn:cts:greekLit:tlg0656.tlg001.sprengel1829:2.30	edition_of	urn:cts:greekLit:tlg0656.tlg001.wellmann1906:2.28	proposed				
urn:cts:greekLit:tlg0656.tlg001.sprengel1829:2.31	edition_of	urn:cts:greekLit:tlg0656.tlg001.wellmann1906:2.29	proposed				
urn:cts:greekLit:tlg0656.tlg001.sprengel1829:2.32	edition_of	urn:cts:greekLit:tlg0656.tlg001.wellmann1906:2.30	proposed				
urn:cts:greekLit:tlg0656.tlg001.sprengel1829:2.33	edition_of	urn:cts:greekLit:tlg0656.tlg001.wellmann1906:2.31	proposed				
urn:cts:greekLit:tlg0656.tlg001.sprengel1829:2.34	edition_of	urn:cts:greekLit:tlg0656.tlg001.wellmann1906:2.32	proposed				
urn:cts:greekLit:tlg0656.tlg001.sprengel1829:2.35	edition_of	urn:cts:greekLit:tlg0656.tlg001.wellmann1906:2.33	proposed				
urn:cts:greekLit:tlg0656.tlg001.sprengel1829:2.36	edition_of	urn:cts:greekLit:tlg0656.tlg001.wellmann1906:2.34	proposed				
urn:cts:greekLit:tlg0656.tlg001.sprengel1829:2.37	edition_of	urn:cts:greekLit:tlg0656.tlg001.wellmann1906:2.35	proposed				
urn:cts:greekLit:tlg0656.tlg001.sprengel1829:2.38	edition_of	urn:cts:greekLit:tlg0656.tlg001.wellmann1906:2.36	proposed				
urn:cts:greekLit:tlg0656.tlg001.sprengel1829:2.39	edition_of	urn:cts:greekLit:tlg0656.tlg001.wellmann1906:2.37	proposed				
urn:cts:greekLit:tlg0656.tlg001.sprengel1829:2.40	edition_of	urn:cts:greekLit:tlg0656.tlg001.wellmann1906:2.38	proposed				
urn:cts:greekLit:tlg0656.tlg001.sprengel1829:2.41	edition_of	urn:cts:greekLit:tlg0656.tlg001.wellmann1906:2.39	proposed				
urn:cts:greekLit:tlg0656.tlg001.sprengel1829:2.42	edition_of	urn:cts:greekLit:tlg0656.tlg001.wellmann1906:2.40	proposed				
urn:cts:greekLit:tlg0656.tlg001.sprengel1829:2.43	edition_of	urn:cts:greekLit:tlg0656.tlg001.wellmann1906:2.41	proposed				
urn:cts:greekLit:tlg0656.tlg001.sprengel1829:2.44	edition_of	urn:cts:greekLit:tlg0656.tlg001.wellmann1906:2.42	proposed				
urn:cts:greekLit:tlg0656.tlg001.sprengel1829:2.45	edition_of	urn:cts:greekLit:tlg0656.tlg001.wellmann1906:2.43	proposed				
urn:cts:greekLit:tlg0656.tlg001.sprengel1829:2.46	edition_of	urn:cts:greekLit:tlg0656.tlg001.wellmann1906:2.44	proposed				
urn:cts:greekLit:tlg0656.tlg001.sprengel1829:2.47	edition_of	urn:cts:greekLit:tlg0656.tlg001.wellmann1906:2.45	proposed				
urn:cts:greekLit:tlg0656.tlg001.sprengel1829:2.48	edition_of	urn:cts:greekLit:tlg0656.tlg001.wellmann1906:2.46	proposed				
urn:cts:greekLit:tlg0656.tlg001.sprengel1829:2.49	edition_of	urn:cts:greekLit:tlg0656.tlg001.wellmann1906:2.47	proposed				
urn:cts:greekLit:tlg0656.tlg001.sprengel1829:2.50	edition_of	urn:cts:greekLit:tlg0656.tlg001.wellmann1906:2.55	proposed				
urn:cts:greekLit:tlg0656.tlg001.sprengel1829:2.51	edition_of	urn:cts:greekLit:tlg0656.tlg001.wellmann1906:2.48	proposed				
urn:cts:greekLit:tlg0656.tlg001.sprengel1829:2.52	edition_of	urn:cts:greekLit:tlg0656.tlg001.wellmann1906:2.49.1@49[1]-καὶ[2]	proposed	0	17		49 ἀλεκτορίδες ἀνασχισθεῖσαι
urn:cts:greekLit:tlg0656.tlg001.sprengel1829:2.53	edition_of	urn:cts:greekLit:tlg0656.tlg001.wellmann1906:2.49@καὶ[2]-στόμαχον[2]	proposed	16	131		καὶ ὁ ἐγκέφαλος
urn:cts:greekLit:tlg0656.tlg001.sprengel1829:2.54	edition_of	urn:cts:greekLit:tlg0656.tlg001.wellmann1906:2.50@ᾠὸν[1]-προσενεχθεῖσα[1]	proposed	0	49		ᾠὸν τὸ ἁπαλὸν
urn:cts:greekLit:tlg0656.tlg001.sprengel1829:2.55	edition_of	urn:cts:greekLit:tlg0656.tlg001.wellmann1906:2.50@τὸ[3]-ἁρμόζει[1]	proposed	49	122		τὸ δὲ λευκὸν
urn:cts:greekLit:tlg0656.tlg001.sprengel1829:2.56	edition_of	urn:cts:greekLit:tlg0656.tlg001.wellmann1906:2.51	proposed				
urn:cts:greekLit:tlg0656.tlg001.sprengel1829:2.57	edition_of	urn:cts:greekLit:tlg0656.tlg001.wellmann1906:2.52	proposed				
urn:cts:greekLit:tlg0656.tlg001.sprengel1829:2.58	edition_of	urn:cts:greekLit:tlg0656.tlg001.wellmann1906:2.53	proposed				
urn:cts:greekLit:tlg0656.tlg001.sprengel1829:2.59	edition_of	urn:cts:greekLit:tlg0656.tlg001.wellmann1906:2.54	proposed				
urn:cts:greekLit:tlg0656.tlg001.sprengel1829:2.60	edition_of	urn:cts:greekLit:tlg0656.tlg001.wellmann1906:2.56	proposed				
urn:cts:greekLit:tlg0656.tlg001.sprengel1829:2.61	edition_of	urn:cts:greekLit:tlg0656.tlg001.wellmann1906:2.57	proposed				
urn:cts:greekLit:tlg0656.tlg001.sprengel1829:2.62	edition_of	urn:cts:greekLit:tlg0656.tlg001.wellmann1906:2.58	proposed				
urn:cts:greekLit:tlg0656.tlg001.sprengel1829:2.63	edition_of	urn:cts:greekLit:tlg0656.tlg001.wellmann1906:2.59	proposed				
urn:cts:greekLit:tlg0656.tlg001.sprengel1829:2.64	edition_of	urn:cts:greekLit:tlg0656.tlg001.wellmann1906:2.60	proposed				
urn:cts:greekLit:tlg0656.tlg001.sprengel1829:2.65	edition_of	urn:cts:greekLit:tlg0656.tlg001.wellmann1906:2.61.1@61[1]-μονοχρώματοι[1]	proposed	0	61		61 κανθαρίδες εἰς
urn:cts:greekLit:tlg0656.tlg001.sprengel1829:2.66	edition_of	urn:cts:greekLit:tlg0656.tlg001.wellmann1906:2.61@ὡσαύτως[1]-ἀνέγραψαν[1]	proposed	61	139		ὡσαύτως δὲ ἀποτίθενται
urn:cts:greekLit:tlg0656.tlg001.sprengel1829:2.67	edition_of	urn:cts:greekLit:tlg0656.tlg001.wellmann1906:2.62	proposed				
urn:cts:greekLit:tlg0656.tlg001.sprengel1829:2.68	edition_of	urn:cts:greekLit:tlg0656.tlg001.wellmann1906:2.63	proposed				
urn:cts:greekLit:tlg0656.tlg001.sprengel1829:2.69	edition_of	urn:cts:greekLit:tlg0656.tlg001.wellmann1906:2.64	proposed				
urn:cts:greekLit:tlg0656.tlg001.sprengel1829:2.70	edition_of	urn:cts:greekLit:tlg0656.tlg001.wellmann1906:2.65	proposed				
urn:cts:greekLit:tlg0656.tlg001.sprengel1829:2.71	edition_of	urn:cts:greekLit:tlg0656.tlg001.wellmann1906:2.66	proposed				
urn:cts:greekLit:tlg0656.tlg001.sprengel1829:2.72	edition_of	urn:cts:greekLit:tlg0656.tlg001.wellmann1906:2.67	proposed				
urn:cts:greekLit:tlg0656.tlg001.sprengel1829:2.73	edition_of	urn:cts:greekLit:tlg0656.tlg001.wellmann1906:2.68	proposed				
urn:cts:greekLit:tlg0656.tlg001.sprengel1829:2.74	edition_of	urn:cts:greekLit:tlg0656.tlg001.wellmann1906:2.69	proposed				
urn:cts:greekLit:tlg0656.tlg001.sprengel1829:2.75	edition_of	urn:cts:greekLit:tlg0656.tlg001.wellmann1906:2.70@70[1]-ὠφελεῖ[1]	proposed	0	214		70 γάλα κοινῶς
urn:cts:greekLit:tlg0656.tlg001.sprengel1829:2.76	edition_of	urn:cts:greekLit:tlg0656.tlg001.wellmann1906:2.70.3@ἔχει[1]-σῶμα[1]	proposed	214	247		ἔχει δὲ πᾶν
urn:cts:greekLit:tlg0656.tlg001.sprengel1829:2.77	edition_of	urn:cts:greekLit:tlg0656.tlg001.wellmann1906:2.70.4-2.70.5	proposed	247	427		
urn:cts:greekLit:tlg0656.tlg001.sprengel1829:2.78	edition_of	urn:cts:greekLit:tlg0656.tlg001.wellmann1906:2.70.6	proposed	427	513		
urn:cts:greekLit:tlg0656.tlg001.sprengel1829:2.79	edition_of	urn:cts:greekLit:tlg0656.tlg001.wellmann1906:2.71@τυρὸς[1]-τροφιμώτατος[1]	proposed	0	67		τυρὸς νεαρὸς δίχα
urn:cts:greekLit:tlg0656.tlg001.sprengel1829:2.80	edition_of	urn:cts:greekLit:tlg0656.tlg001.wellmann1906:2.71@ἡ[1]-πιτύαν[1]	proposed	67	87		ἡ δὲ καλουμένη
urn:cts:greekLit:tlg0656.tlg001.sprengel1829:2.81	edition_of	urn:cts:greekLit:tlg0656.tlg001.wellmann1906:2.72	proposed				
urn:cts:greekLit:tlg0656.tlg001.sprengel1829:2.82	edition_of	urn:cts:greekLit:tlg0656.tlg001.wellmann1906:2.73.1@73[1]-ῥοδίνῳ[1]	proposed	0	55		73 ἔρια οἰσυπηρὰ
urn:cts:greekLit:tlg0656.tlg001.sprengel1829:2.83	edition_of	urn:cts:greekLit:tlg0656.tlg001.wellmann1906:2.73@τὰ[3]-στύφῃ[1]	proposed	55	196		τὰ δὲ κεκαυμένα
urn:cts:greekLit:tlg0656.tlg001.sprengel1829:2.84	edition_of	urn:cts:greekLit:tlg0656.tlg001.wellmann1906:2.74	proposed				
urn:cts:greekLit:tlg0656.tlg001.sprengel1829:2.85	edition_of	urn:cts:greekLit:tlg0656.tlg001.wellmann1906:2.75	proposed				
urn:cts:greekLit:tlg0656.tlg001.sprengel1829:2.86	edition_of	urn:cts:greekLit:tlg0656.tlg001.wellmann1906:2.76@76[1]-δὲ[7]	proposed	0	135		76 στέαρ πρὸς
urn:cts:greekLit:tlg0656.tlg001.sprengel1829:2.87	edition_of	urn:cts:greekLit:tlg0656.tlg001.wellmann1906:2.76@καὶ[9]-τόπον[2]	proposed	135	265		καὶ ἄρκειον θεραπεύεται
urn:cts:greekLit:tlg0656.tlg001.sprengel1829:2.88	edition_of	urn:cts:greekLit:tlg0656.tlg001.wellmann1906:2.76@τράγειον[1]-ὑείου[2]	proposed	265	369		τράγειον δὲ καὶ
urn:cts:greekLit:tlg0656.tlg001.sprengel1829:2.89	edition_of	urn:cts:greekLit:tlg0656.tlg001.wellmann1906:2.76@καὶ[29]-ἀποβάλῃ[2]	proposed	369	455		καὶ τοῦ βοείου
urn:cts:greekLit:tlg0656.tlg001.sprengel1829:2.90	edition_of	urn:cts:greekLit:tlg0656.tlg001.wellmann1906:2.76@τὸ[15]-ὅμοια[1]	proposed	455	600		τὸ δὲ ταύρειον
urn:cts:greekLit:tlg0656.tlg001.sprengel1829:2.91	edition_of	urn:cts:greekLit:tlg0656.tlg001.wellmann1906:2.76@ἀρωματιστέον[1]-σαμψουχίζεται[1]	proposed	600	1145		ἀρωματιστέον δὲ στέαρ
urn:cts:greekLit:tlg0656.tlg001.sprengel1829:2.92	edition_of	urn:cts:greekLit:tlg0656.tlg001.wellmann1906:2.76@δὲ[45]-τόπῳ[2]	proposed	1145	1264		δὲ στέαρ οὕτως
urn:cts:greekLit:tlg0656.tlg001.sprengel1829:2.93	edition_of	urn:cts:greekLit:tlg0656.tlg001.wellmann1906:2.76.16	proposed	1264	1329		
urn:cts:greekLit:tlg0656.tlg001.sprengel1829:2.94	edition_of	urn:cts:greekLit:tlg0656.tlg001.wellmann1906:2.76.17-2.76.19	proposed	1329	1546		
urn:cts:greekLit:tlg0656.tlg001.sprengel1829:2.95	edition_of	urn:cts:greekLit:tlg0656.tlg001.wellmann1906:2.77	proposed				
urn:cts:greekLit:tlg0656.tlg001.sprengel1829:2.96	edition_of	urn:cts:greekLit:tlg0656.tlg001.wellmann1906:2.78	proposed				
urn:cts:greekLit:tlg0656.tlg001.sprengel1829:2.97	edition_of	urn:cts:greekLit:tlg0656.tlg001.wellmann1906:2.79	proposed				
urn:cts:greekLit:tlg0656.tlg001.sprengel1829:2.98	edition_of	urn:cts:greekLit:tlg0656.tlg001.wellmann1906:2.80	proposed				
urn:cts:greekLit:tlg0656.tlg001.sprengel1829:2.99	edition_of	urn:cts:greekLit:tlg0656.tlg001.wellmann1906:2.81@81[1]-ἐνσταζόμενον[1]	proposed	0	195		81 οὖρον ἀνθρώπου
urn:cts:greekLit:tlg0656.tlg001.sprengel1829:2.100	edition_of	urn:cts:greekLit:tlg0656.tlg001.wellmann1906:2.81.3@τὸ[1]-ὑγιάζειν[1]	proposed	195	238		τὸ δὲ τῆς
urn:cts:greekLit:tlg0656.tlg001.sprengel1829:2.101	edition_of	urn:cts:greekLit:tlg0656.tlg001.wellmann1906:2.82@82[1]-θερινόν[1]	proposed	0	182		82 μέλι πρωτεύει
urn:cts:greekLit:tlg0656.tlg001.sprengel1829:2.102	edition_of	urn:cts:greekLit:tlg0656.tlg001.wellmann1906:2.82@τὸ[9]-καταχρισθέν[1]	proposed	182	213		τὸ δὲ χειμερινὸν
urn:cts:greekLit:tlg0656.tlg001.sprengel1829:2.103	edition_of	urn:cts:greekLit:tlg0656.tlg001.wellmann1906:2.82@γεννᾶται[1]-αἴρει[1]	proposed	213	269		γεννᾶται δὲ ταὶ
urn:cts:greekLit:tlg0656.tlg001.sprengel1829:2.104	edition_of	urn:cts:greekLit:tlg0656.tlg001.wellmann1906:2.82.5@καλεῖται[1]-ἐγχριόμενον[1]	proposed	269	321		καλεῖται δέ τι
urn:cts:greekLit:tlg0656.tlg001.sprengel1829:2.105	edition_of	urn:cts:greekLit:tlg0656.tlg001.wellmann1906:2.83	proposed				
urn:cts:greekLit:tlg0656.tlg001.sprengel1829:2.106	edition_of	urn:cts:greekLit:tlg0656.tlg001.wellmann1906:2.84	proposed				
urn:cts:greekLit:tlg0656.tlg001.sprengel1829:2.107	edition_of	urn:cts:greekLit:tlg0656.tlg001.wellmann1906:2.85	proposed				
urn:cts:greekLit:tlg0656.tlg001.sprengel1829:2.108	edition_of	urn:cts:greekLit:tlg0656.tlg001.wellmann1906:2.86	proposed				
urn:cts:greekLit:tlg0656.tlg001.sprengel1829:2.109	edition_of	urn:cts:greekLit:tlg0656.tlg001.wellmann1906:2.87	proposed				
urn:cts:greekLit:tlg0656.tlg001.sprengel1829:2.110	edition_of	urn:cts:greekLit:tlg0656.tlg001.wellmann1906:2.88	proposed				
urn:cts:greekLit:tlg0656.tlg001.sprengel1829:2.111	edition_of	urn:cts:greekLit:tlg0656.tlg001.wellmann1906:2.89	proposed				
urn:cts:greekLit:tlg0656.tlg001.sprengel1829:2.112	edition_of	urn:cts:greekLit:tlg0656.tlg001.wellmann1906:2.90	proposed				
urn:cts:greekLit:tlg0656.tlg001.sprengel1829:2.113	edition_of	urn:cts:greekLit:tlg0656.tlg001.wellmann1906:2.91	proposed				
urn:cts:greekLit:tlg0656.tlg001.sprengel1829:2.114	edition_of	urn:cts:greekLit:tlg0656.tlg001.wellmann1906:2.92	proposed				
urn:cts:greekLit:tlg0656.tlg001.sprengel1829:2.115	edition_of	urn:cts:greekLit:tlg0656.tlg001.wellmann1906:2.93	proposed				
urn:cts:greekLit:tlg0656.tlg001.sprengel1829:2.116	edition_of	urn:cts:greekLit:tlg0656.tlg001.wellmann1906:2.94	proposed				
urn:cts:greekLit:tlg0656.tlg001.sprengel1829:2.117	edition_of	urn:cts:greekLit:tlg0656.tlg001.wellmann1906:2.95	proposed				
urn:cts:greekLit:tlg0656.tlg001.sprengel1829:2.118	edition_of	urn:cts:greekLit:tlg0656.tlg001.wellmann1906:2.96	proposed				
urn:cts:greekLit:tlg0656.tlg001.sprengel1829:2.119	edition_of	urn:cts:greekLit:tlg0656.tlg001.wellmann1906:2.97	proposed				
urn:cts:greekLit:tlg0656.tlg001.sprengel1829:2.120	edition_of	urn:cts:greekLit:tlg0656.tlg001.wellmann1906:2.98	proposed				
urn:cts:greekLit:tlg0656.tlg001.sprengel1829:2.121	edition_of	urn:cts:greekLit:tlg0656.tlg001.wellmann1906:2.99	proposed				
urn:cts:greekLit:tlg0656.tlg001.sprengel1829:2.122	edition_of	urn:cts:greekLit:tlg0656.tlg001.wellmann1906:2.100	proposed				
urn:cts:greekLit:tlg0656.tlg001.sprengel1829:2.123	edition_of	urn:cts:greekLit:tlg0656.tlg001.wellmann1906:2.101	proposed				
urn:cts:greekLit:tlg0656.tlg001.sprengel1829:2.124	edition_of	urn:cts:greekLit:tlg0656.tlg001.wellmann1906:2.102	proposed				
urn:cts:greekLit:tlg0656.tlg001.sprengel1829:2.125	edition_of	urn:cts:greekLit:tlg0656.tlg001.wellmann1906:2.103	proposed				
urn:cts:greekLit:tlg0656.tlg001.sprengel1829:2.126	edition_of	urn:cts:greekLit:tlg0656.tlg001.wellmann1906:2.104	proposed				
urn:cts:greekLit:tlg0656.tlg001.sprengel1829:2.127	edition_of	urn:cts:greekLit:tlg0656.tlg001.wellmann1906:2.105	proposed				
urn:cts:greekLit:tlg0656.tlg001.sprengel1829:2.128	edition_of	urn:cts:greekLit:tlg0656.tlg001.wellmann1906:2.106	proposed				
urn:cts:greekLit:tlg0656.tlg001.sprengel1829:2.129	edition_of	urn:cts:greekLit:tlg0656.tlg001.wellmann1906:2.107	proposed				
urn:cts:greekLit:tlg0656.tlg001.sprengel1829:2.131	edition_of	urn:cts:greekLit:tlg0656.tlg001.wellmann1906:2.108	proposed				
urn:cts:greekLit:tlg0656.tlg001.sprengel1829:2.132	edition_of	urn:cts:greekLit:tlg0656.tlg001.wellmann1906:2.109@109[1]-ἰῶνται[2]	proposed	0	147		109 θέρμος ὁ
urn:cts:greekLit:tlg0656.tlg001.sprengel1829:2.133	edition_of	urn:cts:greekLit:tlg0656.tlg001.wellmann1906:2.109.2@γίνεται[1]-ἥμερος[1]	proposed	147	164		γίνεται δὲ καὶ
urn:cts:greekLit:tlg0656.tlg001.sprengel1829:2.134	edition_of	urn:cts:greekLit:tlg0656.tlg001.wellmann1906:2.110.1	proposed	0	84		
urn:cts:greekLit:tlg0656.tlg001.sprengel1829:2.135	edition_of	urn:cts:greekLit:tlg0656.tlg001.wellmann1906:2.110.2	proposed	84	151		
urn:cts:greekLit:tlg0656.tlg001.sprengel1829:2.136	edition_of	urn:cts:greekLit:tlg0656.tlg001.wellmann1906:2.111	proposed				
urn:cts:greekLit:tlg0656.tlg001.sprengel1829:2.137	edition_of	urn:cts:greekLit:tlg0656.tlg001.wellmann1906:2.112@112[1]-δὲ[12]	proposed	0	136		112 ῥαφανὶς καὶ
urn:cts:greekLit:tlg0656.tlg001.sprengel1829:2.138	edition_of	urn:cts:greekLit:tlg0656.tlg001.wellmann1906:2.112.2@ἀγρία[1]-καυματώδης[1]	proposed	136	172		ἀγρία ῥαφανίς ἣν
urn:cts:greekLit:tlg0656.tlg001.sprengel1829:2.139	edition_of	urn:cts:greekLit:tlg0656.tlg001.wellmann1906:2.113	proposed				
urn:cts:greekLit:tlg0656.tlg001.sprengel1829:2.140	edition_of	urn:cts:greekLit:tlg0656.tlg001.wellmann1906:2.114	proposed				
urn:cts:greekLit:tlg0656.tlg001.sprengel1829:2.141	edition_of	urn:cts:greekLit:tlg0656.tlg001.wellmann1906:2.115	proposed				
urn:cts:greekLit:tlg0656.tlg001.sprengel1829:2.142	edition_of	urn:cts:greekLit:tlg0656.tlg001.wellmann1906:2.116	proposed				
urn:cts:greekLit:tlg0656.tlg001.sprengel1829:2.143	edition_of	urn:cts:greekLit:tlg0656.tlg001.wellmann1906:2.117	proposed				
urn:cts:greekLit:tlg0656.tlg001.sprengel1829:2.144	edition_of	urn:cts:greekLit:tlg0656.tlg001.wellmann1906:2.118	proposed				
urn:cts:greekLit:tlg0656.tlg001.sprengel1829:2.145	edition_of	urn:cts:greekLit:tlg0656.tlg001.wellmann1906:2.119	proposed				
urn:cts:greekLit:tlg0656.tlg001.sprengel1829:2.146	edition_of	urn:cts:greekLit:tlg0656.tlg001.wellmann1906:2.120	proposed				
urn:cts:greekLit:tlg0656.tlg001.sprengel1829:2.147	edition_of	urn:cts:greekLit:tlg0656.tlg001.wellmann1906:2.121	proposed				
urn:cts:greekLit:tlg0656.tlg001.sprengel1829:2.148	edition_of	urn:cts:greekLit:tlg0656.tlg001.wellmann1906:2.122	proposed				
urn:cts:greekLit:tlg0656.tlg001.sprengel1829:2.149	edition_of	urn:cts:greekLit:tlg0656.tlg001.wellmann1906:2.123	proposed				
urn:cts:greekLit:tlg0656.tlg001.sprengel1829:2.150	edition_of	urn:cts:greekLit:tlg0656.tlg001.wellmann1906:2.124	proposed				
urn:cts:greekLit:tlg0656.tlg001.sprengel1829:2.151	edition_of	urn:cts:greekLit:tlg0656.tlg001.wellmann1906:2.125	proposed				
urn:cts:greekLit:tlg0656.tlg001.sprengel1829:2.152	edition_of	urn:cts:greekLit:tlg0656.tlg001.wellmann1906:2.126	proposed				
urn:cts:greekLit:tlg0656.tlg001.sprengel1829:2.153	edition_of	urn:cts:greekLit:tlg0656.tlg001.wellmann1906:2.127	proposed				
urn:cts:greekLit:tlg0656.tlg001.sprengel1829:2.154	edition_of	urn:cts:greekLit:tlg0656.tlg001.wellmann1906:3.41	proposed				
urn:cts:greekLit:tlg0656.tlg001.sprengel1829:2.155	edition_of	urn:cts:greekLit:tlg0656.tlg001.wellmann1906:2.128	proposed				
urn:cts:greekLit:tlg0656.tlg001.sprengel1829:2.156	edition_of	urn:cts:greekLit:tlg0656.tlg001.wellmann1906:2.129	proposed				
urn:cts:greekLit:tlg0656.tlg001.sprengel1829:2.157	edition_of	urn:cts:greekLit:tlg0656.tlg001.wellmann1906:2.130	proposed				
urn:cts:greekLit:tlg0656.tlg001.sprengel1829:2.158	edition_of	urn:cts:greekLit:tlg0656.tlg001.wellmann1906:2.131	proposed				
urn:cts:greekLit:tlg0656.tlg001.sprengel1829:2.159	edition_of	urn:cts:greekLit:tlg0656.tlg001.wellmann1906:2.132	proposed				
urn:cts:greekLit:tlg0656.tlg001.sprengel1829:2.160	edition_of	urn:cts:greekLit:tlg0656.tlg001.wellmann1906:2.133	proposed				
urn:cts:greekLit:tlg0656.tlg001.sprengel1829:2.161	edition_of	urn:cts:greekLit:tlg0656.tlg001.wellmann1906:2.134	proposed				
urn:cts:greekLit:tlg0656.tlg001.sprengel1829:2.162	edition_of	urn:cts:greekLit:tlg0656.tlg001.wellmann1906:2.135.1@135[1]-ἐπινυκτίδας[1]	proposed	0	44		135 σίκυς ἥμερος
urn:cts:greekLit:tlg0656.tlg001.sprengel1829:2.163	edition_of	urn:cts:greekLit:tlg0656.tlg001.wellmann1906:2.135@ἡ[1]-μέλιτος[1]	proposed	44	126		ἡ δὲ τοῦ
urn:cts:greekLit:tlg0656.tlg001.sprengel1829:2.164	edition_of	urn:cts:greekLit:tlg0656.tlg001.wellmann1906:2.136@136[1]-θρίδακος[1]	proposed	0	58		136 θρ ίδαξ
urn:cts:greekLit:tlg0656.tlg001.sprengel1829:2.165	edition_of	urn:cts:greekLit:tlg0656.tlg001.wellmann1906:2.136@ἡ[1]-χυλίσματα[1]	proposed	58	172		ἡ δὲ ἀγρία
urn:cts:greekLit:tlg0656.tlg001.sprengel1829:2.166	edition_of	urn:cts:greekLit:tlg0656.tlg001.wellmann1906:2.137	proposed				
urn:cts:greekLit:tlg0656.tlg001.sprengel1829:2.167	edition_of	urn:cts:greekLit:tlg0656.tlg001.wellmann1906:2.138	proposed				
urn:cts:greekLit:tlg0656.tlg001.sprengel1829:2.168	edition_of	urn:cts:greekLit:tlg0656.tlg001.wellmann1906:2.139	proposed				
urn:cts:greekLit:tlg0656.tlg001.sprengel1829:2.169	edition_of	urn:cts:greekLit:tlg0656.tlg001.wellmann1906:2.140	proposed				
urn:cts:greekLit:tlg0656.tlg001.sprengel1829:2.170	edition_of	urn:cts:greekLit:tlg0656.tlg001.wellmann1906:2.141	proposed				
urn:cts:greekLit:tlg0656.tlg001.sprengel1829:2.171	edition_of	urn:cts:greekLit:tlg0656.tlg001.wellmann1906:2.142	proposed				
urn:cts:greekLit:tlg0656.tlg001.sprengel1829:2.172	edition_of	urn:cts:greekLit:tlg0656.tlg001.wellmann1906:2.143	proposed				
urn:cts:greekLit:tlg0656.tlg001.sprengel1829:2.173	edition_of	urn:cts:greekLit:tlg0656.tlg001.wellmann1906:2.144	proposed				
urn:cts:greekLit:tlg0656.tlg001.sprengel1829:2.174	edition_of	urn:cts:greekLit:tlg0656.tlg001.wellmann1906:2.145	proposed				
urn:cts:greekLit:tlg0656.tlg001.sprengel1829:2.175	edition_of	urn:cts:greekLit:tlg0656.tlg001.wellmann1906:2.146	proposed				
urn:cts:greekLit:tlg0656.tlg001.sprengel1829:2.176	edition_of	urn:cts:greekLit:tlg0656.tlg001.wellmann1906:2.147	proposed				
urn:cts:greekLit:tlg0656.tlg001.sprengel1829:2.177	edition_of	urn:cts:greekLit:tlg0656.tlg001.wellmann1906:2.148	proposed				
urn:cts:greekLit:tlg0656.tlg001.sprengel1829:2.178	edition_of	urn:cts:greekLit:tlg0656.tlg001.wellmann1906:2.149	proposed				
urn:cts:greekLit:tlg0656.tlg001.sprengel1829:2.179	edition_of	urn:cts:greekLit:tlg0656.tlg001.wellmann1906:2.150	proposed				
urn:cts:greekLit:tlg0656.tlg001.sprengel1829:2.180	edition_of	urn:cts:greekLit:tlg0656.tlg001.wellmann1906:2.151	proposed				
urn:cts:greekLit:tlg0656.tlg001.sprengel1829:2.181	edition_of	urn:cts:greekLit:tlg0656.tlg001.wellmann1906:2.152	proposed				
urn:cts:greekLit:tlg0656.tlg001.sprengel1829:2.182	edition_of	urn:cts:greekLit:tlg0656.tlg001.wellmann1906:2.153	proposed				
urn:cts:greekLit:tlg0656.tlg001.sprengel1829:2.183	edition_of	urn:cts:greekLit:tlg0656.tlg001.wellmann1906:2.154	proposed				
urn:cts:greekLit:tlg0656.tlg001.sprengel1829:2.184	edition_of	urn:cts:greekLit:tlg0656.tlg001.wellmann1906:2.155	proposed				
urn:cts:greekLit:tlg0656.tlg001.sprengel1829:2.185	edition_of	urn:cts:greekLit:tlg0656.tlg001.wellmann1906:2.156	proposed				
urn:cts:greekLit:tlg0656.tlg001.sprengel1829:2.186	edition_of	urn:cts:greekLit:tlg0656.tlg001.wellmann1906:2.157	proposed				
urn:cts:greekLit:tlg0656.tlg001.sprengel1829:2.187	edition_of	urn:cts:greekLit:tlg0656.tlg001.wellmann1906:2.158	proposed				
urn:cts:greekLit:tlg0656.tlg001.sprengel1829:2.188	edition_of	urn:cts:greekLit:tlg0656.tlg001.wellmann1906:2.159	proposed				
urn:cts:greekLit:tlg0656.tlg001.sprengel1829:2.189	edition_of	urn:cts:greekLit:tlg0656.tlg001.wellmann1906:2.160	proposed				
urn:cts:greekLit:tlg0656.tlg001.sprengel1829:2.190	edition_of	urn:cts:greekLit:tlg0656.tlg001.wellmann1906:2.161	proposed				
urn:cts:greekLit:tlg0656.tlg001.sprengel1829:2.191	edition_of	urn:cts:greekLit:tlg0656.tlg001.wellmann1906:2.162	proposed				
urn:cts:greekLit:tlg0656.tlg001.sprengel1829:2.192	edition_of	urn:cts:greekLit:tlg0656.tlg001.wellmann1906:2.163	proposed				
urn:cts:greekLit:tlg0656.tlg001.sprengel1829:2.193	edition_of	urn:cts:greekLit:tlg0656.tlg001.wellmann1906:2.164	proposed				
urn:cts:greekLit:tlg0656.tlg001.sprengel1829:2.194	edition_of	urn:cts:greekLit:tlg0656.tlg001.wellmann1906:2.165	proposed				
urn:cts:greekLit:tlg0656.tlg001.sprengel1829:2.195	edition_of	urn:cts:greekLit:tlg0656.tlg001.wellmann1906:2.166.2-2.166.4	proposed	82	290		
urn:cts:greekLit:tlg0656.tlg001.sprengel1829:2.196	edition_of	urn:cts:greekLit:tlg0656.tlg001.wellmann1906:2.166@ἔχει[1]-σκιᾷ[1]	proposed	2	290		ἔχει κισσοειδῆ μεγάλα
urn:cts:greekLit:tlg0656.tlg001.sprengel1829:2.197	edition_of	urn:cts:greekLit:tlg0656.tlg001.wellmann1906:2.167	proposed				
urn:cts:greekLit:tlg0656.tlg001.sprengel1829:2.198	edition_of	urn:cts:greekLit:tlg0656.tlg001.wellmann1906:2.168	proposed				
urn:cts:greekLit:tlg0656.tlg001.sprengel1829:2.199	edition_of	urn:cts:greekLit:tlg0656.tlg001.wellmann1906:2.169	proposed				
urn:cts:greekLit:tlg0656.tlg001.sprengel1829:2.200	edition_of	urn:cts:greekLit:tlg0656.tlg001.wellmann1906:2.170	proposed				
urn:cts:greekLit:tlg0656.tlg001.sprengel1829:2.201	edition_of	urn:cts:greekLit:tlg0656.tlg001.wellmann1906:4.156	proposed				
urn:cts:greekLit:tlg0656.tlg001.sprengel1829:2.202	edition_of	urn:cts:greekLit:tlg0656.tlg001.wellmann1906:2.171	proposed				
urn:cts:greekLit:tlg0656.tlg001.sprengel1829:2.203	edition_of	urn:cts:greekLit:tlg0656.tlg001.wellmann1906:2.172	proposed				
urn:cts:greekLit:tlg0656.tlg001.sprengel1829:2.204	edition_of	urn:cts:greekLit:tlg0656.tlg001.wellmann1906:2.173	proposed				
urn:cts:greekLit:tlg0656.tlg001.sprengel1829:2.205	edition_of	urn:cts:greekLit:tlg0656.tlg001.wellmann1906:2.174	proposed				
urn:cts:greekLit:tlg0656.tlg001.sprengel1829:2.206	edition_of	urn:cts:greekLit:tlg0656.tlg001.wellmann1906:2.175	proposed				
urn:cts:greekLit:tlg0656.tlg001.sprengel1829:2.207	edition_of	urn:cts:greekLit:tlg0656.tlg001.wellmann1906:2.176	proposed				
urn:cts:greekLit:tlg0656.tlg001.sprengel1829:2.208@Ἀργεμώνη[1]-καταπλασσόμενα[1]	edition_of	urn:cts:greekLit:tlg0656.tlg001.wellmann1906:2.177	proposed			Ἀργεμώνη οἱ δὲ	
urn:cts:greekLit:tlg0656.tlg001.sprengel1829:2.208@¹⁶[1]-πινομένη[2]	edition_of	urn:cts:greekLit:tlg0656.tlg001.wellmann1906:2.178RV	proposed			¹⁶ Κρατεύας ὁ	
urn:cts:greekLit:tlg0656.tlg001.sprengel1829:2.209	edition_of	urn:cts:greekLit:tlg0656.tlg001.wellmann1906:2.178	proposed				
urn:cts:greekLit:tlg0656.tlg001.sprengel1829:2.210	edition_of	urn:cts:greekLit:tlg0656.tlg001.wellmann1906:2.179	proposed				
urn:cts:greekLit:tlg0656.tlg001.sprengel1829:2.211	edition_of	urn:cts:greekLit:tlg0656.tlg001.wellmann1906:2.180	proposed				
urn:cts:greekLit:tlg0656.tlg001.sprengel1829:2.212	edition_of	urn:cts:greekLit:tlg0656.tlg001.wellmann1906:2.181	proposed				
urn:cts:greekLit:tlg0656.tlg001.sprengel1829:2.213	edition_of	urn:cts:greekLit:tlg0656.tlg001.wellmann1906:2.182	proposed				
urn:cts:greekLit:tlg0656.tlg001.sprengel1829:2.214	edition_of	urn:cts:greekLit:tlg0656.tlg001.wellmann1906:2.183	proposed				
urn:cts:greekLit:tlg0656.tlg001.sprengel1829:2.215	edition_of	urn:cts:greekLit:tlg0656.tlg001.wellmann1906:2.184	proposed				
urn:cts:greekLit:tlg0656.tlg001.sprengel1829:2.216	edition_of	urn:cts:greekLit:tlg0656.tlg001.wellmann1906:2.185	proposed				
urn:cts:greekLit:tlg0656.tlg001.sprengel1829:2.217	edition_of	urn:cts:greekLit:tlg0656.tlg001.wellmann1906:2.186	proposed				
urn:cts:greekLit:tlg0656.tlg001.sprengel1829:3.praef	edition_of	urn:cts:greekLit:tlg0656.tlg001.wellmann1906:3.arg	proposed				
urn:cts:greekLit:tlg0656.tlg001.sprengel1829:3.1	edition_of	urn:cts:greekLit:tlg0656.tlg001.wellmann1906:3.1	proposed				
urn:cts:greekLit:tlg0656.tlg001.sprengel1829:3.2	edition_of	urn:cts:greekLit:tlg0656.tlg001.wellmann1906:3.2	proposed				
urn:cts:greekLit:tlg0656.tlg001.sprengel1829:3.3	edition_of	urn:cts:greekLit:tlg0656.tlg001.wellmann1906:3.3	proposed				
urn:cts:greekLit:tlg0656.tlg001.sprengel1829:3.4	edition_of	urn:cts:greekLit:tlg0656.tlg001.wellmann1906:3.4	proposed				
urn:cts:greekLit:tlg0656.tlg001.sprengel1829:3.5	edition_of	urn:cts:greekLit:tlg0656.tlg001.wellmann1906:3.5	proposed				
urn:cts:greekLit:tlg0656.tlg001.sprengel1829:3.6	edition_of	urn:cts:greekLit:tlg0656.tlg001.wellmann1906:3.6	proposed				
urn:cts:greekLit:tlg0656.tlg001.sprengel1829:3.7	edition_of	urn:cts:greekLit:tlg0656.tlg001.wellmann1906:3.7	proposed				
urn:cts:greekLit:tlg0656.tlg001.sprengel1829:3.8	edition_of	urn:cts:greekLit:tlg0656.tlg001.wellmann1906:3.8	proposed				
urn:cts:greekLit:tlg0656.tlg001.sprengel1829:3.9	edition_of	urn:cts:greekLit:tlg0656.tlg001.wellmann1906:3.9	proposed				
urn:cts:greekLit:tlg0656.tlg001.sprengel1829:3.10	edition_of	urn:cts:greekLit:tlg0656.tlg001.wellmann1906:3.10	proposed				
urn:cts:greekLit:tlg0656.tlg001.sprengel1829:3.11	edition_of	urn:cts:greekLit:tlg0656.tlg001.wellmann1906:3.11	proposed				
urn:cts:greekLit:tlg0656.tlg001.sprengel1829:3.12	edition_of	urn:cts:greekLit:tlg0656.tlg001.wellmann1906:3.12	proposed				
urn:cts:greekLit:tlg0656.tlg001.sprengel1829:3.13	edition_of	urn:cts:greekLit:tlg0656.tlg001.wellmann1906:3.13	proposed				
urn:cts:greekLit:tlg0656.tlg001.sprengel1829:3.14	edition_of	urn:cts:greekLit:tlg0656.tlg001.wellmann1906:3.14	proposed				
urn:cts:greekLit:tlg0656.tlg001.sprengel1829:3.15	edition_of	urn:cts:greekLit:tlg0656.tlg001.wellmann1906:3.15	proposed				
urn:cts:greekLit:tlg0656.tlg001.sprengel1829:3.16	edition_of	urn:cts:greekLit:tlg0656.tlg001.wellmann1906:3.16	proposed				
urn:cts:greekLit:tlg0656.tlg001.sprengel1829:3.17	edition_of	urn:cts:greekLit:tlg0656.tlg001.wellmann1906:3.17	proposed				
urn:cts:greekLit:tlg0656.tlg001.sprengel1829:3.18	edition_of	urn:cts:greekLit:tlg0656.tlg001.wellmann1906:3.18	proposed				
urn:cts:greekLit:tlg0656.tlg001.sprengel1829:3.19	edition_of	urn:cts:greekLit:tlg0656.tlg001.wellmann1906:3.19	proposed				
urn:cts:greekLit:tlg0656.tlg001.sprengel1829:3.20	edition_of	urn:cts:greekLit:tlg0656.tlg001.wellmann1906:3.20	proposed				
urn:cts:greekLit:tlg0656.tlg001.sprengel1829:3.21	edition_of	urn:cts:greekLit:tlg0656.tlg001.wellmann1906:3.21	proposed				
urn:cts:greekLit:tlg0656.tlg001.sprengel1829:3.22	edition_of	urn:cts:greekLit:tlg0656.tlg001.wellmann1906:3.22	proposed				
urn:cts:greekLit:tlg0656.tlg001.sprengel1829:3.23	edition_of	urn:cts:greekLit:tlg0656.tlg001.wellmann1906:3.23.1-3.23.4	proposed	0	273		
urn:cts:greekLit:tlg0656.tlg001.sprengel1829:3.24	edition_of	urn:cts:greekLit:tlg0656.tlg001.wellmann1906:3.23@καλοῦσί[1]-δὲ[21]	proposed	273	354		καλοῦσί τινες καὶ
urn:cts:greekLit:tlg0656.tlg001.sprengel1829:3.25	edition_of	urn:cts:greekLit:tlg0656.tlg001.wellmann1906:3.23.6@τρίτον[1]-σερίφῳ[1]	proposed	354	390		τρίτον εἶδος ἀψινθίου
urn:cts:greekLit:tlg0656.tlg001.sprengel1829:3.26	edition_of	urn:cts:greekLit:tlg0656.tlg001.wellmann1906:3.24	proposed				
urn:cts:greekLit:tlg0656.tlg001.sprengel1829:3.27	edition_of	urn:cts:greekLit:tlg0656.tlg001.wellmann1906:3.25	proposed				
urn:cts:greekLit:tlg0656.tlg001.sprengel1829:3.28	edition_of	urn:cts:greekLit:tlg0656.tlg001.wellmann1906:3.26	proposed				
urn:cts:greekLit:tlg0656.tlg001.sprengel1829:3.29	edition_of	urn:cts:greekLit:tlg0656.tlg001.wellmann1906:3.27	proposed				
urn:cts:greekLit:tlg0656.tlg001.sprengel1829:3.30	edition_of	urn:cts:greekLit:tlg0656.tlg001.wellmann1906:3.28	proposed				
urn:cts:greekLit:tlg0656.tlg001.sprengel1829:3.31	edition_of	urn:cts:greekLit:tlg0656.tlg001.wellmann1906:3.29	proposed				
urn:cts:greekLit:tlg0656.tlg001.sprengel1829:3.32	edition_of	urn:cts:greekLit:tlg0656.tlg001.wellmann1906:3.30	proposed				
urn:cts:greekLit:tlg0656.tlg001.sprengel1829:3.33	edition_of	urn:cts:greekLit:tlg0656.tlg001.wellmann1906:3.31	proposed				
urn:cts:greekLit:tlg0656.tlg001.sprengel1829:3.34	edition_of	urn:cts:greekLit:tlg0656.tlg001.wellmann1906:3.32	proposed				
urn:cts:greekLit:tlg0656.tlg001.sprengel1829:3.35	edition_of	urn:cts:greekLit:tlg0656.tlg001.wellmann1906:3.33	proposed				
urn:cts:greekLit:tlg0656.tlg001.sprengel1829:3.36	edition_of	urn:cts:greekLit:tlg0656.tlg001.wellmann1906:3.34	proposed				
urn:cts:greekLit:tlg0656.tlg001.sprengel1829:3.37	edition_of	urn:cts:greekLit:tlg0656.tlg001.wellmann1906:3.35	proposed				
urn:cts:greekLit:tlg0656.tlg001.sprengel1829:3.38	edition_of	urn:cts:greekLit:tlg0656.tlg001.wellmann1906:3.36	proposed				
urn:cts:greekLit:tlg0656.tlg001.sprengel1829:3.39	edition_of	urn:cts:greekLit:tlg0656.tlg001.wellmann1906:3.37	proposed				
urn:cts:greekLit:tlg0656.tlg001.sprengel1829:3.40	edition_of	urn:cts:greekLit:tlg0656.tlg001.wellmann1906:3.38	proposed				
urn:cts:greekLit:tlg0656.tlg001.sprengel1829:3.41	edition_of	urn:cts:greekLit:tlg0656.tlg001.wellmann1906:3.39	proposed				
urn:cts:greekLit:tlg0656.tlg001.sprengel1829:3.41bis	edition_of	urn:cts:greekLit:tlg0656.tlg001.wellmann1906:3.40	proposed				
urn:cts:greekLit:tlg0656.tlg001.sprengel1829:3.42	edition_of	urn:cts:greekLit:tlg0656.tlg001.wellmann1906:3.42	proposed				
urn:cts:greekLit:tlg0656.tlg001.sprengel1829:3.43	edition_of	urn:cts:greekLit:tlg0656.tlg001.wellmann1906:3.43	proposed				
urn:cts:greekLit:tlg0656.tlg001.sprengel1829:3.44	edition_of	urn:cts:greekLit:tlg0656.tlg001.wellmann1906:3.44	proposed				
urn:cts:greekLit:tlg0656.tlg001.sprengel1829:3.45	edition_of	urn:cts:greekLit:tlg0656.tlg001.wellmann1906:3.45	proposed				
urn:cts:greekLit:tlg0656.tlg001.sprengel1829:3.46	edition_of	urn:cts:greekLit:tlg0656.tlg001.wellmann1906:3.46	proposed				
urn:cts:greekLit:tlg0656.tlg001.sprengel1829:3.47	edition_of	urn:cts:greekLit:tlg0656.tlg001.wellmann1906:3.47	proposed				
urn:cts:greekLit:tlg0656.tlg001.sprengel1829:3.48	edition_of	urn:cts:greekLit:tlg0656.tlg001.wellmann1906:3.48	proposed				
urn:cts:greekLit:tlg0656.tlg001.sprengel1829:3.49	edition_of	urn:cts:greekLit:tlg0656.tlg001.wellmann1906:3.49	proposed				
urn:cts:greekLit:tlg0656.tlg001.sprengel1829:3.50	edition_of	urn:cts:greekLit:tlg0656.tlg001.wellmann1906:3.50	proposed				
urn:cts:greekLit:tlg0656.tlg001.sprengel1829:3.51	edition_of	urn:cts:greekLit:tlg0656.tlg001.wellmann1906:3.51	proposed				
urn:cts:greekLit:tlg0656.tlg001.sprengel1829:3.52	edition_of	urn:cts:greekLit:tlg0656.tlg001.wellmann1906:3.52	proposed				
urn:cts:greekLit:tlg0656.tlg001.sprengel1829:3.53	edition_of	urn:cts:greekLit:tlg0656.tlg001.wellmann1906:3.53.1	proposed	0	105		
urn:cts:greekLit:tlg0656.tlg001.sprengel1829:3.54	edition_of	urn:cts:greekLit:tlg0656.tlg001.wellmann1906:3.53.2	proposed	105	155		
urn:cts:greekLit:tlg0656.tlg001.sprengel1829:3.55	edition_of	urn:cts:greekLit:tlg0656.tlg001.wellmann1906:3.53.3	proposed	155	207		
urn:cts:greekLit:tlg0656.tlg001.sprengel1829:3.56	edition_of	urn:cts:greekLit:tlg0656.tlg001.wellmann1906:3.54	proposed				
urn:cts:greekLit:tlg0656.tlg001.sprengel1829:3.57	edition_of	urn:cts:greekLit:tlg0656.tlg001.wellmann1906:3.55	proposed				
urn:cts:greekLit:tlg0656.tlg001.sprengel1829:3.58	edition_of	urn:cts:greekLit:tlg0656.tlg001.wellmann1906:3.56	proposed				
urn:cts:greekLit:tlg0656.tlg001.sprengel1829:3.59	edition_of	urn:cts:greekLit:tlg0656.tlg001.wellmann1906:3.57	proposed				
urn:cts:greekLit:tlg0656.tlg001.sprengel1829:3.60	edition_of	urn:cts:greekLit:tlg0656.tlg001.wellmann1906:3.58	proposed				
urn:cts:greekLit:tlg0656.tlg001.sprengel1829:3.61	edition_of	urn:cts:greekLit:tlg0656.tlg001.wellmann1906:3.59	proposed				
urn:cts:greekLit:tlg0656.tlg001.sprengel1829:3.62@Κύμινονἄγριον[1]-καταπλασσόμενον[1]	edition_of	urn:cts:greekLit:tlg0656.tlg001.wellmann1906:3.60	proposed			Κύμινονἄγριον Ῥωμαῖοι κύμινουμ᾽	
urn:cts:greekLit:tlg0656.tlg001.sprengel1829:3.62@Ἔστι[1]-ἀποξεσθέν[1]	edition_of	urn:cts:greekLit:tlg0656.tlg001.wellmann1906:3.61	proposed			Ἔστι καὶ ἕτερον	
urn:cts:greekLit:tlg0656.tlg001.sprengel1829:3.63	edition_of	urn:cts:greekLit:tlg0656.tlg001.wellmann1906:3.62	proposed				
urn:cts:greekLit:tlg0656.tlg001.sprengel1829:3.64	edition_of	urn:cts:greekLit:tlg0656.tlg001.wellmann1906:3.63	proposed				
urn:cts:greekLit:tlg0656.tlg001.sprengel1829:3.65	edition_of	urn:cts:greekLit:tlg0656.tlg001.wellmann1906:3.64RV@RV[1]-ἀρήγει[1]	proposed	0	63		RV ἱεράκιον τὸ
urn:cts:greekLit:tlg0656.tlg001.sprengel1829:3.66	edition_of	urn:cts:greekLit:tlg0656.tlg001.wellmann1906:3.64RV.2@ἱεράκιον[1]-προειρημένῳ[1]	proposed	63	111		ἱεράκιον τὸ μικρόν
urn:cts:greekLit:tlg0656.tlg001.sprengel1829:3.67	edition_of	urn:cts:greekLit:tlg0656.tlg001.wellmann1906:3.64@64[1]-ἐλεοσέλινον[1]	proposed	0	83		64 σέλινον κηπαῖον
urn:cts:greekLit:tlg0656.tlg001.sprengel1829:3.68	edition_of	urn:cts:greekLit:tlg0656.tlg001.wellmann1906:3.64.2@καὶ[6]-κηπευτόν[1]	proposed	80	102		καὶ τὸ ἐλεοσέλινον
urn:cts:greekLit:tlg0656.tlg001.sprengel1829:3.69	edition_of	urn:cts:greekLit:tlg0656.tlg001.wellmann1906:3.65	proposed				
urn:cts:greekLit:tlg0656.tlg001.sprengel1829:3.70	edition_of	urn:cts:greekLit:tlg0656.tlg001.wellmann1906:3.66	proposed				
urn:cts:greekLit:tlg0656.tlg001.sprengel1829:3.71	edition_of	urn:cts:greekLit:tlg0656.tlg001.wellmann1906:3.67	proposed				
urn:cts:greekLit:tlg0656.tlg001.sprengel1829:3.72	edition_of	urn:cts:greekLit:tlg0656.tlg001.wellmann1906:3.68	proposed				
urn:cts:greekLit:tlg0656.tlg001.sprengel1829:3.73	edition_of	urn:cts:greekLit:tlg0656.tlg001.wellmann1906:3.69	proposed				
urn:cts:greekLit:tlg0656.tlg001.sprengel1829:3.74	edition_of	urn:cts:greekLit:tlg0656.tlg001.wellmann1906:3.70	proposed				
urn:cts:greekLit:tlg0656.tlg001.sprengel1829:3.75	edition_of	urn:cts:greekLit:tlg0656.tlg001.wellmann1906:3.71	proposed				
urn:cts:greekLit:tlg0656.tlg001.sprengel1829:3.76	edition_of	urn:cts:greekLit:tlg0656.tlg001.wellmann1906:3.72	proposed				
urn:cts:greekLit:tlg0656.tlg001.sprengel1829:3.77	edition_of	urn:cts:greekLit:tlg0656.tlg001.wellmann1906:3.73a	proposed				
urn:cts:greekLit:tlg0656.tlg001.sprengel1829:3.78	edition_of	urn:cts:greekLit:tlg0656.tlg001.wellmann1906:3.73b	proposed				
urn:cts:greekLit:tlg0656.tlg001.sprengel1829:3.79@Λιβανωτὶςδισσή[1]-τρεῖς[1]	edition_of	urn:cts:greekLit:tlg0656.tlg001.wellmann1906:3.74	proposed			Λιβανωτὶςδισσή ἡ μέν	
urn:cts:greekLit:tlg0656.tlg001.sprengel1829:3.79@Κεφ[2]-γλευκίνῳ²⁷χρίσματι[1]	edition_of	urn:cts:greekLit:tlg0656.tlg001.wellmann1906:3.75	proposed			Κεφ πθʹ Λιβανωτὶς	
urn:cts:greekLit:tlg0656.tlg001.sprengel1829:3.80	edition_of	urn:cts:greekLit:tlg0656.tlg001.wellmann1906:3.76	proposed				
urn:cts:greekLit:tlg0656.tlg001.sprengel1829:3.81	edition_of	urn:cts:greekLit:tlg0656.tlg001.wellmann1906:3.77	proposed				
urn:cts:greekLit:tlg0656.tlg001.sprengel1829:3.82	edition_of	urn:cts:greekLit:tlg0656.tlg001.wellmann1906:3.78	proposed				
urn:cts:greekLit:tlg0656.tlg001.sprengel1829:3.83	edition_of	urn:cts:greekLit:tlg0656.tlg001.wellmann1906:3.79	proposed				
urn:cts:greekLit:tlg0656.tlg001.sprengel1829:3.84	edition_of	urn:cts:greekLit:tlg0656.tlg001.wellmann1906:3.80	proposed				
urn:cts:greekLit:tlg0656.tlg001.sprengel1829:3.85	edition_of	urn:cts:greekLit:tlg0656.tlg001.wellmann1906:3.81	proposed				
urn:cts:greekLit:tlg0656.tlg001.sprengel1829:3.86	edition_of	urn:cts:greekLit:tlg0656.tlg001.wellmann1906:3.82	proposed				
urn:cts:greekLit:tlg0656.tlg001.sprengel1829:3.87	edition_of	urn:cts:greekLit:tlg0656.tlg001.wellmann1906:3.83	proposed				
urn:cts:greekLit:tlg0656.tlg001.sprengel1829:3.88	edition_of	urn:cts:greekLit:tlg0656.tlg001.wellmann1906:3.84	proposed				
urn:cts:greekLit:tlg0656.tlg001.sprengel1829:3.89	edition_of	urn:cts:greekLit:tlg0656.tlg001.wellmann1906:3.85	proposed				
urn:cts:greekLit:tlg0656.tlg001.sprengel1829:3.90	edition_of	urn:cts:greekLit:tlg0656.tlg001.wellmann1906:3.86	proposed				
urn:cts:greekLit:tlg0656.tlg001.sprengel1829:3.91	edition_of	urn:cts:greekLit:tlg0656.tlg001.wellmann1906:3.87	proposed				
urn:cts:greekLit:tlg0656.tlg001.sprengel1829:3.92	edition_of	urn:cts:greekLit:tlg0656.tlg001.wellmann1906:3.88	proposed				
urn:cts:greekLit:tlg0656.tlg001.sprengel1829:3.93	edition_of	urn:cts:greekLit:tlg0656.tlg001.wellmann1906:3.89	proposed				
urn:cts:greekLit:tlg0656.tlg001.sprengel1829:3.94	edition_of	urn:cts:greekLit:tlg0656.tlg001.wellmann1906:3.90	proposed				
urn:cts:greekLit:tlg0656.tlg001.sprengel1829:3.95	edition_of	urn:cts:greekLit:tlg0656.tlg001.wellmann1906:3.91	proposed				
urn:cts:greekLit:tlg0656.tlg001.sprengel1829:3.96	edition_of	urn:cts:greekLit:tlg0656.tlg001.wellmann1906:3.92	proposed				
urn:cts:greekLit:tlg0656.tlg001.sprengel1829:3.97	edition_of	urn:cts:greekLit:tlg0656.tlg001.wellmann1906:3.93	proposed				
urn:cts:greekLit:tlg0656.tlg001.sprengel1829:3.98	edition_of	urn:cts:greekLit:tlg0656.tlg001.wellmann1906:3.94	proposed				
urn:cts:greekLit:tlg0656.tlg001.sprengel1829:3.99	edition_of	urn:cts:greekLit:tlg0656.tlg001.wellmann1906:3.95	proposed				
urn:cts:greekLit:tlg0656.tlg001.sprengel1829:3.100	edition_of	urn:cts:greekLit:tlg0656.tlg001.wellmann1906:3.96	proposed				
urn:cts:greekLit:tlg0656.tlg001.sprengel1829:3.101	edition_of	urn:cts:greekLit:tlg0656.tlg001.wellmann1906:3.97	proposed				
urn:cts:greekLit:tlg0656.tlg001.sprengel1829:3.102	edition_of	urn:cts:greekLit:tlg0656.tlg001.wellmann1906:3.98	proposed				
urn:cts:greekLit:tlg0656.tlg001.sprengel1829:3.103	edition_of	urn:cts:greekLit:tlg0656.tlg001.wellmann1906:3.99	proposed				
urn:cts:greekLit:tlg0656.tlg001.sprengel1829:3.104	edition_of	urn:cts:greekLit:tlg0656.tlg001.wellmann1906:3.100	proposed				
urn:cts:greekLit:tlg0656.tlg001.sprengel1829:3.105	edition_of	urn:cts:greekLit:tlg0656.tlg001.wellmann1906:3.101	proposed				
urn:cts:greekLit:tlg0656.tlg001.sprengel1829:3.106	edition_of	urn:cts:greekLit:tlg0656.tlg001.wellmann1906:3.102	proposed				
urn:cts:greekLit:tlg0656.tlg001.sprengel1829:3.107	edition_of	urn:cts:greekLit:tlg0656.tlg001.wellmann1906:3.103	proposed				
urn:cts:greekLit:tlg0656.tlg001.sprengel1829:3.108	edition_of	urn:cts:greekLit:tlg0656.tlg001.wellmann1906:3.104	proposed				
urn:cts:greekLit:tlg0656.tlg001.sprengel1829:3.109	edition_of	urn:cts:greekLit:tlg0656.tlg001.wellmann1906:3.105	proposed				
urn:cts:greekLit:tlg0656.tlg001.sprengel1829:3.110	edition_of	urn:cts:greekLit:tlg0656.tlg001.wellmann1906:3.106	proposed				
urn:cts:greekLit:tlg0656.tlg001.sprengel1829:3.111	edition_of	urn:cts:greekLit:tlg0656.tlg001.wellmann1906:3.107	proposed				
urn:cts:greekLit:tlg0656.tlg001.sprengel1829:3.112	edition_of	urn:cts:greekLit:tlg0656.tlg001.wellmann1906:3.108	proposed				
urn:cts:greekLit:tlg0656.tlg001.sprengel1829:3.113	edition_of	urn:cts:greekLit:tlg0656.tlg001.wellmann1906:3.109	proposed				
urn:cts:greekLit:tlg0656.tlg001.sprengel1829:3.114	edition_of	urn:cts:greekLit:tlg0656.tlg001.wellmann1906:3.110	proposed				
urn:cts:greekLit:tlg0656.tlg001.sprengel1829:3.115	edition_of	urn:cts:greekLit:tlg0656.tlg001.wellmann1906:3.111	proposed				
urn:cts:greekLit:tlg0656.tlg001.sprengel1829:3.116	edition_of	urn:cts:greekLit:tlg0656.tlg001.wellmann1906:3.112	proposed				
urn:cts:greekLit:tlg0656.tlg001.sprengel1829:3.117	edition_of	urn:cts:greekLit:tlg0656.tlg001.wellmann1906:3.113	proposed				
urn:cts:greekLit:tlg0656.tlg001.sprengel1829:3.119	edition_of	urn:cts:greekLit:tlg0656.tlg001.wellmann1906:3.114	proposed				
urn:cts:greekLit:tlg0656.tlg001.sprengel1829:3.120	edition_of	urn:cts:greekLit:tlg0656.tlg001.wellmann1906:3.115	proposed				
urn:cts:greekLit:tlg0656.tlg001.sprengel1829:3.121	edition_of	urn:cts:greekLit:tlg0656.tlg001.wellmann1906:3.116	proposed				
urn:cts:greekLit:tlg0656.tlg001.sprengel1829:3.122	edition_of	urn:cts:greekLit:tlg0656.tlg001.wellmann1906:3.117	proposed				
urn:cts:greekLit:tlg0656.tlg001.sprengel1829:3.123	edition_of	urn:cts:greekLit:tlg0656.tlg001.wellmann1906:3.118	proposed				
urn:cts:greekLit:tlg0656.tlg001.sprengel1829:3.124	edition_of	urn:cts:greekLit:tlg0656.tlg001.wellmann1906:3.119	proposed				
urn:cts:greekLit:tlg0656.tlg001.sprengel1829:3.125	edition_of	urn:cts:greekLit:tlg0656.tlg001.wellmann1906:3.120	proposed				
urn:cts:greekLit:tlg0656.tlg001.sprengel1829:3.126	edition_of	urn:cts:greekLit:tlg0656.tlg001.wellmann1906:3.121	proposed				
urn:cts:greekLit:tlg0656.tlg001.sprengel1829:3.127	edition_of	urn:cts:greekLit:tlg0656.tlg001.wellmann1906:3.122	proposed				
urn:cts:greekLit:tlg0656.tlg001.sprengel1829:3.128	edition_of	urn:cts:greekLit:tlg0656.tlg001.wellmann1906:3.123	proposed				
urn:cts:greekLit:tlg0656.tlg001.sprengel1829:3.129	edition_of	urn:cts:greekLit:tlg0656.tlg001.wellmann1906:3.124	proposed				
urn:cts:greekLit:tlg0656.tlg001.sprengel1829:3.130	edition_of	urn:cts:greekLit:tlg0656.tlg001.wellmann1906:3.125	proposed				
urn:cts:greekLit:tlg0656.tlg001.sprengel1829:3.131	edition_of	urn:cts:greekLit:tlg0656.tlg001.wellmann1906:3.126	proposed				
urn:cts:greekLit:tlg0656.tlg001.sprengel1829:3.132	edition_of	urn:cts:greekLit:tlg0656.tlg001.wellmann1906:3.127	proposed				
urn:cts:greekLit:tlg0656.tlg001.sprengel1829:3.133	edition_of	urn:cts:greekLit:tlg0656.tlg001.wellmann1906:3.128.1	proposed	0	64		
urn:cts:greekLit:tlg0656.tlg001.sprengel1829:3.134	edition_of	urn:cts:greekLit:tlg0656.tlg001.wellmann1906:3.128.2	proposed	64	133		
urn:cts:greekLit:tlg0656.tlg001.sprengel1829:3.135	edition_of	urn:cts:greekLit:tlg0656.tlg001.wellmann1906:3.129	proposed				
urn:cts:greekLit:tlg0656.tlg001.sprengel1829:3.136	edition_of	urn:cts:greekLit:tlg0656.tlg001.wellmann1906:3.130	proposed				
urn:cts:greekLit:tlg0656.tlg001.sprengel1829:3.137	edition_of	urn:cts:greekLit:tlg0656.tlg001.wellmann1906:3.131	proposed				
urn:cts:greekLit:tlg0656.tlg001.sprengel1829:3.138	edition_of	urn:cts:greekLit:tlg0656.tlg001.wellmann1906:3.132@132[1]-καὶ[11]	proposed	0	168		132 νυμφαία φύεται
urn:cts:greekLit:tlg0656.tlg001.sprengel1829:3.139	edition_of	urn:cts:greekLit:tlg0656.tlg001.wellmann1906:3.132.3@ἄλλη[1]-ποταμόν[1]	proposed	168	210		ἄλλη νυμφαία φύλλα
urn:cts:greekLit:tlg0656.tlg001.sprengel1829:3.140	edition_of	urn:cts:greekLit:tlg0656.tlg001.wellmann1906:3.133	proposed				
urn:cts:greekLit:tlg0656.tlg001.sprengel1829:3.141	edition_of	urn:cts:greekLit:tlg0656.tlg001.wellmann1906:3.134	proposed				
urn:cts:greekLit:tlg0656.tlg001.sprengel1829:3.142	edition_of	urn:cts:greekLit:tlg0656.tlg001.wellmann1906:3.135	proposed				
urn:cts:greekLit:tlg0656.tlg001.sprengel1829:3.143	edition_of	urn:cts:greekLit:tlg0656.tlg001.wellmann1906:3.136	proposed				
urn:cts:greekLit:tlg0656.tlg001.sprengel1829:3.144	edition_of	urn:cts:greekLit:tlg0656.tlg001.wellmann1906:3.137	proposed				
urn:cts:greekLit:tlg0656.tlg001.sprengel1829:3.145	edition_of	urn:cts:greekLit:tlg0656.tlg001.wellmann1906:3.138	proposed				
urn:cts:greekLit:tlg0656.tlg001.sprengel1829:3.146	edition_of	urn:cts:greekLit:tlg0656.tlg001.wellmann1906:3.139	proposed				
urn:cts:greekLit:tlg0656.tlg001.sprengel1829:3.147	edition_of	urn:cts:greekLit:tlg0656.tlg001.wellmann1906:3.140	proposed				
urn:cts:greekLit:tlg0656.tlg001.sprengel1829:3.148	edition_of	urn:cts:greekLit:tlg0656.tlg001.wellmann1906:3.141	proposed				
urn:cts:greekLit:tlg0656.tlg001.sprengel1829:3.149	edition_of	urn:cts:greekLit:tlg0656.tlg001.wellmann1906:3.142	proposed				
urn:cts:greekLit:tlg0656.tlg001.sprengel1829:3.150	edition_of	urn:cts:greekLit:tlg0656.tlg001.wellmann1906:3.143	proposed				
urn:cts:greekLit:tlg0656.tlg001.sprengel1829:3.151	edition_of	urn:cts:greekLit:tlg0656.tlg001.wellmann1906:3.144	proposed				
urn:cts:greekLit:tlg0656.tlg001.sprengel1829:3.152	edition_of	urn:cts:greekLit:tlg0656.tlg001.wellmann1906:3.145	proposed				
urn:cts:greekLit:tlg0656.tlg001.sprengel1829:3.153	edition_of	urn:cts:greekLit:tlg0656.tlg001.wellmann1906:3.146	proposed				
urn:cts:greekLit:tlg0656.tlg001.sprengel1829:3.154	edition_of	urn:cts:greekLit:tlg0656.tlg001.wellmann1906:3.147	proposed				
urn:cts:greekLit:tlg0656.tlg001.sprengel1829:3.155	edition_of	urn:cts:greekLit:tlg0656.tlg001.wellmann1906:3.148	proposed				
urn:cts:greekLit:tlg0656.tlg001.sprengel1829:3.156	edition_of	urn:cts:greekLit:tlg0656.tlg001.wellmann1906:3.149	proposed				
urn:cts:greekLit:tlg0656.tlg001.sprengel1829:3.157	edition_of	urn:cts:greekLit:tlg0656.tlg001.wellmann1906:3.150	proposed				
urn:cts:greekLit:tlg0656.tlg001.sprengel1829:3.158	edition_of	urn:cts:greekLit:tlg0656.tlg001.wellmann1906:3.151	proposed				
urn:cts:greekLit:tlg0656.tlg001.sprengel1829:3.159	edition_of	urn:cts:greekLit:tlg0656.tlg001.wellmann1906:3.152	proposed				
urn:cts:greekLit:tlg0656.tlg001.sprengel1829:3.160	edition_of	urn:cts:greekLit:tlg0656.tlg001.wellmann1906:3.153	proposed				
urn:cts:greekLit:tlg0656.tlg001.sprengel1829:3.161	edition_of	urn:cts:greekLit:tlg0656.tlg001.wellmann1906:3.154	proposed				
urn:cts:greekLit:tlg0656.tlg001.sprengel1829:3.162	edition_of	urn:cts:greekLit:tlg0656.tlg001.wellmann1906:3.155	proposed				
urn:cts:greekLit:tlg0656.tlg001.sprengel1829:3.163	edition_of	urn:cts:greekLit:tlg0656.tlg001.wellmann1906:3.156	proposed				
urn:cts:greekLit:tlg0656.tlg001.sprengel1829:3.164	edition_of	urn:cts:greekLit:tlg0656.tlg001.wellmann1906:3.157	proposed				
urn:cts:greekLit:tlg0656.tlg001.sprengel1829:3.165	edition_of	urn:cts:greekLit:tlg0656.tlg001.wellmann1906:3.158.1-3.158.2	proposed	0	149		
urn:cts:greekLit:tlg0656.tlg001.sprengel1829:3.166	edition_of	urn:cts:greekLit:tlg0656.tlg001.wellmann1906:3.158.3	proposed	149	217		
urn:cts:greekLit:tlg0656.tlg001.sprengel1829:4.praef	edition_of	urn:cts:greekLit:tlg0656.tlg001.wellmann1906:4.arg	proposed				
urn:cts:greekLit:tlg0656.tlg001.sprengel1829:4.1	edition_of	urn:cts:greekLit:tlg0656.tlg001.wellmann1906:4.1	proposed				
urn:cts:greekLit:tlg0656.tlg001.sprengel1829:4.2	edition_of	urn:cts:greekLit:tlg0656.tlg001.wellmann1906:4.2	proposed				
urn:cts:greekLit:tlg0656.tlg001.sprengel1829:4.3	edition_of	urn:cts:greekLit:tlg0656.tlg001.wellmann1906:4.3	proposed				
urn:cts:greekLit:tlg0656.tlg001.sprengel1829:4.4	edition_of	urn:cts:greekLit:tlg0656.tlg001.wellmann1906:4.4	proposed				
urn:cts:greekLit:tlg0656.tlg001.sprengel1829:4.5	edition_of	urn:cts:greekLit:tlg0656.tlg001.wellmann1906:4.5	proposed				
urn:cts:greekLit:tlg0656.tlg001.sprengel1829:4.6	edition_of	urn:cts:greekLit:tlg0656.tlg001.wellmann1906:4.6	proposed				
urn:cts:greekLit:tlg0656.tlg001.sprengel1829:4.7@Κληματὶς[1]-ἐνχέρσοις[1]	edition_of	urn:cts:greekLit:tlg0656.tlg001.wellmann1906:4.7	proposed			Κληματὶς οἱ δὲ	
urn:cts:greekLit:tlg0656.tlg001.sprengel1829:4.8	edition_of	urn:cts:greekLit:tlg0656.tlg001.wellmann1906:4.8	proposed				
urn:cts:greekLit:tlg0656.tlg001.sprengel1829:4.9	edition_of	urn:cts:greekLit:tlg0656.tlg001.wellmann1906:4.9	proposed				
urn:cts:greekLit:tlg0656.tlg001.sprengel1829:4.10	edition_of	urn:cts:greekLit:tlg0656.tlg001.wellmann1906:4.10	proposed				
urn:cts:greekLit:tlg0656.tlg001.sprengel1829:4.11	edition_of	urn:cts:greekLit:tlg0656.tlg001.wellmann1906:4.11	proposed				
urn:cts:greekLit:tlg0656.tlg001.sprengel1829:4.12	edition_of	urn:cts:greekLit:tlg0656.tlg001.wellmann1906:4.12	proposed				
urn:cts:greekLit:tlg0656.tlg001.sprengel1829:4.13	edition_of	urn:cts:greekLit:tlg0656.tlg001.wellmann1906:4.13	proposed				
urn:cts:greekLit:tlg0656.tlg001.sprengel1829:4.14	edition_of	urn:cts:greekLit:tlg0656.tlg001.wellmann1906:4.14	proposed				
urn:cts:greekLit:tlg0656.tlg001.sprengel1829:4.15	edition_of	urn:cts:greekLit:tlg0656.tlg001.wellmann1906:4.15	proposed				
urn:cts:greekLit:tlg0656.tlg001.sprengel1829:4.16	edition_of	urn:cts:greekLit:tlg0656.tlg001.wellmann1906:4.16	proposed				
urn:cts:greekLit:tlg0656.tlg001.sprengel1829:4.17	edition_of	urn:cts:greekLit:tlg0656.tlg001.wellmann1906:4.17	proposed				
urn:cts:greekLit:tlg0656.tlg001.sprengel1829:4.18	edition_of	urn:cts:greekLit:tlg0656.tlg001.wellmann1906:4.18	proposed				
urn:cts:greekLit:tlg0656.tlg001.sprengel1829:4.19	edition_of	urn:cts:greekLit:tlg0656.tlg001.wellmann1906:4.19	proposed				
urn:cts:greekLit:tlg0656.tlg001.sprengel1829:4.20	edition_of	urn:cts:greekLit:tlg0656.tlg001.wellmann1906:4.20	proposed				
urn:cts:greekLit:tlg0656.tlg001.sprengel1829:4.21	edition_of	urn:cts:greekLit:tlg0656.tlg001.wellmann1906:4.21	proposed				
urn:cts:greekLit:tlg0656.tlg001.sprengel1829:4.22	edition_of	urn:cts:greekLit:tlg0656.tlg001.wellmann1906:4.22	proposed				
urn:cts:greekLit:tlg0656.tlg001.sprengel1829:4.23	edition_of	urn:cts:greekLit:tlg0656.tlg001.wellmann1906:4.23	proposed				
urn:cts:greekLit:tlg0656.tlg001.sprengel1829:4.24	edition_of	urn:cts:greekLit:tlg0656.tlg001.wellmann1906:4.24	proposed				
urn:cts:greekLit:tlg0656.tlg001.sprengel1829:4.25	edition_of	urn:cts:greekLit:tlg0656.tlg001.wellmann1906:4.25	proposed				
urn:cts:greekLit:tlg0656.tlg001.sprengel1829:4.26	edition_of	urn:cts:greekLit:tlg0656.tlg001.wellmann1906:4.26	proposed				
urn:cts:greekLit:tlg0656.tlg001.sprengel1829:4.27	edition_of	urn:cts:greekLit:tlg0656.tlg001.wellmann1906:4.27	proposed				
urn:cts:greekLit:tlg0656.tlg001.sprengel1829:4.28	edition_of	urn:cts:greekLit:tlg0656.tlg001.wellmann1906:4.28	proposed				
urn:cts:greekLit:tlg0656.tlg001.sprengel1829:4.29	edition_of	urn:cts:greekLit:tlg0656.tlg001.wellmann1906:4.141	proposed				
urn:cts:greekLit:tlg0656.tlg001.sprengel1829:4.30	edition_of	urn:cts:greekLit:tlg0656.tlg001.wellmann1906:4.29	proposed				
urn:cts:greekLit:tlg0656.tlg001.sprengel1829:4.31	edition_of	urn:cts:greekLit:tlg0656.tlg001.wellmann1906:4.30	proposed				
urn:cts:greekLit:tlg0656.tlg001.sprengel1829:4.32@Ἡδὲ[1]-σταλτικόν[1]	edition_of	urn:cts:greekLit:tlg0656.tlg001.wellmann1906:4.31	proposed			Ἡδὲ ἐν τῷ	
urn:cts:greekLit:tlg0656.tlg001.sprengel1829:4.32@Ἡ[1]-βόας[1]	edition_of	urn:cts:greekLit:tlg0656.tlg001.wellmann1906:4.32	proposed			Ἡ δὲ ἐν	
urn:cts:greekLit:tlg0656.tlg001.sprengel1829:4.33	edition_of	urn:cts:greekLit:tlg0656.tlg001.wellmann1906:4.33	proposed				
urn:cts:greekLit:tlg0656.tlg001.sprengel1829:4.34	edition_of	urn:cts:greekLit:tlg0656.tlg001.wellmann1906:4.34	proposed				
urn:cts:greekLit:tlg0656.tlg001.sprengel1829:4.35	edition_of	urn:cts:greekLit:tlg0656.tlg001.wellmann1906:4.35	proposed				
urn:cts:greekLit:tlg0656.tlg001.sprengel1829:4.36	edition_of	urn:cts:greekLit:tlg0656.tlg001.wellmann1906:4.36	proposed				
urn:cts:greekLit:tlg0656.tlg001.sprengel1829:4.37	edition_of	urn:cts:greekLit:tlg0656.tlg001.wellmann1906:4.37	proposed				
urn:cts:greekLit:tlg0656.tlg001.sprengel1829:4.38	edition_of	urn:cts:greekLit:tlg0656.tlg001.wellmann1906:4.38	proposed				
urn:cts:greekLit:tlg0656.tlg001.sprengel1829:4.39	edition_of	urn:cts:greekLit:tlg0656.tlg001.wellmann1906:4.39	proposed				
urn:cts:greekLit:tlg0656.tlg001.sprengel1829:4.40	edition_of	urn:cts:greekLit:tlg0656.tlg001.wellmann1906:4.40	proposed				
urn:cts:greekLit:tlg0656.tlg001.sprengel1829:4.41	edition_of	urn:cts:greekLit:tlg0656.tlg001.wellmann1906:4.41	proposed				
urn:cts:greekLit:tlg0656.tlg001.sprengel1829:4.42	edition_of	urn:cts:greekLit:tlg0656.tlg001.wellmann1906:4.42	proposed				
urn:cts:greekLit:tlg0656.tlg001.sprengel1829:4.43	edition_of	urn:cts:greekLit:tlg0656.tlg001.wellmann1906:4.43	proposed				
urn:cts:greekLit:tlg0656.tlg001.sprengel1829:4.44	edition_of	urn:cts:greekLit:tlg0656.tlg001.wellmann1906:4.44	proposed				
urn:cts:greekLit:tlg0656.tlg001.sprengel1829:4.45	edition_of	urn:cts:greekLit:tlg0656.tlg001.wellmann1906:4.45	proposed				
urn:cts:greekLit:tlg0656.tlg001.sprengel1829:4.46	edition_of	urn:cts:greekLit:tlg0656.tlg001.wellmann1906:4.46	proposed				
urn:cts:greekLit:tlg0656.tlg001.sprengel1829:4.47	edition_of	urn:cts:greekLit:tlg0656.tlg001.wellmann1906:4.47	proposed				
urn:cts:greekLit:tlg0656.tlg001.sprengel1829:4.48	edition_of	urn:cts:greekLit:tlg0656.tlg001.wellmann1906:4.48	proposed				
urn:cts:greekLit:tlg0656.tlg001.sprengel1829:4.49	edition_of	urn:cts:greekLit:tlg0656.tlg001.wellmann1906:4.49	proposed				
urn:cts:greekLit:tlg0656.tlg001.sprengel1829:4.50	edition_of	urn:cts:greekLit:tlg0656.tlg001.wellmann1906:4.50	proposed				
urn:cts:greekLit:tlg0656.tlg001.sprengel1829:4.51	edition_of	urn:cts:greekLit:tlg0656.tlg001.wellmann1906:4.51	proposed				
urn:cts:greekLit:tlg0656.tlg001.sprengel1829:4.52	edition_of	urn:cts:greekLit:tlg0656.tlg001.wellmann1906:4.52	proposed				
urn:cts:greekLit:tlg0656.tlg001.sprengel1829:4.53	edition_of	urn:cts:greekLit:tlg0656.tlg001.wellmann1906:4.53	proposed				
urn:cts:greekLit:tlg0656.tlg001.sprengel1829:4.54	edition_of	urn:cts:greekLit:tlg0656.tlg001.wellmann1906:4.54	proposed				
urn:cts:greekLit:tlg0656.tlg001.sprengel1829:4.55	edition_of	urn:cts:greekLit:tlg0656.tlg001.wellmann1906:4.55	proposed				
urn:cts:greekLit:tlg0656.tlg001.sprengel1829:4.56	edition_of	urn:cts:greekLit:tlg0656.tlg001.wellmann1906:4.56	proposed				
urn:cts:greekLit:tlg0656.tlg001.sprengel1829:4.57	edition_of	urn:cts:greekLit:tlg0656.tlg001.wellmann1906:4.57	proposed				
urn:cts:greekLit:tlg0656.tlg001.sprengel1829:4.58	edition_of	urn:cts:greekLit:tlg0656.tlg001.wellmann1906:4.58RVRV	proposed				
urn:cts:greekLit:tlg0656.tlg001.sprengel1829:4.59	edition_of	urn:cts:greekLit:tlg0656.tlg001.wellmann1906:4.58	proposed				
urn:cts:greekLit:tlg0656.tlg001.sprengel1829:4.60	edition_of	urn:cts:greekLit:tlg0656.tlg001.wellmann1906:4.59	proposed				
urn:cts:greekLit:tlg0656.tlg001.sprengel1829:4.61	edition_of	urn:cts:greekLit:tlg0656.tlg001.wellmann1906:4.60	proposed				
urn:cts:greekLit:tlg0656.tlg001.sprengel1829:4.62	edition_of	urn:cts:greekLit:tlg0656.tlg001.wellmann1906:4.61	proposed				
urn:cts:greekLit:tlg0656.tlg001.sprengel1829:4.63	edition_of	urn:cts:greekLit:tlg0656.tlg001.wellmann1906:4.62	proposed				
urn:cts:greekLit:tlg0656.tlg001.sprengel1829:4.64	edition_of	urn:cts:greekLit:tlg0656.tlg001.wellmann1906:4.63	proposed				
urn:cts:greekLit:tlg0656.tlg001.sprengel1829:4.65	edition_of	urn:cts:greekLit:tlg0656.tlg001.wellmann1906:4.64	proposed				
urn:cts:greekLit:tlg0656.tlg001.sprengel1829:4.66	edition_of	urn:cts:greekLit:tlg0656.tlg001.wellmann1906:4.65	proposed				
urn:cts:greekLit:tlg0656.tlg001.sprengel1829:4.67	edition_of	urn:cts:greekLit:tlg0656.tlg001.wellmann1906:4.66	proposed				
urn:cts:greekLit:tlg0656.tlg001.sprengel1829:4.68	edition_of	urn:cts:greekLit:tlg0656.tlg001.wellmann1906:4.67	proposed				
urn:cts:greekLit:tlg0656.tlg001.sprengel1829:4.69	edition_of	urn:cts:greekLit:tlg0656.tlg001.wellmann1906:4.68	proposed				
urn:cts:greekLit:tlg0656.tlg001.sprengel1829:4.70	edition_of	urn:cts:greekLit:tlg0656.tlg001.wellmann1906:4.69	proposed				
urn:cts:greekLit:tlg0656.tlg001.sprengel1829:4.71	edition_of	urn:cts:greekLit:tlg0656.tlg001.wellmann1906:4.70	proposed				
urn:cts:greekLit:tlg0656.tlg001.sprengel1829:4.72	edition_of	urn:cts:greekLit:tlg0656.tlg001.wellmann1906:4.71	proposed				
urn:cts:greekLit:tlg0656.tlg001.sprengel1829:4.73	edition_of	urn:cts:greekLit:tlg0656.tlg001.wellmann1906:4.72	proposed				
urn:cts:greekLit:tlg0656.tlg001.sprengel1829:4.74	edition_of	urn:cts:greekLit:tlg0656.tlg001.wellmann1906:4.73	proposed				
urn:cts:greekLit:tlg0656.tlg001.sprengel1829:4.75	edition_of	urn:cts:greekLit:tlg0656.tlg001.wellmann1906:4.74	proposed				
urn:cts:greekLit:tlg0656.tlg001.sprengel1829:4.76	edition_of	urn:cts:greekLit:tlg0656.tlg001.wellmann1906:4.75	proposed				
urn:cts:greekLit:tlg0656.tlg001.sprengel1829:4.77	edition_of	urn:cts:greekLit:tlg0656.tlg001.wellmann1906:4.76	proposed				
urn:cts:greekLit:tlg0656.tlg001.sprengel1829:4.78	edition_of	urn:cts:greekLit:tlg0656.tlg001.wellmann1906:4.77	proposed				
urn:cts:greekLit:tlg0656.tlg001.sprengel1829:4.79	edition_of	urn:cts:greekLit:tlg0656.tlg001.wellmann1906:4.78	proposed				
urn:cts:greekLit:tlg0656.tlg001.sprengel1829:4.80	edition_of	urn:cts:greekLit:tlg0656.tlg001.wellmann1906:4.79	proposed				
urn:cts:greekLit:tlg0656.tlg001.sprengel1829:4.81	edition_of	urn:cts:greekLit:tlg0656.tlg001.wellmann1906:4.80	proposed				
urn:cts:greekLit:tlg0656.tlg001.sprengel1829:4.82	edition_of	urn:cts:greekLit:tlg0656.tlg001.wellmann1906:4.81	proposed				
urn:cts:greekLit:tlg0656.tlg001.sprengel1829:4.83	edition_of	urn:cts:greekLit:tlg0656.tlg001.wellmann1906:4.82	proposed				
urn:cts:greekLit:tlg0656.tlg001.sprengel1829:4.84	edition_of	urn:cts:greekLit:tlg0656.tlg001.wellmann1906:4.83	proposed				
urn:cts:greekLit:tlg0656.tlg001.sprengel1829:4.85	edition_of	urn:cts:greekLit:tlg0656.tlg001.wellmann1906:4.84	proposed				
urn:cts:greekLit:tlg0656.tlg001.sprengel1829:4.86	edition_of	urn:cts:greekLit:tlg0656.tlg001.wellmann1906:4.85	proposed				
urn:cts:greekLit:tlg0656.tlg001.sprengel1829:4.87	edition_of	urn:cts:greekLit:tlg0656.tlg001.wellmann1906:4.87	proposed				
urn:cts:greekLit:tlg0656.tlg001.sprengel1829:4.88	edition_of	urn:cts:greekLit:tlg0656.tlg001.wellmann1906:4.88	proposed				
urn:cts:greekLit:tlg0656.tlg001.sprengel1829:4.89@Ἀείζωον[1]-προειρημένῳ[1]	edition_of	urn:cts:greekLit:tlg0656.tlg001.wellmann1906:4.89	proposed			Ἀείζωον τὸμικρὸν⁹⁰ οἱ	
urn:cts:greekLit:tlg0656.tlg001.sprengel1829:4.89@Κεφ[1]-καταπλασθέν[1]	edition_of	urn:cts:greekLit:tlg0656.tlg001.wellmann1906:4.90	proposed			Κεφ ϛαʹ Περὶ	
urn:cts:greekLit:tlg0656.tlg001.sprengel1829:4.90	edition_of	urn:cts:greekLit:tlg0656.tlg001.wellmann1906:4.91	proposed				
urn:cts:greekLit:tlg0656.tlg001.sprengel1829:4.91	edition_of	urn:cts:greekLit:tlg0656.tlg001.wellmann1906:4.92	proposed				
urn:cts:greekLit:tlg0656.tlg001.sprengel1829:4.92	edition_of	urn:cts:greekLit:tlg0656.tlg001.wellmann1906:4.93	proposed				
urn:cts:greekLit:tlg0656.tlg001.sprengel1829:4.93	edition_of	urn:cts:greekLit:tlg0656.tlg001.wellmann1906:4.94	proposed				
urn:cts:greekLit:tlg0656.tlg001.sprengel1829:4.94	edition_of	urn:cts:greekLit:tlg0656.tlg001.wellmann1906:4.95	proposed				
urn:cts:greekLit:tlg0656.tlg001.sprengel1829:4.95	edition_of	urn:cts:greekLit:tlg0656.tlg001.wellmann1906:4.96	proposed				
urn:cts:greekLit:tlg0656.tlg001.sprengel1829:4.96	edition_of	urn:cts:greekLit:tlg0656.tlg001.wellmann1906:4.97	proposed				
urn:cts:greekLit:tlg0656.tlg001.sprengel1829:4.97	edition_of	urn:cts:greekLit:tlg0656.tlg001.wellmann1906:4.98	proposed				
urn:cts:greekLit:tlg0656.tlg001.sprengel1829:4.98	edition_of	urn:cts:greekLit:tlg0656.tlg001.wellmann1906:4.99	proposed				
urn:cts:greekLit:tlg0656.tlg001.sprengel1829:4.99@Ποταμογείτων[1]-φύεσθαι[1]	edition_of	urn:cts:greekLit:tlg0656.tlg001.wellmann1906:4.100	proposed			Ποταμογείτων οἱ δὲ	
urn:cts:greekLit:tlg0656.tlg001.sprengel1829:4.100	edition_of	urn:cts:greekLit:tlg0656.tlg001.wellmann1906:4.101	proposed				
urn:cts:greekLit:tlg0656.tlg001.sprengel1829:4.101	edition_of	urn:cts:greekLit:tlg0656.tlg001.wellmann1906:4.102	proposed				
urn:cts:greekLit:tlg0656.tlg001.sprengel1829:4.102	edition_of	urn:cts:greekLit:tlg0656.tlg001.wellmann1906:4.103	proposed				
urn:cts:greekLit:tlg0656.tlg001.sprengel1829:4.103	edition_of	urn:cts:greekLit:tlg0656.tlg001.wellmann1906:4.104	proposed				
urn:cts:greekLit:tlg0656.tlg001.sprengel1829:4.104	edition_of	urn:cts:greekLit:tlg0656.tlg001.wellmann1906:4.105	proposed				
urn:cts:greekLit:tlg0656.tlg001.sprengel1829:4.105	edition_of	urn:cts:greekLit:tlg0656.tlg001.wellmann1906:4.106	proposed				
urn:cts:greekLit:tlg0656.tlg001.sprengel1829:4.106	edition_of	urn:cts:greekLit:tlg0656.tlg001.wellmann1906:4.107	proposed				
urn:cts:greekLit:tlg0656.tlg001.sprengel1829:4.107	edition_of	urn:cts:greekLit:tlg0656.tlg001.wellmann1906:4.108	proposed				
urn:cts:greekLit:tlg0656.tlg001.sprengel1829:4.108	edition_of	urn:cts:greekLit:tlg0656.tlg001.wellmann1906:4.109	proposed				
urn:cts:greekLit:tlg0656.tlg001.sprengel1829:4.109	edition_of	urn:cts:greekLit:tlg0656.tlg001.wellmann1906:4.110	proposed				
urn:cts:greekLit:tlg0656.tlg001.sprengel1829:4.110	edition_of	urn:cts:greekLit:tlg0656.tlg001.wellmann1906:4.111	proposed				
urn:cts:greekLit:tlg0656.tlg001.sprengel1829:4.111	edition_of	urn:cts:greekLit:tlg0656.tlg001.wellmann1906:4.112	proposed				
urn:cts:greekLit:tlg0656.tlg001.sprengel1829:4.112	edition_of	urn:cts:greekLit:tlg0656.tlg001.wellmann1906:4.113	proposed				
urn:cts:greekLit:tlg0656.tlg001.sprengel1829:4.113	edition_of	urn:cts:greekLit:tlg0656.tlg001.wellmann1906:4.114	proposed				
urn:cts:greekLit:tlg0656.tlg001.sprengel1829:4.114	edition_of	urn:cts:greekLit:tlg0656.tlg001.wellmann1906:4.115	proposed				
urn:cts:greekLit:tlg0656.tlg001.sprengel1829:4.115	edition_of	urn:cts:greekLit:tlg0656.tlg001.wellmann1906:4.116	proposed				
urn:cts:greekLit:tlg0656.tlg001.sprengel1829:4.116	edition_of	urn:cts:greekLit:tlg0656.tlg001.wellmann1906:4.117	proposed				
urn:cts:greekLit:tlg0656.tlg001.sprengel1829:4.117	edition_of	urn:cts:greekLit:tlg0656.tlg001.wellmann1906:4.118	proposed				
urn:cts:greekLit:tlg0656.tlg001.sprengel1829:4.118	edition_of	urn:cts:greekLit:tlg0656.tlg001.wellmann1906:4.119	proposed				
urn:cts:greekLit:tlg0656.tlg001.sprengel1829:4.119	edition_of	urn:cts:greekLit:tlg0656.tlg001.wellmann1906:4.120	proposed				
urn:cts:greekLit:tlg0656.tlg001.sprengel1829:4.120	edition_of	urn:cts:greekLit:tlg0656.tlg001.wellmann1906:4.121	proposed				
urn:cts:greekLit:tlg0656.tlg001.sprengel1829:4.121	edition_of	urn:cts:greekLit:tlg0656.tlg001.wellmann1906:4.122	proposed				
urn:cts:greekLit:tlg0656.tlg001.sprengel1829:4.122	edition_of	urn:cts:greekLit:tlg0656.tlg001.wellmann1906:4.123	proposed				
urn:cts:greekLit:tlg0656.tlg001.sprengel1829:4.123	edition_of	urn:cts:greekLit:tlg0656.tlg001.wellmann1906:4.124	proposed				
urn:cts:greekLit:tlg0656.tlg001.sprengel1829:4.124	edition_of	urn:cts:greekLit:tlg0656.tlg001.wellmann1906:4.125	proposed				
urn:cts:greekLit:tlg0656.tlg001.sprengel1829:4.125	edition_of	urn:cts:greekLit:tlg0656.tlg001.wellmann1906:4.126	proposed				
urn:cts:greekLit:tlg0656.tlg001.sprengel1829:4.126	edition_of	urn:cts:greekLit:tlg0656.tlg001.wellmann1906:4.127@βούγλωσσον[1]-εἶναι[1]	proposed	0	22		βούγλωσσον ἔοικε φλόμῳ
urn:cts:greekLit:tlg0656.tlg001.sprengel1829:4.127	edition_of	urn:cts:greekLit:tlg0656.tlg001.wellmann1906:4.127@κυνόγλωσσον[1]-μαλακτική[1]	proposed	23	89		κυνόγλωσσον οἱ δὲ
urn:cts:greekLit:tlg0656.tlg001.sprengel1829:4.128	edition_of	urn:cts:greekLit:tlg0656.tlg001.wellmann1906:4.128	proposed				
urn:cts:greekLit:tlg0656.tlg001.sprengel1829:4.129	edition_of	urn:cts:greekLit:tlg0656.tlg001.wellmann1906:4.133	proposed				
urn:cts:greekLit:tlg0656.tlg001.sprengel1829:4.130	edition_of	urn:cts:greekLit:tlg0656.tlg001.wellmann1906:4.129	proposed				
urn:cts:greekLit:tlg0656.tlg001.sprengel1829:4.131	edition_of	urn:cts:greekLit:tlg0656.tlg001.wellmann1906:4.130	proposed				
urn:cts:greekLit:tlg0656.tlg001.sprengel1829:4.132	edition_of	urn:cts:greekLit:tlg0656.tlg001.wellmann1906:4.131	proposed				
urn:cts:greekLit:tlg0656.tlg001.sprengel1829:4.133	edition_of	urn:cts:greekLit:tlg0656.tlg001.wellmann1906:4.132	proposed				
urn:cts:greekLit:tlg0656.tlg001.sprengel1829:4.134	edition_of	urn:cts:greekLit:tlg0656.tlg001.wellmann1906:4.134	proposed				
urn:cts:greekLit:tlg0656.tlg001.sprengel1829:4.135	edition_of	urn:cts:greekLit:tlg0656.tlg001.wellmann1906:4.135	proposed				
urn:cts:greekLit:tlg0656.tlg001.sprengel1829:4.136	edition_of	urn:cts:greekLit:tlg0656.tlg001.wellmann1906:4.136	proposed				
urn:cts:greekLit:tlg0656.tlg001.sprengel1829:4.137	edition_of	urn:cts:greekLit:tlg0656.tlg001.wellmann1906:4.137	proposed				
urn:cts:greekLit:tlg0656.tlg001.sprengel1829:4.139	edition_of	urn:cts:greekLit:tlg0656.tlg001.wellmann1906:4.138	proposed				
urn:cts:greekLit:tlg0656.tlg001.sprengel1829:4.140	edition_of	urn:cts:greekLit:tlg0656.tlg001.wellmann1906:4.139	proposed				
urn:cts:greekLit:tlg0656.tlg001.sprengel1829:4.141	edition_of	urn:cts:greekLit:tlg0656.tlg001.wellmann1906:4.140	proposed				
urn:cts:greekLit:tlg0656.tlg001.sprengel1829:4.142	edition_of	urn:cts:greekLit:tlg0656.tlg001.wellmann1906:4.142	proposed				
urn:cts:greekLit:tlg0656.tlg001.sprengel1829:4.143	edition_of	urn:cts:greekLit:tlg0656.tlg001.wellmann1906:4.143	proposed				
urn:cts:greekLit:tlg0656.tlg001.sprengel1829:4.144	edition_of	urn:cts:greekLit:tlg0656.tlg001.wellmann1906:4.144	proposed				
urn:cts:greekLit:tlg0656.tlg001.sprengel1829:4.145	edition_of	urn:cts:greekLit:tlg0656.tlg001.wellmann1906:4.145	proposed				
urn:cts:greekLit:tlg0656.tlg001.sprengel1829:4.146	edition_of	urn:cts:greekLit:tlg0656.tlg001.wellmann1906:4.146	proposed				
urn:cts:greekLit:tlg0656.tlg001.sprengel1829:4.147@Χαμαιδάφνη[1]-οὐσουβίμ[1]	edition_of	urn:cts:greekLit:tlg0656.tlg001.wellmann1906:4.147	proposed			Χαμαιδάφνη οἱ δὲ	
urn:cts:greekLit:tlg0656.tlg001.sprengel1829:4.147@οἱ[4]-ποιεῖ[1]	edition_of	urn:cts:greekLit:tlg0656.tlg001.wellmann1906:4.147a	proposed			οἱ δὲ καὶ	
urn:cts:greekLit:tlg0656.tlg001.sprengel1829:4.148	edition_of	urn:cts:greekLit:tlg0656.tlg001.wellmann1906:4.148	proposed				
urn:cts:greekLit:tlg0656.tlg001.sprengel1829:4.149	edition_of	urn:cts:greekLit:tlg0656.tlg001.wellmann1906:4.162	proposed				
urn:cts:greekLit:tlg0656.tlg001.sprengel1829:4.150	edition_of	urn:cts:greekLit:tlg0656.tlg001.wellmann1906:4.149	proposed				
urn:cts:greekLit:tlg0656.tlg001.sprengel1829:4.151	edition_of	urn:cts:greekLit:tlg0656.tlg001.wellmann1906:4.163	proposed				
urn:cts:greekLit:tlg0656.tlg001.sprengel1829:4.152	edition_of	urn:cts:greekLit:tlg0656.tlg001.wellmann1906:4.150.1-4.150.2	proposed	0	163		
urn:cts:greekLit:tlg0656.tlg001.sprengel1829:4.152bis	edition_of	urn:cts:greekLit:tlg0656.tlg001.wellmann1906:4.150.3-4.150.7	proposed	163	582		
urn:cts:greekLit:tlg0656.tlg001.sprengel1829:4.153	edition_of	urn:cts:greekLit:tlg0656.tlg001.wellmann1906:4.152	proposed				
urn:cts:greekLit:tlg0656.tlg001.sprengel1829:4.154	edition_of	urn:cts:greekLit:tlg0656.tlg001.wellmann1906:4.153	proposed				
urn:cts:greekLit:tlg0656.tlg001.sprengel1829:4.155	edition_of	urn:cts:greekLit:tlg0656.tlg001.wellmann1906:4.154	proposed				
urn:cts:greekLit:tlg0656.tlg001.sprengel1829:4.156	edition_of	urn:cts:greekLit:tlg0656.tlg001.wellmann1906:4.155	proposed				
urn:cts:greekLit:tlg0656.tlg001.sprengel1829:4.157	edition_of	urn:cts:greekLit:tlg0656.tlg001.wellmann1906:4.157	proposed				
urn:cts:greekLit:tlg0656.tlg001.sprengel1829:4.158	edition_of	urn:cts:greekLit:tlg0656.tlg001.wellmann1906:4.158	proposed				
urn:cts:greekLit:tlg0656.tlg001.sprengel1829:4.159	edition_of	urn:cts:greekLit:tlg0656.tlg001.wellmann1906:4.159	proposed				
urn:cts:greekLit:tlg0656.tlg001.sprengel1829:4.160	edition_of	urn:cts:greekLit:tlg0656.tlg001.wellmann1906:4.160	proposed				
urn:cts:greekLit:tlg0656.tlg001.sprengel1829:4.161	edition_of	urn:cts:greekLit:tlg0656.tlg001.wellmann1906:4.161	proposed				
urn:cts:greekLit:tlg0656.tlg001.sprengel1829:4.162	edition_of	urn:cts:greekLit:tlg0656.tlg001.wellmann1906:4.164	proposed				
urn:cts:greekLit:tlg0656.tlg001.sprengel1829:4.163	edition_of	urn:cts:greekLit:tlg0656.tlg001.wellmann1906:4.165	proposed				
urn:cts:greekLit:tlg0656.tlg001.sprengel1829:4.164	edition_of	urn:cts:greekLit:tlg0656.tlg001.wellmann1906:4.166	proposed				
urn:cts:greekLit:tlg0656.tlg001.sprengel1829:4.165	edition_of	urn:cts:greekLit:tlg0656.tlg001.wellmann1906:4.167	proposed				
urn:cts:greekLit:tlg0656.tlg001.sprengel1829:4.166	edition_of	urn:cts:greekLit:tlg0656.tlg001.wellmann1906:4.168	proposed				
urn:cts:greekLit:tlg0656.tlg001.sprengel1829:4.167	edition_of	urn:cts:greekLit:tlg0656.tlg001.wellmann1906:4.169	proposed				
urn:cts:greekLit:tlg0656.tlg001.sprengel1829:4.168	edition_of	urn:cts:greekLit:tlg0656.tlg001.wellmann1906:4.170	proposed				
urn:cts:greekLit:tlg0656.tlg001.sprengel1829:4.169	edition_of	urn:cts:greekLit:tlg0656.tlg001.wellmann1906:4.171	proposed				
urn:cts:greekLit:tlg0656.tlg001.sprengel1829:4.170	edition_of	urn:cts:greekLit:tlg0656.tlg001.wellmann1906:4.172	proposed				
urn:cts:greekLit:tlg0656.tlg001.sprengel1829:4.171	edition_of	urn:cts:greekLit:tlg0656.tlg001.wellmann1906:4.173.1	proposed	0	54		
urn:cts:greekLit:tlg0656.tlg001.sprengel1829:4.172	edition_of	urn:cts:greekLit:tlg0656.tlg001.wellmann1906:4.173.2-4.173.3	proposed	54	222		
urn:cts:greekLit:tlg0656.tlg001.sprengel1829:4.173	edition_of	urn:cts:greekLit:tlg0656.tlg001.wellmann1906:4.174	proposed				
urn:cts:greekLit:tlg0656.tlg001.sprengel1829:4.174	edition_of	urn:cts:greekLit:tlg0656.tlg001.wellmann1906:4.175	proposed				
urn:cts:greekLit:tlg0656.tlg001.sprengel1829:4.175	edition_of	urn:cts:greekLit:tlg0656.tlg001.wellmann1906:4.176	proposed				
urn:cts:greekLit:tlg0656.tlg001.sprengel1829:4.176	edition_of	urn:cts:greekLit:tlg0656.tlg001.wellmann1906:4.177	proposed				
urn:cts:greekLit:tlg0656.tlg001.sprengel1829:4.177	edition_of	urn:cts:greekLit:tlg0656.tlg001.wellmann1906:4.178	proposed				
urn:cts:greekLit:tlg0656.tlg001.sprengel1829:4.178	edition_of	urn:cts:greekLit:tlg0656.tlg001.wellmann1906:4.179	proposed				
urn:cts:greekLit:tlg0656.tlg001.sprengel1829:4.179	edition_of	urn:cts:greekLit:tlg0656.tlg001.wellmann1906:4.180	proposed				
urn:cts:greekLit:tlg0656.tlg001.sprengel1829:4.180	edition_of	urn:cts:greekLit:tlg0656.tlg001.wellmann1906:4.181	proposed				
urn:cts:greekLit:tlg0656.tlg001.sprengel1829:4.181	edition_of	urn:cts:greekLit:tlg0656.tlg001.wellmann1906:4.182	proposed				
urn:cts:greekLit:tlg0656.tlg001.sprengel1829:4.182	edition_of	urn:cts:greekLit:tlg0656.tlg001.wellmann1906:4.183	proposed				
urn:cts:greekLit:tlg0656.tlg001.sprengel1829:4.183	edition_of	urn:cts:greekLit:tlg0656.tlg001.wellmann1906:4.184	proposed				
urn:cts:greekLit:tlg0656.tlg001.sprengel1829:4.184	edition_of	urn:cts:greekLit:tlg0656.tlg001.wellmann1906:4.185	proposed				
urn:cts:greekLit:tlg0656.tlg001.sprengel1829:4.185	edition_of	urn:cts:greekLit:tlg0656.tlg001.wellmann1906:4.186	proposed				
urn:cts:greekLit:tlg0656.tlg001.sprengel1829:4.186	edition_of	urn:cts:greekLit:tlg0656.tlg001.wellmann1906:4.187	proposed				
urn:cts:greekLit:tlg0656.tlg001.sprengel1829:4.187	edition_of	urn:cts:greekLit:tlg0656.tlg001.wellmann1906:4.188	proposed				
urn:cts:greekLit:tlg0656.tlg001.sprengel1829:4.188	edition_of	urn:cts:greekLit:tlg0656.tlg001.wellmann1906:4.189	proposed				
urn:cts:greekLit:tlg0656.tlg001.sprengel1829:4.189	edition_of	urn:cts:greekLit:tlg0656.tlg001.wellmann1906:4.190RVRV	proposed				
urn:cts:greekLit:tlg0656.tlg001.sprengel1829:4.190	edition_of	urn:cts:greekLit:tlg0656.tlg001.wellmann1906:4.190	proposed				
urn:cts:greekLit:tlg0656.tlg001.sprengel1829:4.191	edition_of	urn:cts:greekLit:tlg0656.tlg001.wellmann1906:4.191	proposed				
urn:cts:greekLit:tlg0656.tlg001.sprengel1829:4.192	edition_of	urn:cts:greekLit:tlg0656.tlg001.wellmann1906:4.192	proposed				
urn:cts:greekLit:tlg0656.tlg001.sprengel1829:5.praef	edition_of	urn:cts:greekLit:tlg0656.tlg001.wellmann1906:5.arg	proposed				
urn:cts:greekLit:tlg0656.tlg001.sprengel1829:5.1	edition_of	urn:cts:greekLit:tlg0656.tlg001.wellmann1906:5.1	proposed				
urn:cts:greekLit:tlg0656.tlg001.sprengel1829:5.2	edition_of	urn:cts:greekLit:tlg0656.tlg001.wellmann1906:5.2	proposed				
urn:cts:greekLit:tlg0656.tlg001.sprengel1829:5.3	edition_of	urn:cts:greekLit:tlg0656.tlg001.wellmann1906:5.3.1-5.3.2	proposed	0	157		
urn:cts:greekLit:tlg0656.tlg001.sprengel1829:5.4	edition_of	urn:cts:greekLit:tlg0656.tlg001.wellmann1906:5.3.3	proposed	157	252		
urn:cts:greekLit:tlg0656.tlg001.sprengel1829:5.5	edition_of	urn:cts:greekLit:tlg0656.tlg001.wellmann1906:5.4	proposed				
urn:cts:greekLit:tlg0656.tlg001.sprengel1829:5.6	edition_of	urn:cts:greekLit:tlg0656.tlg001.wellmann1906:5.5	proposed				
urn:cts:greekLit:tlg0656.tlg001.sprengel1829:5.7	edition_of	urn:cts:greekLit:tlg0656.tlg001.wellmann1906:5.6.1	proposed	0	61		
urn:cts:greekLit:tlg0656.tlg001.sprengel1829:5.8	edition_of	urn:cts:greekLit:tlg0656.tlg001.wellmann1906:5.6.2@ἔτι[1]-μὲν[2]	proposed	61	112		ἔτι ὁ μὲν
urn:cts:greekLit:tlg0656.tlg001.sprengel1829:5.9	edition_of	urn:cts:greekLit:tlg0656.tlg001.wellmann1906:5.6@γὰρ[1]-κακοστόμαχοι[2]	proposed	112	354		γὰρ γλυκὺς οἶνος
urn:cts:greekLit:tlg0656.tlg001.sprengel1829:5.10	edition_of	urn:cts:greekLit:tlg0656.tlg001.wellmann1906:5.6.6-5.6.9	proposed	354	593		
urn:cts:greekLit:tlg0656.tlg001.sprengel1829:5.11	edition_of	urn:cts:greekLit:tlg0656.tlg001.wellmann1906:5.6.10-5.6.13	proposed	593	915		
urn:cts:greekLit:tlg0656.tlg001.sprengel1829:5.12	edition_of	urn:cts:greekLit:tlg0656.tlg001.wellmann1906:5.6@ὀμφακίτης[1]-δευτερίας[1]	proposed	915	992		ὀμφακίτης ὁ δὲ
urn:cts:greekLit:tlg0656.tlg001.sprengel1829:5.13	edition_of	urn:cts:greekLit:tlg0656.tlg001.wellmann1906:5.6@ὁ[40]-δὲ[76]	proposed	992	1140		ὁ δὲ καλούμενος
urn:cts:greekLit:tlg0656.tlg001.sprengel1829:5.14	edition_of	urn:cts:greekLit:tlg0656.tlg001.wellmann1906:5.6.17@ἐκ[1]-χρῄζει[1]	proposed	1140	1161		ἐκ τῆς ἀγρίας
urn:cts:greekLit:tlg0656.tlg001.sprengel1829:5.15	edition_of	urn:cts:greekLit:tlg0656.tlg001.wellmann1906:5.7	proposed				
urn:cts:greekLit:tlg0656.tlg001.sprengel1829:5.16	edition_of	urn:cts:greekLit:tlg0656.tlg001.wellmann1906:5.8	proposed				
urn:cts:greekLit:tlg0656.tlg001.sprengel1829:5.17	edition_of	urn:cts:greekLit:tlg0656.tlg001.wellmann1906:5.9	proposed				
urn:cts:greekLit:tlg0656.tlg001.sprengel1829:5.18	edition_of	urn:cts:greekLit:tlg0656.tlg001.wellmann1906:5.10	proposed				
urn:cts:greekLit:tlg0656.tlg001.sprengel1829:5.19	edition_of	urn:cts:greekLit:tlg0656.tlg001.wellmann1906:5.11	proposed				
urn:cts:greekLit:tlg0656.tlg001.sprengel1829:5.20	edition_of	urn:cts:greekLit:tlg0656.tlg001.wellmann1906:5.12	proposed				
urn:cts:greekLit:tlg0656.tlg001.sprengel1829:5.21	edition_of	urn:cts:greekLit:tlg0656.tlg001.wellmann1906:5.13	proposed				
urn:cts:greekLit:tlg0656.tlg001.sprengel1829:5.22	edition_of	urn:cts:greekLit:tlg0656.tlg001.wellmann1906:5.14	proposed				
urn:cts:greekLit:tlg0656.tlg001.sprengel1829:5.23	edition_of	urn:cts:greekLit:tlg0656.tlg001.wellmann1906:5.15	proposed				
urn:cts:greekLit:tlg0656.tlg001.sprengel1829:5.24	edition_of	urn:cts:greekLit:tlg0656.tlg001.wellmann1906:5.16	proposed				
urn:cts:greekLit:tlg0656.tlg001.sprengel1829:5.25	edition_of	urn:cts:greekLit:tlg0656.tlg001.wellmann1906:5.17	proposed				
urn:cts:greekLit:tlg0656.tlg001.sprengel1829:5.26	edition_of	urn:cts:greekLit:tlg0656.tlg001.wellmann1906:5.18	proposed				
urn:cts:greekLit:tlg0656.tlg001.sprengel1829:5.27	edition_of	urn:cts:greekLit:tlg0656.tlg001.wellmann1906:5.19.1-5.19.2	proposed	0	86		
urn:cts:greekLit:tlg0656.tlg001.sprengel1829:5.28@Οὐκἄχρηστον[1]-σκευαζόμενος³²[1]	edition_of	urn:cts:greekLit:tlg0656.tlg001.wellmann1906:5.19.3	proposed	86	145	Οὐκἄχρηστον δὲ ὑπογράψαι	
urn:cts:greekLit:tlg0656.tlg001.sprengel1829:5.28@Ὁ[1]-δυσουροῦσι[1]	edition_of	urn:cts:greekLit:tlg0656.tlg001.wellmann1906:5.20	proposed			Ὁ μὲν οὖνκυδωνίτης	
urn:cts:greekLit:tlg0656.tlg001.sprengel1829:5.29	edition_of	urn:cts:greekLit:tlg0656.tlg001.wellmann1906:5.21	proposed				
urn:cts:greekLit:tlg0656.tlg001.sprengel1829:5.30	edition_of	urn:cts:greekLit:tlg0656.tlg001.wellmann1906:5.22	proposed				
urn:cts:greekLit:tlg0656.tlg001.sprengel1829:5.31	edition_of	urn:cts:greekLit:tlg0656.tlg001.wellmann1906:5.23	proposed				
urn:cts:greekLit:tlg0656.tlg001.sprengel1829:5.32	edition_of	urn:cts:greekLit:tlg0656.tlg001.wellmann1906:5.24	proposed				
urn:cts:greekLit:tlg0656.tlg001.sprengel1829:5.33	edition_of	urn:cts:greekLit:tlg0656.tlg001.wellmann1906:5.25	proposed				
urn:cts:greekLit:tlg0656.tlg001.sprengel1829:5.34	edition_of	urn:cts:greekLit:tlg0656.tlg001.wellmann1906:5.26	proposed				
urn:cts:greekLit:tlg0656.tlg001.sprengel1829:5.35	edition_of	urn:cts:greekLit:tlg0656.tlg001.wellmann1906:5.27	proposed				
urn:cts:greekLit:tlg0656.tlg001.sprengel1829:5.36	edition_of	urn:cts:greekLit:tlg0656.tlg001.wellmann1906:5.28	proposed				
urn:cts:greekLit:tlg0656.tlg001.sprengel1829:5.37	edition_of	urn:cts:greekLit:tlg0656.tlg001.wellmann1906:5.29@μυρσινίης[1]-ἱδρῶτας[1]	proposed	0	58		μυρσινίης δὲ σκευάζεται
urn:cts:greekLit:tlg0656.tlg001.sprengel1829:5.38	edition_of	urn:cts:greekLit:tlg0656.tlg001.wellmann1906:5.30@καὶ[1]-σκευάζεται[1]	proposed	0	8		καὶ ὁ σχίνινος
urn:cts:greekLit:tlg0656.tlg001.sprengel1829:5.39	edition_of	urn:cts:greekLit:tlg0656.tlg001.wellmann1906:5.30@καὶ[2]-ἐγκαθιζόμενοι[1]	proposed	8	51		καὶ ὁ τερμίνθινος
urn:cts:greekLit:tlg0656.tlg001.sprengel1829:5.40	edition_of	urn:cts:greekLit:tlg0656.tlg001.wellmann1906:5.31	proposed				
urn:cts:greekLit:tlg0656.tlg001.sprengel1829:5.41	edition_of	urn:cts:greekLit:tlg0656.tlg001.wellmann1906:5.32	proposed				
urn:cts:greekLit:tlg0656.tlg001.sprengel1829:5.42	edition_of	urn:cts:greekLit:tlg0656.tlg001.wellmann1906:5.33	proposed				
urn:cts:greekLit:tlg0656.tlg001.sprengel1829:5.43	edition_of	urn:cts:greekLit:tlg0656.tlg001.wellmann1906:5.34	proposed				
urn:cts:greekLit:tlg0656.tlg001.sprengel1829:5.44	edition_of	urn:cts:greekLit:tlg0656.tlg001.wellmann1906:5.35	proposed				
urn:cts:greekLit:tlg0656.tlg001.sprengel1829:5.45	edition_of	urn:cts:greekLit:tlg0656.tlg001.wellmann1906:5.36@36[1]-μεταγγίζειν[2]	proposed	0	117		36 ὁ δὲ
urn:cts:greekLit:tlg0656.tlg001.sprengel1829:5.46	edition_of	urn:cts:greekLit:tlg0656.tlg001.wellmann1906:5.36.2@γίνεται[2]-ποιῶν[1]	proposed	117	131		γίνεται καὶ ὁ
urn:cts:greekLit:tlg0656.tlg001.sprengel1829:5.47	edition_of	urn:cts:greekLit:tlg0656.tlg001.wellmann1906:5.37	proposed				
urn:cts:greekLit:tlg0656.tlg001.sprengel1829:5.48	edition_of	urn:cts:greekLit:tlg0656.tlg001.wellmann1906:5.38	proposed				
urn:cts:greekLit:tlg0656.tlg001.sprengel1829:5.49	edition_of	urn:cts:greekLit:tlg0656.tlg001.wellmann1906:5.39	proposed				
urn:cts:greekLit:tlg0656.tlg001.sprengel1829:5.50	edition_of	urn:cts:greekLit:tlg0656.tlg001.wellmann1906:5.40	proposed				
urn:cts:greekLit:tlg0656.tlg001.sprengel1829:5.51	edition_of	urn:cts:greekLit:tlg0656.tlg001.wellmann1906:5.41	proposed				
urn:cts:greekLit:tlg0656.tlg001.sprengel1829:5.52	edition_of	urn:cts:greekLit:tlg0656.tlg001.wellmann1906:5.42	proposed				
urn:cts:greekLit:tlg0656.tlg001.sprengel1829:5.53	edition_of	urn:cts:greekLit:tlg0656.tlg001.wellmann1906:5.43	proposed				
urn:cts:greekLit:tlg0656.tlg001.sprengel1829:5.54	edition_of	urn:cts:greekLit:tlg0656.tlg001.wellmann1906:5.44	proposed				
urn:cts:greekLit:tlg0656.tlg001.sprengel1829:5.55	edition_of	urn:cts:greekLit:tlg0656.tlg001.wellmann1906:5.45	proposed				
urn:cts:greekLit:tlg0656.tlg001.sprengel1829:5.56	edition_of	urn:cts:greekLit:tlg0656.tlg001.wellmann1906:5.46	proposed				
urn:cts:greekLit:tlg0656.tlg001.sprengel1829:5.57	edition_of	urn:cts:greekLit:tlg0656.tlg001.wellmann1906:5.47	proposed				
urn:cts:greekLit:tlg0656.tlg001.sprengel1829:5.58	edition_of	urn:cts:greekLit:tlg0656.tlg001.wellmann1906:5.48	proposed				
urn:cts:greekLit:tlg0656.tlg001.sprengel1829:5.59	edition_of	urn:cts:greekLit:tlg0656.tlg001.wellmann1906:5.49	proposed				
urn:cts:greekLit:tlg0656.tlg001.sprengel1829:5.60	edition_of	urn:cts:greekLit:tlg0656.tlg001.wellmann1906:5.50	proposed				
urn:cts:greekLit:tlg0656.tlg001.sprengel1829:5.61	edition_of	urn:cts:greekLit:tlg0656.tlg001.wellmann1906:5.51	proposed				
urn:cts:greekLit:tlg0656.tlg001.sprengel1829:5.62	edition_of	urn:cts:greekLit:tlg0656.tlg001.wellmann1906:5.52	proposed				
urn:cts:greekLit:tlg0656.tlg001.sprengel1829:5.63	edition_of	urn:cts:greekLit:tlg0656.tlg001.wellmann1906:5.53	proposed				
urn:cts:greekLit:tlg0656.tlg001.sprengel1829:5.64	edition_of	urn:cts:greekLit:tlg0656.tlg001.wellmann1906:5.54	proposed				
urn:cts:greekLit:tlg0656.tlg001.sprengel1829:5.65	edition_of	urn:cts:greekLit:tlg0656.tlg001.wellmann1906:5.55	proposed				
urn:cts:greekLit:tlg0656.tlg001.sprengel1829:5.66	edition_of	urn:cts:greekLit:tlg0656.tlg001.wellmann1906:5.56	proposed				
urn:cts:greekLit:tlg0656.tlg001.sprengel1829:5.67	edition_of	urn:cts:greekLit:tlg0656.tlg001.wellmann1906:5.57	proposed				
urn:cts:greekLit:tlg0656.tlg001.sprengel1829:5.68	edition_of	urn:cts:greekLit:tlg0656.tlg001.wellmann1906:5.58	proposed				
urn:cts:greekLit:tlg0656.tlg001.sprengel1829:5.69	edition_of	urn:cts:greekLit:tlg0656.tlg001.wellmann1906:5.59	proposed				
urn:cts:greekLit:tlg0656.tlg001.sprengel1829:5.70	edition_of	urn:cts:greekLit:tlg0656.tlg001.wellmann1906:5.60	proposed				
urn:cts:greekLit:tlg0656.tlg001.sprengel1829:5.71	edition_of	urn:cts:greekLit:tlg0656.tlg001.wellmann1906:5.61	proposed				
urn:cts:greekLit:tlg0656.tlg001.sprengel1829:5.72	edition_of	urn:cts:greekLit:tlg0656.tlg001.wellmann1906:5.62	proposed				
urn:cts:greekLit:tlg0656.tlg001.sprengel1829:5.73	edition_of	urn:cts:greekLit:tlg0656.tlg001.wellmann1906:5.63	proposed				
urn:cts:greekLit:tlg0656.tlg001.sprengel1829:5.74	edition_of	urn:cts:greekLit:tlg0656.tlg001.wellmann1906:5.64	proposed				
urn:cts:greekLit:tlg0656.tlg001.sprengel1829:5.75	edition_of	urn:cts:greekLit:tlg0656.tlg001.wellmann1906:5.65	proposed				
urn:cts:greekLit:tlg0656.tlg001.sprengel1829:5.76	edition_of	urn:cts:greekLit:tlg0656.tlg001.wellmann1906:5.66	proposed				
urn:cts:greekLit:tlg0656.tlg001.sprengel1829:5.77	edition_of	urn:cts:greekLit:tlg0656.tlg001.wellmann1906:5.67	proposed				
urn:cts:greekLit:tlg0656.tlg001.sprengel1829:5.78	edition_of	urn:cts:greekLit:tlg0656.tlg001.wellmann1906:5.68	proposed				
urn:cts:greekLit:tlg0656.tlg001.sprengel1829:5.79	edition_of	urn:cts:greekLit:tlg0656.tlg001.wellmann1906:5.69	proposed				
urn:cts:greekLit:tlg0656.tlg001.sprengel1829:5.80	edition_of	urn:cts:greekLit:tlg0656.tlg001.wellmann1906:5.70	proposed				
urn:cts:greekLit:tlg0656.tlg001.sprengel1829:5.81	edition_of	urn:cts:greekLit:tlg0656.tlg001.wellmann1906:5.71	proposed				
urn:cts:greekLit:tlg0656.tlg001.sprengel1829:5.82	edition_of	urn:cts:greekLit:tlg0656.tlg001.wellmann1906:5.72	proposed				
urn:cts:greekLit:tlg0656.tlg001.sprengel1829:5.83	edition_of	urn:cts:greekLit:tlg0656.tlg001.wellmann1906:5.73	proposed				
urn:cts:greekLit:tlg0656.tlg001.sprengel1829:5.84	edition_of	urn:cts:greekLit:tlg0656.tlg001.wellmann1906:5.74	proposed				
urn:cts:greekLit:tlg0656.tlg001.sprengel1829:5.85	edition_of	urn:cts:greekLit:tlg0656.tlg001.wellmann1906:5.75@75[1]-ἀρίστη[1]	proposed	0	748		75 πομφόλυξ σποδίου
urn:cts:greekLit:tlg0656.tlg001.sprengel1829:5.86	edition_of	urn:cts:greekLit:tlg0656.tlg001.wellmann1906:5.75@ἐπειδὴ[1]-καίουσιν[1]	proposed	748	903		ἐπειδὴ δὲ καὶ
urn:cts:greekLit:tlg0656.tlg001.sprengel1829:5.87	edition_of	urn:cts:greekLit:tlg0656.tlg001.wellmann1906:5.76	proposed				
urn:cts:greekLit:tlg0656.tlg001.sprengel1829:5.88	edition_of	urn:cts:greekLit:tlg0656.tlg001.wellmann1906:5.77	proposed				
urn:cts:greekLit:tlg0656.tlg001.sprengel1829:5.89	edition_of	urn:cts:greekLit:tlg0656.tlg001.wellmann1906:5.78@78[1]-ἀποτίθενται[1]	proposed	0	223		78 λεπὶς δὲ
urn:cts:greekLit:tlg0656.tlg001.sprengel1829:5.90	edition_of	urn:cts:greekLit:tlg0656.tlg001.wellmann1906:5.78.5@λεπίδος[1]-χαλκοῦ[2]	proposed	223	249		λεπίδος δὲ στομώματος
urn:cts:greekLit:tlg0656.tlg001.sprengel1829:5.91	edition_of	urn:cts:greekLit:tlg0656.tlg001.wellmann1906:5.79.1-5.79.5	proposed	0	299		
urn:cts:greekLit:tlg0656.tlg001.sprengel1829:5.92	edition_of	urn:cts:greekLit:tlg0656.tlg001.wellmann1906:5.79.6-5.79.11	proposed	299	633		
urn:cts:greekLit:tlg0656.tlg001.sprengel1829:5.93	edition_of	urn:cts:greekLit:tlg0656.tlg001.wellmann1906:5.80@80[1]-ἀναλελυμένῳ[1]	proposed	0	60		80 ἰὸς δὲ
urn:cts:greekLit:tlg0656.tlg001.sprengel1829:5.94	edition_of	urn:cts:greekLit:tlg0656.tlg001.wellmann1906:5.80.2@ἡ[1]-ὀξυμέλιτος[1]	proposed	60	81		ἡ δὲ σκωρία
urn:cts:greekLit:tlg0656.tlg001.sprengel1829:5.95	edition_of	urn:cts:greekLit:tlg0656.tlg001.wellmann1906:5.81.1-5.81.3	proposed	0	185		
urn:cts:greekLit:tlg0656.tlg001.sprengel1829:5.96	edition_of	urn:cts:greekLit:tlg0656.tlg001.wellmann1906:5.81.4-5.81.6	proposed	185	346		
urn:cts:greekLit:tlg0656.tlg001.sprengel1829:5.97	edition_of	urn:cts:greekLit:tlg0656.tlg001.wellmann1906:5.82	proposed				
urn:cts:greekLit:tlg0656.tlg001.sprengel1829:5.98	edition_of	urn:cts:greekLit:tlg0656.tlg001.wellmann1906:5.83	proposed				
urn:cts:greekLit:tlg0656.tlg001.sprengel1829:5.99	edition_of	urn:cts:greekLit:tlg0656.tlg001.wellmann1906:5.84	proposed				
urn:cts:greekLit:tlg0656.tlg001.sprengel1829:5.100	edition_of	urn:cts:greekLit:tlg0656.tlg001.wellmann1906:5.85	proposed				
urn:cts:greekLit:tlg0656.tlg001.sprengel1829:5.101	edition_of	urn:cts:greekLit:tlg0656.tlg001.wellmann1906:5.86	proposed				
urn:cts:greekLit:tlg0656.tlg001.sprengel1829:5.102	edition_of	urn:cts:greekLit:tlg0656.tlg001.wellmann1906:5.87	proposed				
urn:cts:greekLit:tlg0656.tlg001.sprengel1829:5.103	edition_of	urn:cts:greekLit:tlg0656.tlg001.wellmann1906:5.88	proposed				
urn:cts:greekLit:tlg0656.tlg001.sprengel1829:5.104	edition_of	urn:cts:greekLit:tlg0656.tlg001.wellmann1906:5.89	proposed				
urn:cts:greekLit:tlg0656.tlg001.sprengel1829:5.105	edition_of	urn:cts:greekLit:tlg0656.tlg001.wellmann1906:5.90	proposed				
urn:cts:greekLit:tlg0656.tlg001.sprengel1829:5.106	edition_of	urn:cts:greekLit:tlg0656.tlg001.wellmann1906:5.91	proposed				
urn:cts:greekLit:tlg0656.tlg001.sprengel1829:5.107	edition_of	urn:cts:greekLit:tlg0656.tlg001.wellmann1906:5.92	proposed				
urn:cts:greekLit:tlg0656.tlg001.sprengel1829:5.108	edition_of	urn:cts:greekLit:tlg0656.tlg001.wellmann1906:5.93	proposed				
urn:cts:greekLit:tlg0656.tlg001.sprengel1829:5.109	edition_of	urn:cts:greekLit:tlg0656.tlg001.wellmann1906:5.94	proposed				
urn:cts:greekLit:tlg0656.tlg001.sprengel1829:5.110	edition_of	urn:cts:greekLit:tlg0656.tlg001.wellmann1906:5.95	proposed				
urn:cts:greekLit:tlg0656.tlg001.sprengel1829:5.111	edition_of	urn:cts:greekLit:tlg0656.tlg001.wellmann1906:5.96.1-5.96.2	proposed	0	63		
urn:cts:greekLit:tlg0656.tlg001.sprengel1829:5.112	edition_of	urn:cts:greekLit:tlg0656.tlg001.wellmann1906:5.96.3	proposed	63	95		
urn:cts:greekLit:tlg0656.tlg001.sprengel1829:5.113	edition_of	urn:cts:greekLit:tlg0656.tlg001.wellmann1906:5.97	proposed				
urn:cts:greekLit:tlg0656.tlg001.sprengel1829:5.114	edition_of	urn:cts:greekLit:tlg0656.tlg001.wellmann1906:5.98	proposed				
urn:cts:greekLit:tlg0656.tlg001.sprengel1829:5.115	edition_of	urn:cts:greekLit:tlg0656.tlg001.wellmann1906:5.99.1-5.99.2	proposed	0	85		
urn:cts:greekLit:tlg0656.tlg001.sprengel1829:5.115bis	edition_of	urn:cts:greekLit:tlg0656.tlg001.wellmann1906:5.99.3-5.99.4	proposed	85	212		
urn:cts:greekLit:tlg0656.tlg001.sprengel1829:5.116	edition_of	urn:cts:greekLit:tlg0656.tlg001.wellmann1906:5.100	proposed				
urn:cts:greekLit:tlg0656.tlg001.sprengel1829:5.117	edition_of	urn:cts:greekLit:tlg0656.tlg001.wellmann1906:5.101	proposed				
urn:cts:greekLit:tlg0656.tlg001.sprengel1829:5.118	edition_of	urn:cts:greekLit:tlg0656.tlg001.wellmann1906:5.102	proposed				
urn:cts:greekLit:tlg0656.tlg001.sprengel1829:5.119	edition_of	urn:cts:greekLit:tlg0656.tlg001.wellmann1906:5.103	proposed				
urn:cts:greekLit:tlg0656.tlg001.sprengel1829:5.120	edition_of	urn:cts:greekLit:tlg0656.tlg001.wellmann1906:5.104	proposed				
urn:cts:greekLit:tlg0656.tlg001.sprengel1829:5.121	edition_of	urn:cts:greekLit:tlg0656.tlg001.wellmann1906:5.105	proposed				
urn:cts:greekLit:tlg0656.tlg001.sprengel1829:5.122	edition_of	urn:cts:greekLit:tlg0656.tlg001.wellmann1906:5.106	proposed				
urn:cts:greekLit:tlg0656.tlg001.sprengel1829:5.123	edition_of	urn:cts:greekLit:tlg0656.tlg001.wellmann1906:5.107	proposed				
urn:cts:greekLit:tlg0656.tlg001.sprengel1829:5.124	edition_of	urn:cts:greekLit:tlg0656.tlg001.wellmann1906:5.108	proposed				
urn:cts:greekLit:tlg0656.tlg001.sprengel1829:5.125	edition_of	urn:cts:greekLit:tlg0656.tlg001.wellmann1906:5.109	proposed				
urn:cts:greekLit:tlg0656.tlg001.sprengel1829:5.126	edition_of	urn:cts:greekLit:tlg0656.tlg001.wellmann1906:5.110	proposed				
urn:cts:greekLit:tlg0656.tlg001.sprengel1829:5.127	edition_of	urn:cts:greekLit:tlg0656.tlg001.wellmann1906:5.111	proposed				
urn:cts:greekLit:tlg0656.tlg001.sprengel1829:5.128	edition_of	urn:cts:greekLit:tlg0656.tlg001.wellmann1906:5.112	proposed				
urn:cts:greekLit:tlg0656.tlg001.sprengel1829:5.129	edition_of	urn:cts:greekLit:tlg0656.tlg001.wellmann1906:5.113.1@113[1]-Βρυγῶν[1]	proposed	0	22		113 νίτρον δὲ
urn:cts:greekLit:tlg0656.tlg001.sprengel1829:5.130	edition_of	urn:cts:greekLit:tlg0656.tlg001.wellmann1906:5.113@ἀφρὸς[1]-ἐκπυρωθῇ[1]	proposed	22	221		ἀφρὸς δὲ νίτρου
urn:cts:greekLit:tlg0656.tlg001.sprengel1829:5.131	edition_of	urn:cts:greekLit:tlg0656.tlg001.wellmann1906:5.114	proposed				
urn:cts:greekLit:tlg0656.tlg001.sprengel1829:5.132	edition_of	urn:cts:greekLit:tlg0656.tlg001.wellmann1906:5.115	proposed				
urn:cts:greekLit:tlg0656.tlg001.sprengel1829:5.133	edition_of	urn:cts:greekLit:tlg0656.tlg001.wellmann1906:5.116	proposed				
urn:cts:greekLit:tlg0656.tlg001.sprengel1829:5.134	edition_of	urn:cts:greekLit:tlg0656.tlg001.wellmann1906:5.117	proposed				
urn:cts:greekLit:tlg0656.tlg001.sprengel1829:5.135	edition_of	urn:cts:greekLit:tlg0656.tlg001.wellmann1906:5.118	proposed				
urn:cts:greekLit:tlg0656.tlg001.sprengel1829:5.136	edition_of	urn:cts:greekLit:tlg0656.tlg001.wellmann1906:5.119	proposed				
urn:cts:greekLit:tlg0656.tlg001.sprengel1829:5.137	edition_of	urn:cts:greekLit:tlg0656.tlg001.wellmann1906:5.120	proposed				
urn:cts:greekLit:tlg0656.tlg001.sprengel1829:5.138	edition_of	urn:cts:greekLit:tlg0656.tlg001.wellmann1906:5.121	proposed				
urn:cts:greekLit:tlg0656.tlg001.sprengel1829:5.139	edition_of	urn:cts:greekLit:tlg0656.tlg001.wellmann1906:5.122	proposed				
urn:cts:greekLit:tlg0656.tlg001.sprengel1829:5.140	edition_of	urn:cts:greekLit:tlg0656.tlg001.wellmann1906:5.123	proposed				
urn:cts:greekLit:tlg0656.tlg001.sprengel1829:5.141	edition_of	urn:cts:greekLit:tlg0656.tlg001.wellmann1906:5.124	proposed				
urn:cts:greekLit:tlg0656.tlg001.sprengel1829:5.142	edition_of	urn:cts:greekLit:tlg0656.tlg001.wellmann1906:5.125	proposed				
urn:cts:greekLit:tlg0656.tlg001.sprengel1829:5.143	edition_of	urn:cts:greekLit:tlg0656.tlg001.wellmann1906:5.126	proposed				
urn:cts:greekLit:tlg0656.tlg001.sprengel1829:5.144	edition_of	urn:cts:greekLit:tlg0656.tlg001.wellmann1906:5.127	proposed				
urn:cts:greekLit:tlg0656.tlg001.sprengel1829:5.145	edition_of	urn:cts:greekLit:tlg0656.tlg001.wellmann1906:5.128	proposed				
urn:cts:greekLit:tlg0656.tlg001.sprengel1829:5.146	edition_of	urn:cts:greekLit:tlg0656.tlg001.wellmann1906:5.129	proposed				
urn:cts:greekLit:tlg0656.tlg001.sprengel1829:5.147	edition_of	urn:cts:greekLit:tlg0656.tlg001.wellmann1906:5.130	proposed				
urn:cts:greekLit:tlg0656.tlg001.sprengel1829:5.148	edition_of	urn:cts:greekLit:tlg0656.tlg001.wellmann1906:5.131	proposed				
urn:cts:greekLit:tlg0656.tlg001.sprengel1829:5.149	edition_of	urn:cts:greekLit:tlg0656.tlg001.wellmann1906:5.132	proposed				
urn:cts:greekLit:tlg0656.tlg001.sprengel1829:5.150	edition_of	urn:cts:greekLit:tlg0656.tlg001.wellmann1906:5.133	proposed				
urn:cts:greekLit:tlg0656.tlg001.sprengel1829:5.151	edition_of	urn:cts:greekLit:tlg0656.tlg001.wellmann1906:5.134	proposed				
urn:cts:greekLit:tlg0656.tlg001.sprengel1829:5.152	edition_of	urn:cts:greekLit:tlg0656.tlg001.wellmann1906:5.135	proposed				
urn:cts:greekLit:tlg0656.tlg001.sprengel1829:5.153	edition_of	urn:cts:greekLit:tlg0656.tlg001.wellmann1906:5.136	proposed				
urn:cts:greekLit:tlg0656.tlg001.sprengel1829:5.154	edition_of	urn:cts:greekLit:tlg0656.tlg001.wellmann1906:5.137	proposed				
urn:cts:greekLit:tlg0656.tlg001.sprengel1829:5.155	edition_of	urn:cts:greekLit:tlg0656.tlg001.wellmann1906:5.138	proposed				
urn:cts:greekLit:tlg0656.tlg001.sprengel1829:5.156	edition_of	urn:cts:greekLit:tlg0656.tlg001.wellmann1906:5.139	proposed				
urn:cts:greekLit:tlg0656.tlg001.sprengel1829:5.157	edition_of	urn:cts:greekLit:tlg0656.tlg001.wellmann1906:5.140	proposed				
urn:cts:greekLit:tlg0656.tlg001.sprengel1829:5.158	edition_of	urn:cts:greekLit:tlg0656.tlg001.wellmann1906:5.141	proposed				
urn:cts:greekLit:tlg0656.tlg001.sprengel1829:5.159	edition_of	urn:cts:greekLit:tlg0656.tlg001.wellmann1906:5.142	proposed				
urn:cts:greekLit:tlg0656.tlg001.sprengel1829:5.161	edition_of	urn:cts:greekLit:tlg0656.tlg001.wellmann1906:5.143	proposed				
urn:cts:greekLit:tlg0656.tlg001.sprengel1829:5.162	edition_of	urn:cts:greekLit:tlg0656.tlg001.wellmann1906:5.144	proposed				
urn:cts:greekLit:tlg0656.tlg001.sprengel1829:5.163	edition_of	urn:cts:greekLit:tlg0656.tlg001.wellmann1906:5.145	proposed				
urn:cts:greekLit:tlg0656.tlg001.sprengel1829:5.164	edition_of	urn:cts:greekLit:tlg0656.tlg001.wellmann1906:5.146	proposed				
urn:cts:greekLit:tlg0656.tlg001.sprengel1829:5.165	edition_of	urn:cts:greekLit:tlg0656.tlg001.wellmann1906:5.147	proposed				
urn:cts:greekLit:tlg0656.tlg001.sprengel1829:5.166	edition_of	urn:cts:greekLit:tlg0656.tlg001.wellmann1906:5.148	proposed				
urn:cts:greekLit:tlg0656.tlg001.sprengel1829:5.167	edition_of	urn:cts:greekLit:tlg0656.tlg001.wellmann1906:5.149	proposed				
urn:cts:greekLit:tlg0656.tlg001.sprengel1829:5.168	edition_of	urn:cts:greekLit:tlg0656.tlg001.wellmann1906:5.150	proposed				
urn:cts:greekLit:tlg0656.tlg001.sprengel1829:5.169	edition_of	urn:cts:greekLit:tlg0656.tlg001.wellmann1906:5.151	proposed				
urn:cts:greekLit:tlg0656.tlg001.sprengel1829:5.170	edition_of	urn:cts:greekLit:tlg0656.tlg001.wellmann1906:5.152	proposed				
urn:cts:greekLit:tlg0656.tlg001.sprengel1829:5.171	edition_of	urn:cts:greekLit:tlg0656.tlg001.wellmann1906:5.153	proposed				
urn:cts:greekLit:tlg0656.tlg001.sprengel1829:5.172	edition_of	urn:cts:greekLit:tlg0656.tlg001.wellmann1906:5.154	proposed				
urn:cts:greekLit:tlg0656.tlg001.sprengel1829:5.173	edition_of	urn:cts:greekLit:tlg0656.tlg001.wellmann1906:5.155.1	proposed	0	52		
urn:cts:greekLit:tlg0656.tlg001.sprengel1829:5.174	edition_of	urn:cts:greekLit:tlg0656.tlg001.wellmann1906:5.155.2	proposed	52	76		
urn:cts:greekLit:tlg0656.tlg001.sprengel1829:5.175	edition_of	urn:cts:greekLit:tlg0656.tlg001.wellmann1906:5.156	proposed				
urn:cts:greekLit:tlg0656.tlg001.sprengel1829:5.176	edition_of	urn:cts:greekLit:tlg0656.tlg001.wellmann1906:5.157	proposed				
urn:cts:greekLit:tlg0656.tlg001.sprengel1829:5.177	edition_of	urn:cts:greekLit:tlg0656.tlg001.wellmann1906:5.158@ὄστρακα[1]-διαφορεῖ[1]	proposed	0	25		ὄστρακα δὲ τὰ
urn:cts:greekLit:tlg0656.tlg001.sprengel1829:5.178	edition_of	urn:cts:greekLit:tlg0656.tlg001.wellmann1906:5.158@καὶ[3]-ὀστράκοις[1]	proposed	25	40		καὶ ἡ ἐκ
urn:cts:greekLit:tlg0656.tlg001.sprengel1829:5.179	edition_of	urn:cts:greekLit:tlg0656.tlg001.wellmann1906:5.159	proposed				
urn:cts:greekLit:tlg0656.tlg001.sprengel1829:5.180	edition_of	urn:cts:greekLit:tlg0656.tlg001.wellmann1906:5.160	proposed				
urn:cts:greekLit:tlg0656.tlg001.sprengel1829:5.181	edition_of	urn:cts:greekLit:tlg0656.tlg001.wellmann1906:5.161	proposed				
urn:cts:greekLit:tlg0656.tlg001.sprengel1829:5.182	edition_of	urn:cts:greekLit:tlg0656.tlg001.wellmann1906:5.162	proposed				
urn:cts:greekLit:tlg0656.tlg001.sprengel1830:1.praef	edition_of	urn:cts:greekLit:tlg0656.tlg001.wellmann1906:1.praef	proposed				
urn:cts:greekLit:tlg0656.tlg001.sprengel1830:1.1	edition_of	urn:cts:greekLit:tlg0656.tlg001.wellmann1906:1.1	proposed				
urn:cts:greekLit:tlg0656.tlg001.sprengel1830:1.2	edition_of	urn:cts:greekLit:tlg0656.tlg001.wellmann1906:1.2	proposed				
urn:cts:greekLit:tlg0656.tlg001.sprengel1830:1.3	edition_of	urn:cts:greekLit:tlg0656.tlg001.wellmann1906:1.3	proposed				
urn:cts:greekLit:tlg0656.tlg001.sprengel1830:1.4@Cyperi[1]-flexiles[1]	edition_of	urn:cts:greekLit:tlg0656.tlg001.wellmann1906:1.4	proposed			Cyperi rotundi L	
urn:cts:greekLit:tlg0656.tlg001.sprengel1830:1.4@Cyperi[2]-Dioscoridis[1]	edition_of	urn:cts:greekLit:tlg0656.tlg001.wellmann1906:1.5	proposed			Cyperi indici speciem	
urn:cts:greekLit:tlg0656.tlg001.sprengel1830:1.5	edition_of	urn:cts:greekLit:tlg0656.tlg001.wellmann1906:1.6	proposed				
urn:cts:greekLit:tlg0656.tlg001.sprengel1830:1.6	edition_of	urn:cts:greekLit:tlg0656.tlg001.wellmann1906:1.7	proposed				
urn:cts:greekLit:tlg0656.tlg001.sprengel1830:1.7	edition_of	urn:cts:greekLit:tlg0656.tlg001.wellmann1906:1.8	proposed				
urn:cts:greekLit:tlg0656.tlg001.sprengel1830:1.8	edition_of	urn:cts:greekLit:tlg0656.tlg001.wellmann1906:1.9	proposed				
urn:cts:greekLit:tlg0656.tlg001.sprengel1830:1.9	edition_of	urn:cts:greekLit:tlg0656.tlg001.wellmann1906:1.10	proposed				
urn:cts:greekLit:tlg0656.tlg001.sprengel1830:1.10	edition_of	urn:cts:greekLit:tlg0656.tlg001.wellmann1906:1.11	proposed				
urn:cts:greekLit:tlg0656.tlg001.sprengel1830:1.11	edition_of	urn:cts:greekLit:tlg0656.tlg001.wellmann1906:1.12	proposed				
urn:cts:greekLit:tlg0656.tlg001.sprengel1830:1.12	edition_of	urn:cts:greekLit:tlg0656.tlg001.wellmann1906:1.13	proposed				
urn:cts:greekLit:tlg0656.tlg001.sprengel1830:1.13	edition_of	urn:cts:greekLit:tlg0656.tlg001.wellmann1906:1.14	proposed				
urn:cts:greekLit:tlg0656.tlg001.sprengel1830:1.15	edition_of	urn:cts:greekLit:tlg0656.tlg001.wellmann1906:1.16	proposed				
urn:cts:greekLit:tlg0656.tlg001.sprengel1830:1.16	edition_of	urn:cts:greekLit:tlg0656.tlg001.wellmann1906:1.17	proposed				
urn:cts:greekLit:tlg0656.tlg001.sprengel1830:1.17	edition_of	urn:cts:greekLit:tlg0656.tlg001.wellmann1906:1.18	proposed				
urn:cts:greekLit:tlg0656.tlg001.sprengel1830:1.18	edition_of	urn:cts:greekLit:tlg0656.tlg001.wellmann1906:1.19	proposed				
urn:cts:greekLit:tlg0656.tlg001.sprengel1830:1.19	edition_of	urn:cts:greekLit:tlg0656.tlg001.wellmann1906:1.20	proposed				
urn:cts:greekLit:tlg0656.tlg001.sprengel1830:1.20	edition_of	urn:cts:greekLit:tlg0656.tlg001.wellmann1906:1.21	proposed				
urn:cts:greekLit:tlg0656.tlg001.sprengel1830:1.21	edition_of	urn:cts:greekLit:tlg0656.tlg001.wellmann1906:1.22	proposed				
urn:cts:greekLit:tlg0656.tlg001.sprengel1830:1.22	edition_of	urn:cts:greekLit:tlg0656.tlg001.wellmann1906:1.23	proposed				
urn:cts:greekLit:tlg0656.tlg001.sprengel1830:1.23	edition_of	urn:cts:greekLit:tlg0656.tlg001.wellmann1906:1.24	proposed				
urn:cts:greekLit:tlg0656.tlg001.sprengel1830:1.24	edition_of	urn:cts:greekLit:tlg0656.tlg001.wellmann1906:1.25	proposed				
urn:cts:greekLit:tlg0656.tlg001.sprengel1830:1.25	edition_of	urn:cts:greekLit:tlg0656.tlg001.wellmann1906:1.26	proposed				
urn:cts:greekLit:tlg0656.tlg001.sprengel1830:1.27	edition_of	urn:cts:greekLit:tlg0656.tlg001.wellmann1906:1.28	proposed				
urn:cts:greekLit:tlg0656.tlg001.sprengel1830:1.33	edition_of	urn:cts:greekLit:tlg0656.tlg001.wellmann1906:1.30.5	proposed	373	457		
urn:cts:greekLit:tlg0656.tlg001.sprengel1830:1.34	edition_of	urn:cts:greekLit:tlg0656.tlg001.wellmann1906:1.30.6@ὁ[1]-διαχρίστοις[1]	proposed	457	475		ὁ δὲ ἐπὶ
urn:cts:greekLit:tlg0656.tlg001.sprengel1830:1.37	edition_of	urn:cts:greekLit:tlg0656.tlg001.wellmann1906:1.31	proposed				
urn:cts:greekLit:tlg0656.tlg001.sprengel1830:1.38	edition_of	urn:cts:greekLit:tlg0656.tlg001.wellmann1906:1.32	proposed				
urn:cts:greekLit:tlg0656.tlg001.sprengel1830:1.39	edition_of	urn:cts:greekLit:tlg0656.tlg001.wellmann1906:1.33	proposed				
urn:cts:greekLit:tlg0656.tlg001.sprengel1830:1.47	edition_of	urn:cts:greekLit:tlg0656.tlg001.wellmann1906:1.38	proposed				
urn:cts:greekLit:tlg0656.tlg001.sprengel1830:1.51	edition_of	urn:cts:greekLit:tlg0656.tlg001.wellmann1906:1.42.1	proposed	0	48		
urn:cts:greekLit:tlg0656.tlg001.sprengel1830:1.52	edition_of	urn:cts:greekLit:tlg0656.tlg001.wellmann1906:1.42.2	proposed	48	122		
urn:cts:greekLit:tlg0656.tlg001.sprengel1830:1.53	edition_of	urn:cts:greekLit:tlg0656.tlg001.wellmann1906:1.43	proposed				
urn:cts:greekLit:tlg0656.tlg001.sprengel1830:1.54	edition_of	urn:cts:greekLit:tlg0656.tlg001.wellmann1906:1.44	proposed				
urn:cts:greekLit:tlg0656.tlg001.sprengel1830:1.62	edition_of	urn:cts:greekLit:tlg0656.tlg001.wellmann1906:1.52	proposed				
urn:cts:greekLit:tlg0656.tlg001.sprengel1830:1.64	edition_of	urn:cts:greekLit:tlg0656.tlg001.wellmann1906:1.54	proposed				
urn:cts:greekLit:tlg0656.tlg001.sprengel1830:1.65	edition_of	urn:cts:greekLit:tlg0656.tlg001.wellmann1906:1.55	proposed				
urn:cts:greekLit:tlg0656.tlg001.sprengel1830:1.68	edition_of	urn:cts:greekLit:tlg0656.tlg001.wellmann1906:1.58.1-1.58.2	proposed	0	124		
urn:cts:greekLit:tlg0656.tlg001.sprengel1830:1.69	edition_of	urn:cts:greekLit:tlg0656.tlg001.wellmann1906:1.58.3@τὸ[1]-αὐτοῦ[1]	proposed	124	200		τὸ δὲ μεγάλλειον
urn:cts:greekLit:tlg0656.tlg001.sprengel1830:1.70	edition_of	urn:cts:greekLit:tlg0656.tlg001.wellmann1906:1.58.3@καὶ[4]-τυγχάνει[1]	proposed	200	221		καὶ τὸ καλούμενον
urn:cts:greekLit:tlg0656.tlg001.sprengel1830:1.71	edition_of	urn:cts:greekLit:tlg0656.tlg001.wellmann1906:1.59.1-1.59.2	proposed	0	127		
urn:cts:greekLit:tlg0656.tlg001.sprengel1830:1.72	edition_of	urn:cts:greekLit:tlg0656.tlg001.wellmann1906:1.59.3	proposed	127	173		
urn:cts:greekLit:tlg0656.tlg001.sprengel1830:1.73	edition_of	urn:cts:greekLit:tlg0656.tlg001.wellmann1906:1.60	proposed				
urn:cts:greekLit:tlg0656.tlg001.sprengel1830:1.76	edition_of	urn:cts:greekLit:tlg0656.tlg001.wellmann1906:1.63	proposed				
urn:cts:greekLit:tlg0656.tlg001.sprengel1830:1.77	edition_of	urn:cts:greekLit:tlg0656.tlg001.wellmann1906:1.64	proposed				
urn:cts:greekLit:tlg0656.tlg001.sprengel1830:1.78	edition_of	urn:cts:greekLit:tlg0656.tlg001.wellmann1906:1.65	proposed				
urn:cts:greekLit:tlg0656.tlg001.sprengel1830:1.79	edition_of	urn:cts:greekLit:tlg0656.tlg001.wellmann1906:1.66	proposed				
urn:cts:greekLit:tlg0656.tlg001.sprengel1830:1.80	edition_of	urn:cts:greekLit:tlg0656.tlg001.wellmann1906:1.67	proposed				
urn:cts:greekLit:tlg0656.tlg001.sprengel1830:1.81	edition_of	urn:cts:greekLit:tlg0656.tlg001.wellmann1906:1.68.1-1.68.4	proposed	0	368		
urn:cts:greekLit:tlg0656.tlg001.sprengel1830:1.82	edition_of	urn:cts:greekLit:tlg0656.tlg001.wellmann1906:1.68.5	proposed	368	466		
urn:cts:greekLit:tlg0656.tlg001.sprengel1830:1.86	edition_of	urn:cts:greekLit:tlg0656.tlg001.wellmann1906:1.69@69[1]-δακρύοντας[1]	proposed	0	174		69 πίτυς γνώριμον
urn:cts:greekLit:tlg0656.tlg001.sprengel1830:1.92	edition_of	urn:cts:greekLit:tlg0656.tlg001.wellmann1906:1.71@γίνεται[1]-τερμινθίνῃ[1]	proposed	197	369		γίνεται δὲ ῥητίνη
urn:cts:greekLit:tlg0656.tlg001.sprengel1830:1.94	edition_of	urn:cts:greekLit:tlg0656.tlg001.wellmann1906:1.72.1-1.72.2	proposed	0	151		
urn:cts:greekLit:tlg0656.tlg001.sprengel1830:1.95	edition_of	urn:cts:greekLit:tlg0656.tlg001.wellmann1906:1.72.3	proposed	151	231		
urn:cts:greekLit:tlg0656.tlg001.sprengel1830:1.96	edition_of	urn:cts:greekLit:tlg0656.tlg001.wellmann1906:1.72.4	proposed	231	316		
urn:cts:greekLit:tlg0656.tlg001.sprengel1830:1.97	edition_of	urn:cts:greekLit:tlg0656.tlg001.wellmann1906:1.72.5@ἡ[1]-χρησίμως[1]	proposed	316	388		ἡ δὲ ξηρὰ
urn:cts:greekLit:tlg0656.tlg001.sprengel1830:1.98	edition_of	urn:cts:greekLit:tlg0656.tlg001.wellmann1906:1.72.5@ζώπισσαν[1]-ὠνόμασαν[1]	proposed	388	421		ζώπισσαν δὲ οἱ
urn:cts:greekLit:tlg0656.tlg001.sprengel1830:1.99	edition_of	urn:cts:greekLit:tlg0656.tlg001.wellmann1906:1.73.1@73[1]-εἶδος[1]	proposed	0	72		73 ἄσφαλτος διαφέρει
urn:cts:greekLit:tlg0656.tlg001.sprengel1830:1.100	edition_of	urn:cts:greekLit:tlg0656.tlg001.wellmann1906:1.73.1@καλεῖται[1]-ἀσφάλτῳ[1]	proposed	72	104		καλεῖται δέ τις
urn:cts:greekLit:tlg0656.tlg001.sprengel1830:1.101	edition_of	urn:cts:greekLit:tlg0656.tlg001.wellmann1906:1.73.2-1.73.3	proposed	104	253		
urn:cts:greekLit:tlg0656.tlg001.sprengel1830:1.102	edition_of	urn:cts:greekLit:tlg0656.tlg001.wellmann1906:1.74	proposed				
urn:cts:greekLit:tlg0656.tlg001.sprengel1830:1.103	edition_of	urn:cts:greekLit:tlg0656.tlg001.wellmann1906:1.75	proposed				
urn:cts:greekLit:tlg0656.tlg001.sprengel1830:1.104	edition_of	urn:cts:greekLit:tlg0656.tlg001.wellmann1906:1.76	proposed				
urn:cts:greekLit:tlg0656.tlg001.sprengel1830:1.105	edition_of	urn:cts:greekLit:tlg0656.tlg001.wellmann1906:1.77	proposed				
urn:cts:greekLit:tlg0656.tlg001.sprengel1830:1.106	edition_of	urn:cts:greekLit:tlg0656.tlg001.wellmann1906:1.78	proposed				
urn:cts:greekLit:tlg0656.tlg001.sprengel1830:1.107	edition_of	urn:cts:greekLit:tlg0656.tlg001.wellmann1906:1.79	proposed				
urn:cts:greekLit:tlg0656.tlg001.sprengel1830:1.108	edition_of	urn:cts:greekLit:tlg0656.tlg001.wellmann1906:1.80	proposed				
urn:cts:greekLit:tlg0656.tlg001.sprengel1830:1.109	edition_of	urn:cts:greekLit:tlg0656.tlg001.wellmann1906:1.81	proposed				
urn:cts:greekLit:tlg0656.tlg001.sprengel1830:1.110	edition_of	urn:cts:greekLit:tlg0656.tlg001.wellmann1906:1.83	proposed				
urn:cts:greekLit:tlg0656.tlg001.sprengel1830:1.112	edition_of	urn:cts:greekLit:tlg0656.tlg001.wellmann1906:1.84@84[1]-προσοψήματα[1]	proposed	0	95		84 πτελέας τὰ
urn:cts:greekLit:tlg0656.tlg001.sprengel1830:1.113	edition_of	urn:cts:greekLit:tlg0656.tlg001.wellmann1906:1.84.2@ἡ[1]-καταπασσομένη[2]	proposed	95	128		ἡ δὲ ἀπὸ
urn:cts:greekLit:tlg0656.tlg001.sprengel1830:1.114	edition_of	urn:cts:greekLit:tlg0656.tlg001.wellmann1906:1.85	proposed				
urn:cts:greekLit:tlg0656.tlg001.sprengel1830:1.115	edition_of	urn:cts:greekLit:tlg0656.tlg001.wellmann1906:1.86	proposed				
urn:cts:greekLit:tlg0656.tlg001.sprengel1830:1.116	edition_of	urn:cts:greekLit:tlg0656.tlg001.wellmann1906:1.87	proposed				
urn:cts:greekLit:tlg0656.tlg001.sprengel1830:1.117	edition_of	urn:cts:greekLit:tlg0656.tlg001.wellmann1906:1.88	proposed				
urn:cts:greekLit:tlg0656.tlg001.sprengel1830:1.118	edition_of	urn:cts:greekLit:tlg0656.tlg001.wellmann1906:1.89	proposed				
urn:cts:greekLit:tlg0656.tlg001.sprengel1830:1.119@Ῥάμνος[1]-sacra86[1]	edition_of	urn:cts:greekLit:tlg0656.tlg001.wellmann1906:1.90	proposed			Ῥάμνος Graecorum Aesculapio	
urn:cts:greekLit:tlg0656.tlg001.sprengel1830:1.119@Περσεφόνιον[1]-distinguitur[1]	edition_of	urn:cts:greekLit:tlg0656.tlg001.wellmann1906:1.90a	proposed			Περσεφόνιον dicebatur ab	
urn:cts:greekLit:tlg0656.tlg001.sprengel1830:1.120	edition_of	urn:cts:greekLit:tlg0656.tlg001.wellmann1906:1.91	proposed				
urn:cts:greekLit:tlg0656.tlg001.sprengel1830:1.121	edition_of	urn:cts:greekLit:tlg0656.tlg001.wellmann1906:1.92	proposed				
urn:cts:greekLit:tlg0656.tlg001.sprengel1830:1.122	edition_of	urn:cts:greekLit:tlg0656.tlg001.wellmann1906:1.93	proposed				
urn:cts:greekLit:tlg0656.tlg001.sprengel1830:1.123	edition_of	urn:cts:greekLit:tlg0656.tlg001.wellmann1906:1.94	proposed				
urn:cts:greekLit:tlg0656.tlg001.sprengel1830:1.124	edition_of	urn:cts:greekLit:tlg0656.tlg001.wellmann1906:1.95	proposed				
urn:cts:greekLit:tlg0656.tlg001.sprengel1830:1.125	edition_of	urn:cts:greekLit:tlg0656.tlg001.wellmann1906:1.96	proposed				
urn:cts:greekLit:tlg0656.tlg001.sprengel1830:1.126	edition_of	urn:cts:greekLit:tlg0656.tlg001.wellmann1906:1.97.1	proposed	0	69		
urn:cts:greekLit:tlg0656.tlg001.sprengel1830:1.127	edition_of	urn:cts:greekLit:tlg0656.tlg001.wellmann1906:1.97.2	proposed	69	144		
urn:cts:greekLit:tlg0656.tlg001.sprengel1830:1.128	edition_of	urn:cts:greekLit:tlg0656.tlg001.wellmann1906:1.97.3-1.97.4	proposed	144	334		
urn:cts:greekLit:tlg0656.tlg001.sprengel1830:1.129	edition_of	urn:cts:greekLit:tlg0656.tlg001.wellmann1906:1.98	proposed				
urn:cts:greekLit:tlg0656.tlg001.sprengel1830:1.130	edition_of	urn:cts:greekLit:tlg0656.tlg001.wellmann1906:1.99.1-1.99.2	proposed	0	140		
urn:cts:greekLit:tlg0656.tlg001.sprengel1830:1.132	edition_of	urn:cts:greekLit:tlg0656.tlg001.wellmann1906:1.100	proposed				
urn:cts:greekLit:tlg0656.tlg001.sprengel1830:1.133	edition_of	urn:cts:greekLit:tlg0656.tlg001.wellmann1906:1.101	proposed				
urn:cts:greekLit:tlg0656.tlg001.sprengel1830:1.134	edition_of	urn:cts:greekLit:tlg0656.tlg001.wellmann1906:1.103	proposed				
urn:cts:greekLit:tlg0656.tlg001.sprengel1830:1.136	edition_of	urn:cts:greekLit:tlg0656.tlg001.wellmann1906:1.105@105[1]-ἡγητέον[1]	proposed	0	212		105 ἄγριελαία ἣν
urn:cts:greekLit:tlg0656.tlg001.sprengel1830:1.142	edition_of	urn:cts:greekLit:tlg0656.tlg001.wellmann1906:1.106.1@106[1]-γυναιξί[1]	proposed	0	44		106 δρῦς πᾶσα
urn:cts:greekLit:tlg0656.tlg001.sprengel1830:1.145	edition_of	urn:cts:greekLit:tlg0656.tlg001.wellmann1906:1.106.3@αἱ[1]-ἁρμόζει[2]	proposed	155	196		αἱ δὲ Σαρδιαναὶ
urn:cts:greekLit:tlg0656.tlg001.sprengel1830:1.146	edition_of	urn:cts:greekLit:tlg0656.tlg001.wellmann1906:1.107	proposed				
urn:cts:greekLit:tlg0656.tlg001.sprengel1830:1.147	edition_of	urn:cts:greekLit:tlg0656.tlg001.wellmann1906:1.108	proposed				
urn:cts:greekLit:tlg0656.tlg001.sprengel1830:1.148	edition_of	urn:cts:greekLit:tlg0656.tlg001.wellmann1906:1.109@109[1]-ἰῶνται[1]	proposed	0	98		109 φοῖνιξ ἐν
urn:cts:greekLit:tlg0656.tlg001.sprengel1830:1.149	edition_of	urn:cts:greekLit:tlg0656.tlg001.wellmann1906:1.109@τῶν[2]-φοινίκων[2]	proposed	98	213		τῶν δὲ Θηβαικῶν
urn:cts:greekLit:tlg0656.tlg001.sprengel1830:1.150	edition_of	urn:cts:greekLit:tlg0656.tlg001.wellmann1906:1.109.4-1.109.5	proposed	213	367		
urn:cts:greekLit:tlg0656.tlg001.sprengel1830:1.151	edition_of	urn:cts:greekLit:tlg0656.tlg001.wellmann1906:1.110@110[1]-ὀξείας[2]	proposed	0	115		110 ῥόα πᾶσα
urn:cts:greekLit:tlg0656.tlg001.sprengel1830:1.155	edition_of	urn:cts:greekLit:tlg0656.tlg001.wellmann1906:1.112@112[1]-ἀδυνατεῖ[1]	proposed	0	302		112 μυρσίνη ἡ
urn:cts:greekLit:tlg0656.tlg001.sprengel1830:1.156	edition_of	urn:cts:greekLit:tlg0656.tlg001.wellmann1906:1.112.4@τὸ[1]-δεομένοις[1]	proposed	302	357		τὸ δὲ μυρτίδανον
urn:cts:greekLit:tlg0656.tlg001.sprengel1830:1.157	edition_of	urn:cts:greekLit:tlg0656.tlg001.wellmann1906:1.113	proposed				
urn:cts:greekLit:tlg0656.tlg001.sprengel1830:1.158	edition_of	urn:cts:greekLit:tlg0656.tlg001.wellmann1906:1.114	proposed				
urn:cts:greekLit:tlg0656.tlg001.sprengel1830:1.161	edition_of	urn:cts:greekLit:tlg0656.tlg001.wellmann1906:1.115.3@τὰ[5]-γλυκύμηλα[1]	proposed	239	257		τὰ δὲ μελίμηλα
urn:cts:greekLit:tlg0656.tlg001.sprengel1830:1.162	edition_of	urn:cts:greekLit:tlg0656.tlg001.wellmann1906:1.115.4@τὰ[1]-ἐστίν[1]	proposed	257	274		τὰ δὲ Ἠπειρωτικὰ
urn:cts:greekLit:tlg0656.tlg001.sprengel1830:1.165	edition_of	urn:cts:greekLit:tlg0656.tlg001.wellmann1906:1.115.5@τὰ[1]-ἐστίν[1]	proposed	321	334		τὰ δὲ μικρότερα
urn:cts:greekLit:tlg0656.tlg001.sprengel1830:1.166	edition_of	urn:cts:greekLit:tlg0656.tlg001.wellmann1906:1.115.5@τὰ[2]-κιβωτίοις[1]	proposed	334	411		τὰ δὲ Μηδικὰ
urn:cts:greekLit:tlg0656.tlg001.sprengel1830:1.167	edition_of	urn:cts:greekLit:tlg0656.tlg001.wellmann1906:1.116@ἀπίου[1]-νήστεις[1]	proposed	0	30		ἀπίου δὲ πολλὰ
urn:cts:greekLit:tlg0656.tlg001.sprengel1830:1.169	edition_of	urn:cts:greekLit:tlg0656.tlg001.wellmann1906:1.118@μέσπιλον[1]-βραδέως[1]	proposed	0	80		μέσπιλον τὸ δένδρον
urn:cts:greekLit:tlg0656.tlg001.sprengel1830:1.171	edition_of	urn:cts:greekLit:tlg0656.tlg001.wellmann1906:1.117	proposed				
urn:cts:greekLit:tlg0656.tlg001.sprengel1830:1.172	edition_of	urn:cts:greekLit:tlg0656.tlg001.wellmann1906:1.119	proposed				
urn:cts:greekLit:tlg0656.tlg001.sprengel1830:1.173	edition_of	urn:cts:greekLit:tlg0656.tlg001.wellmann1906:1.120	proposed				
urn:cts:greekLit:tlg0656.tlg001.sprengel1830:1.174	edition_of	urn:cts:greekLit:tlg0656.tlg001.wellmann1906:1.121	proposed				
urn:cts:greekLit:tlg0656.tlg001.sprengel1830:1.175	edition_of	urn:cts:greekLit:tlg0656.tlg001.wellmann1906:1.122	proposed				
urn:cts:greekLit:tlg0656.tlg001.sprengel1830:1.176	edition_of	urn:cts:greekLit:tlg0656.tlg001.wellmann1906:1.123	proposed				
urn:cts:greekLit:tlg0656.tlg001.sprengel1830:1.177	edition_of	urn:cts:greekLit:tlg0656.tlg001.wellmann1906:1.124	proposed				
urn:cts:greekLit:tlg0656.tlg001.sprengel1830:1.180	edition_of	urn:cts:greekLit:tlg0656.tlg001.wellmann1906:1.126	proposed				
urn:cts:greekLit:tlg0656.tlg001.sprengel1830:1.181	edition_of	urn:cts:greekLit:tlg0656.tlg001.wellmann1906:1.127@127[1]-ὁ[4]	proposed	0	165		127 συκόμορον ἔνιοι
urn:cts:greekLit:tlg0656.tlg001.sprengel1830:1.182	edition_of	urn:cts:greekLit:tlg0656.tlg001.wellmann1906:1.127.3@γίνεται[1]-προειρημένοις[1]	proposed	166	197		γίνεται δὲ καὶ
urn:cts:greekLit:tlg0656.tlg001.sprengel1830:1.183	edition_of	urn:cts:greekLit:tlg0656.tlg001.wellmann1906:1.128@128[1]-σαρκός[1]	proposed	0	307		128 σῦκα πέπειρα
urn:cts:greekLit:tlg0656.tlg001.sprengel1830:1.187	edition_of	urn:cts:greekLit:tlg0656.tlg001.wellmann1906:1.129	proposed				
urn:cts:greekLit:tlg0656.tlg001.sprengel1830:2.1	edition_of	urn:cts:greekLit:tlg0656.tlg001.wellmann1906:2.1	proposed				
urn:cts:greekLit:tlg0656.tlg001.sprengel1830:2.2	edition_of	urn:cts:greekLit:tlg0656.tlg001.wellmann1906:2.2	proposed				
urn:cts:greekLit:tlg0656.tlg001.sprengel1830:2.3	edition_of	urn:cts:greekLit:tlg0656.tlg001.wellmann1906:2.3	proposed				
urn:cts:greekLit:tlg0656.tlg001.sprengel1830:2.4	edition_of	urn:cts:greekLit:tlg0656.tlg001.wellmann1906:2.4.1@4[1]-ἀπουλωτικήν[1]	proposed	0	15		4 πορφύρα καεῖσα
urn:cts:greekLit:tlg0656.tlg001.sprengel1830:2.5	edition_of	urn:cts:greekLit:tlg0656.tlg001.wellmann1906:2.4@τὰ[1]-132[1]	proposed	15	71		τὰ δὲ αὐτὰ
urn:cts:greekLit:tlg0656.tlg001.sprengel1830:2.7	edition_of	urn:cts:greekLit:tlg0656.tlg001.wellmann1906:2.5	proposed				
urn:cts:greekLit:tlg0656.tlg001.sprengel1830:2.10	edition_of	urn:cts:greekLit:tlg0656.tlg001.wellmann1906:2.8	proposed				
urn:cts:greekLit:tlg0656.tlg001.sprengel1830:2.11	edition_of	urn:cts:greekLit:tlg0656.tlg001.wellmann1906:2.9	proposed				
urn:cts:greekLit:tlg0656.tlg001.sprengel1830:2.12	edition_of	urn:cts:greekLit:tlg0656.tlg001.wellmann1906:2.10	proposed				
urn:cts:greekLit:tlg0656.tlg001.sprengel1830:2.14	edition_of	urn:cts:greekLit:tlg0656.tlg001.wellmann1906:2.12	proposed				
urn:cts:greekLit:tlg0656.tlg001.sprengel1830:2.16	edition_of	urn:cts:greekLit:tlg0656.tlg001.wellmann1906:2.13	proposed				
urn:cts:greekLit:tlg0656.tlg001.sprengel1830:2.16bis	edition_of	urn:cts:greekLit:tlg0656.tlg001.wellmann1906:2.14@σκολοπἐνδρα[1]-ἐργάζεται[1]	proposed	0	13		σκολοπἐνδρα θαλασσία ἑψηθεῖσα
urn:cts:greekLit:tlg0656.tlg001.sprengel1830:2.17	edition_of	urn:cts:greekLit:tlg0656.tlg001.wellmann1906:2.15	proposed				
urn:cts:greekLit:tlg0656.tlg001.sprengel1830:2.18	edition_of	urn:cts:greekLit:tlg0656.tlg001.wellmann1906:2.16	proposed				
urn:cts:greekLit:tlg0656.tlg001.sprengel1830:2.19	edition_of	urn:cts:greekLit:tlg0656.tlg001.wellmann1906:2.17	proposed				
urn:cts:greekLit:tlg0656.tlg001.sprengel1830:2.20	edition_of	urn:cts:greekLit:tlg0656.tlg001.wellmann1906:2.18	proposed				
urn:cts:greekLit:tlg0656.tlg001.sprengel1830:2.21	edition_of	urn:cts:greekLit:tlg0656.tlg001.wellmann1906:2.19	proposed				
urn:cts:greekLit:tlg0656.tlg001.sprengel1830:2.22	edition_of	urn:cts:greekLit:tlg0656.tlg001.wellmann1906:2.20	proposed				
urn:cts:greekLit:tlg0656.tlg001.sprengel1830:2.23	edition_of	urn:cts:greekLit:tlg0656.tlg001.wellmann1906:2.21	proposed				
urn:cts:greekLit:tlg0656.tlg001.sprengel1830:2.24	edition_of	urn:cts:greekLit:tlg0656.tlg001.wellmann1906:2.22	proposed				
urn:cts:greekLit:tlg0656.tlg001.sprengel1830:2.25	edition_of	urn:cts:greekLit:tlg0656.tlg001.wellmann1906:2.23	proposed				
urn:cts:greekLit:tlg0656.tlg001.sprengel1830:2.26	edition_of	urn:cts:greekLit:tlg0656.tlg001.wellmann1906:2.24	proposed				
urn:cts:greekLit:tlg0656.tlg001.sprengel1830:2.27	edition_of	urn:cts:greekLit:tlg0656.tlg001.wellmann1906:2.25	proposed				
urn:cts:greekLit:tlg0656.tlg001.sprengel1830:2.29	edition_of	urn:cts:greekLit:tlg0656.tlg001.wellmann1906:2.27	proposed				
urn:cts:greekLit:tlg0656.tlg001.sprengel1830:2.30	edition_of	urn:cts:greekLit:tlg0656.tlg001.wellmann1906:2.28	proposed				
urn:cts:greekLit:tlg0656.tlg001.sprengel1830:2.31	edition_of	urn:cts:greekLit:tlg0656.tlg001.wellmann1906:2.29	proposed				
urn:cts:greekLit:tlg0656.tlg001.sprengel1830:2.32	edition_of	urn:cts:greekLit:tlg0656.tlg001.wellmann1906:2.30	proposed				
urn:cts:greekLit:tlg0656.tlg001.sprengel1830:2.33	edition_of	urn:cts:greekLit:tlg0656.tlg001.wellmann1906:2.31	proposed				
urn:cts:greekLit:tlg0656.tlg001.sprengel1830:2.34	edition_of	urn:cts:greekLit:tlg0656.tlg001.wellmann1906:2.32	proposed				
urn:cts:greekLit:tlg0656.tlg001.sprengel1830:2.35	edition_of	urn:cts:greekLit:tlg0656.tlg001.wellmann1906:2.33	proposed				
urn:cts:greekLit:tlg0656.tlg001.sprengel1830:2.37	edition_of	urn:cts:greekLit:tlg0656.tlg001.wellmann1906:2.35	proposed				
urn:cts:greekLit:tlg0656.tlg001.sprengel1830:2.38	edition_of	urn:cts:greekLit:tlg0656.tlg001.wellmann1906:2.36	proposed				
urn:cts:greekLit:tlg0656.tlg001.sprengel1830:2.39	edition_of	urn:cts:greekLit:tlg0656.tlg001.wellmann1906:2.37	proposed				
urn:cts:greekLit:tlg0656.tlg001.sprengel1830:2.45	edition_of	urn:cts:greekLit:tlg0656.tlg001.wellmann1906:2.43	proposed				
urn:cts:greekLit:tlg0656.tlg001.sprengel1830:2.53	edition_of	urn:cts:greekLit:tlg0656.tlg001.wellmann1906:2.49@ὁ[2]-στόμαχον[2]	proposed	56	131		ὁ δὲ ζωμὸς
urn:cts:greekLit:tlg0656.tlg001.sprengel1830:2.57	edition_of	urn:cts:greekLit:tlg0656.tlg001.wellmann1906:2.52	proposed				
urn:cts:greekLit:tlg0656.tlg001.sprengel1830:2.58	edition_of	urn:cts:greekLit:tlg0656.tlg001.wellmann1906:2.53	proposed				
urn:cts:greekLit:tlg0656.tlg001.sprengel1830:2.64	edition_of	urn:cts:greekLit:tlg0656.tlg001.wellmann1906:2.60	proposed				
urn:cts:greekLit:tlg0656.tlg001.sprengel1830:2.66	edition_of	urn:cts:greekLit:tlg0656.tlg001.wellmann1906:2.61@ὡσαύτως[1]-ἀνέγραψαν[1]	proposed	61	139		ὡσαύτως δὲ ἀποτίθενται
urn:cts:greekLit:tlg0656.tlg001.sprengel1830:2.67	edition_of	urn:cts:greekLit:tlg0656.tlg001.wellmann1906:2.62	proposed				
urn:cts:greekLit:tlg0656.tlg001.sprengel1830:2.68	edition_of	urn:cts:greekLit:tlg0656.tlg001.wellmann1906:2.63	proposed				
urn:cts:greekLit:tlg0656.tlg001.sprengel1830:2.70	edition_of	urn:cts:greekLit:tlg0656.tlg001.wellmann1906:2.65	proposed				
urn:cts:greekLit:tlg0656.tlg001.sprengel1830:2.71	edition_of	urn:cts:greekLit:tlg0656.tlg001.wellmann1906:2.66	proposed				
urn:cts:greekLit:tlg0656.tlg001.sprengel1830:2.72	edition_of	urn:cts:greekLit:tlg0656.tlg001.wellmann1906:2.67	proposed				
urn:cts:greekLit:tlg0656.tlg001.sprengel1830:2.81	edition_of	urn:cts:greekLit:tlg0656.tlg001.wellmann1906:2.72	proposed				
urn:cts:greekLit:tlg0656.tlg001.sprengel1830:2.85	edition_of	urn:cts:greekLit:tlg0656.tlg001.wellmann1906:2.75	proposed				
urn:cts:greekLit:tlg0656.tlg001.sprengel1830:2.86	edition_of	urn:cts:greekLit:tlg0656.tlg001.wellmann1906:2.76@76[1]-δὲ[7]	proposed	0	135		76 στέαρ πρὸς
urn:cts:greekLit:tlg0656.tlg001.sprengel1830:2.86bis	edition_of	urn:cts:greekLit:tlg0656.tlg001.wellmann1906:2.78.2	proposed	63	155		
urn:cts:greekLit:tlg0656.tlg001.sprengel1830:2.98	edition_of	urn:cts:greekLit:tlg0656.tlg001.wellmann1906:2.80	proposed				
urn:cts:greekLit:tlg0656.tlg001.sprengel1830:2.100	edition_of	urn:cts:greekLit:tlg0656.tlg001.wellmann1906:2.81.3@τὸ[1]-ὑγιάζειν[1]	proposed	195	238		τὸ δὲ τῆς
urn:cts:greekLit:tlg0656.tlg001.sprengel1830:2.101	edition_of	urn:cts:greekLit:tlg0656.tlg001.wellmann1906:2.82@82[1]-θερινόν[1]	proposed	0	182		82 μέλι πρωτεύει
urn:cts:greekLit:tlg0656.tlg001.sprengel1830:2.102	edition_of	urn:cts:greekLit:tlg0656.tlg001.wellmann1906:2.82@τὸ[9]-καταχρισθέν[1]	proposed	182	213		τὸ δὲ χειμερινὸν
urn:cts:greekLit:tlg0656.tlg001.sprengel1830:2.103	edition_of	urn:cts:greekLit:tlg0656.tlg001.wellmann1906:2.82@γεννᾶται[1]-αἴρει[1]	proposed	213	269		γεννᾶται δὲ ταὶ
urn:cts:greekLit:tlg0656.tlg001.sprengel1830:2.104	edition_of	urn:cts:greekLit:tlg0656.tlg001.wellmann1906:2.82.5@καλεῖται[1]-ἐγχριόμενον[1]	proposed	269	321		καλεῖται δέ τι
urn:cts:greekLit:tlg0656.tlg001.sprengel1830:2.105	edition_of	urn:cts:greekLit:tlg0656.tlg001.wellmann1906:2.83	proposed				
urn:cts:greekLit:tlg0656.tlg001.sprengel1830:2.107	edition_of	urn:cts:greekLit:tlg0656.tlg001.wellmann1906:2.85	proposed				
urn:cts:greekLit:tlg0656.tlg001.sprengel1830:2.109	edition_of	urn:cts:greekLit:tlg0656.tlg001.wellmann1906:2.87	proposed				
urn:cts:greekLit:tlg0656.tlg001.sprengel1830:2.110	edition_of	urn:cts:greekLit:tlg0656.tlg001.wellmann1906:2.88	proposed				
urn:cts:greekLit:tlg0656.tlg001.sprengel1830:2.111	edition_of	urn:cts:greekLit:tlg0656.tlg001.wellmann1906:2.89	proposed				
urn:cts:greekLit:tlg0656.tlg001.sprengel1830:2.119	edition_of	urn:cts:greekLit:tlg0656.tlg001.wellmann1906:2.97	proposed				
urn:cts:greekLit:tlg0656.tlg001.sprengel1830:2.124	edition_of	urn:cts:greekLit:tlg0656.tlg001.wellmann1906:2.102	proposed				
urn:cts:greekLit:tlg0656.tlg001.sprengel1830:2.126	edition_of	urn:cts:greekLit:tlg0656.tlg001.wellmann1906:2.104	proposed				
urn:cts:greekLit:tlg0656.tlg001.sprengel1830:2.128	edition_of	urn:cts:greekLit:tlg0656.tlg001.wellmann1906:2.106	proposed				
urn:cts:greekLit:tlg0656.tlg001.sprengel1830:2.132	edition_of	urn:cts:greekLit:tlg0656.tlg001.wellmann1906:2.109@109[1]-ἰῶνται[2]	proposed	0	147		109 θέρμος ὁ
urn:cts:greekLit:tlg0656.tlg001.sprengel1830:2.135	edition_of	urn:cts:greekLit:tlg0656.tlg001.wellmann1906:2.110.2	proposed	84	151		
urn:cts:greekLit:tlg0656.tlg001.sprengel1830:2.136	edition_of	urn:cts:greekLit:tlg0656.tlg001.wellmann1906:2.111	proposed				
urn:cts:greekLit:tlg0656.tlg001.sprengel1830:2.137	edition_of	urn:cts:greekLit:tlg0656.tlg001.wellmann1906:2.112@112[1]-δὲ[12]	proposed	0	136		112 ῥαφανὶς καὶ
urn:cts:greekLit:tlg0656.tlg001.sprengel1830:2.138	edition_of	urn:cts:greekLit:tlg0656.tlg001.wellmann1906:2.112.2@ἀγρία[1]-καυματώδης[1]	proposed	136	172		ἀγρία ῥαφανίς ἣν
urn:cts:greekLit:tlg0656.tlg001.sprengel1830:2.139	edition_of	urn:cts:greekLit:tlg0656.tlg001.wellmann1906:2.113	proposed				
urn:cts:greekLit:tlg0656.tlg001.sprengel1830:2.140	edition_of	urn:cts:greekLit:tlg0656.tlg001.wellmann1906:2.114	proposed				
urn:cts:greekLit:tlg0656.tlg001.sprengel1830:2.142	edition_of	urn:cts:greekLit:tlg0656.tlg001.wellmann1906:2.116	proposed				
urn:cts:greekLit:tlg0656.tlg001.sprengel1830:2.143	edition_of	urn:cts:greekLit:tlg0656.tlg001.wellmann1906:2.117	proposed				
urn:cts:greekLit:tlg0656.tlg001.sprengel1830:2.144	edition_of	urn:cts:greekLit:tlg0656.tlg001.wellmann1906:2.118	proposed				
urn:cts:greekLit:tlg0656.tlg001.sprengel1830:2.145	edition_of	urn:cts:greekLit:tlg0656.tlg001.wellmann1906:2.119	proposed				
urn:cts:greekLit:tlg0656.tlg001.sprengel1830:2.146	edition_of	urn:cts:greekLit:tlg0656.tlg001.wellmann1906:2.120	proposed				
urn:cts:greekLit:tlg0656.tlg001.sprengel1830:2.147	edition_of	urn:cts:greekLit:tlg0656.tlg001.wellmann1906:2.121	proposed				
urn:cts:greekLit:tlg0656.tlg001.sprengel1830:2.148	edition_of	urn:cts:greekLit:tlg0656.tlg001.wellmann1906:2.122	proposed				
urn:cts:greekLit:tlg0656.tlg001.sprengel1830:2.152	edition_of	urn:cts:greekLit:tlg0656.tlg001.wellmann1906:2.126	proposed				
urn:cts:greekLit:tlg0656.tlg001.sprengel1830:2.153	edition_of	urn:cts:greekLit:tlg0656.tlg001.wellmann1906:2.127	proposed				
urn:cts:greekLit:tlg0656.tlg001.sprengel1830:2.154	edition_of	urn:cts:greekLit:tlg0656.tlg001.wellmann1906:3.41	proposed				
urn:cts:greekLit:tlg0656.tlg001.sprengel1830:2.156	edition_of	urn:cts:greekLit:tlg0656.tlg001.wellmann1906:2.129	proposed				
urn:cts:greekLit:tlg0656.tlg001.sprengel1830:2.157	edition_of	urn:cts:greekLit:tlg0656.tlg001.wellmann1906:2.130	proposed				
urn:cts:greekLit:tlg0656.tlg001.sprengel1830:2.158	edition_of	urn:cts:greekLit:tlg0656.tlg001.wellmann1906:2.131	proposed				
urn:cts:greekLit:tlg0656.tlg001.sprengel1830:2.159	edition_of	urn:cts:greekLit:tlg0656.tlg001.wellmann1906:2.132	proposed				
urn:cts:greekLit:tlg0656.tlg001.sprengel1830:2.160	edition_of	urn:cts:greekLit:tlg0656.tlg001.wellmann1906:2.133	proposed				
urn:cts:greekLit:tlg0656.tlg001.sprengel1830:2.161	edition_of	urn:cts:greekLit:tlg0656.tlg001.wellmann1906:2.134	proposed				
urn:cts:greekLit:tlg0656.tlg001.sprengel1830:2.162	edition_of	urn:cts:greekLit:tlg0656.tlg001.wellmann1906:2.135.1@135[1]-ἐπινυκτίδας[1]	proposed	0	44		135 σίκυς ἥμερος
urn:cts:greekLit:tlg0656.tlg001.sprengel1830:2.163	edition_of	urn:cts:greekLit:tlg0656.tlg001.wellmann1906:2.135@ἡ[1]-μέλιτος[1]	proposed	44	126		ἡ δὲ τοῦ
urn:cts:greekLit:tlg0656.tlg001.sprengel1830:2.164	edition_of	urn:cts:greekLit:tlg0656.tlg001.wellmann1906:2.136@136[1]-θρίδακος[1]	proposed	0	58		136 θρ ίδαξ
urn:cts:greekLit:tlg0656.tlg001.sprengel1830:2.165	edition_of	urn:cts:greekLit:tlg0656.tlg001.wellmann1906:2.136@ἡ[1]-χυλίσματα[1]	proposed	58	172		ἡ δὲ ἀγρία
urn:cts:greekLit:tlg0656.tlg001.sprengel1830:2.166	edition_of	urn:cts:greekLit:tlg0656.tlg001.wellmann1906:2.137	proposed				
urn:cts:greekLit:tlg0656.tlg001.sprengel1830:2.167	edition_of	urn:cts:greekLit:tlg0656.tlg001.wellmann1906:2.138	proposed				
urn:cts:greekLit:tlg0656.tlg001.sprengel1830:2.168	edition_of	urn:cts:greekLit:tlg0656.tlg001.wellmann1906:2.139	proposed				
urn:cts:greekLit:tlg0656.tlg001.sprengel1830:2.169	edition_of	urn:cts:greekLit:tlg0656.tlg001.wellmann1906:2.140	proposed				
urn:cts:greekLit:tlg0656.tlg001.sprengel1830:2.170	edition_of	urn:cts:greekLit:tlg0656.tlg001.wellmann1906:2.141	proposed				
urn:cts:greekLit:tlg0656.tlg001.sprengel1830:2.171	edition_of	urn:cts:greekLit:tlg0656.tlg001.wellmann1906:2.142	proposed				
urn:cts:greekLit:tlg0656.tlg001.sprengel1830:2.172	edition_of	urn:cts:greekLit:tlg0656.tlg001.wellmann1906:2.143	proposed				
urn:cts:greekLit:tlg0656.tlg001.sprengel1830:2.173	edition_of	urn:cts:greekLit:tlg0656.tlg001.wellmann1906:2.144	proposed				
urn:cts:greekLit:tlg0656.tlg001.sprengel1830:2.174	edition_of	urn:cts:greekLit:tlg0656.tlg001.wellmann1906:2.145	proposed				
urn:cts:greekLit:tlg0656.tlg001.sprengel1830:2.175	edition_of	urn:cts:greekLit:tlg0656.tlg001.wellmann1906:2.146	proposed				
urn:cts:greekLit:tlg0656.tlg001.sprengel1830:2.176	edition_of	urn:cts:greekLit:tlg0656.tlg001.wellmann1906:2.147	proposed				
urn:cts:greekLit:tlg0656.tlg001.sprengel1830:2.177	edition_of	urn:cts:greekLit:tlg0656.tlg001.wellmann1906:2.148	proposed				
urn:cts:greekLit:tlg0656.tlg001.sprengel1830:2.178	edition_of	urn:cts:greekLit:tlg0656.tlg001.wellmann1906:2.149	proposed				
urn:cts:greekLit:tlg0656.tlg001.sprengel1830:2.179	edition_of	urn:cts:greekLit:tlg0656.tlg001.wellmann1906:2.150	proposed				
urn:cts:greekLit:tlg0656.tlg001.sprengel1830:2.180	edition_of	urn:cts:greekLit:tlg0656.tlg001.wellmann1906:2.151	proposed				
urn:cts:greekLit:tlg0656.tlg001.sprengel1830:2.181	edition_of	urn:cts:greekLit:tlg0656.tlg001.wellmann1906:2.152	proposed				
urn:cts:greekLit:tlg0656.tlg001.sprengel1830:2.182	edition_of	urn:cts:greekLit:tlg0656.tlg001.wellmann1906:2.153	proposed				
urn:cts:greekLit:tlg0656.tlg001.sprengel1830:2.184	edition_of	urn:cts:greekLit:tlg0656.tlg001.wellmann1906:2.155	proposed				
urn:cts:greekLit:tlg0656.tlg001.sprengel1830:2.185	edition_of	urn:cts:greekLit:tlg0656.tlg001.wellmann1906:2.156	proposed				
urn:cts:greekLit:tlg0656.tlg001.sprengel1830:2.186	edition_of	urn:cts:greekLit:tlg0656.tlg001.wellmann1906:2.157	proposed				
urn:cts:greekLit:tlg0656.tlg001.sprengel1830:2.187	edition_of	urn:cts:greekLit:tlg0656.tlg001.wellmann1906:2.158	proposed				
urn:cts:greekLit:tlg0656.tlg001.sprengel1830:2.188	edition_of	urn:cts:greekLit:tlg0656.tlg001.wellmann1906:2.159	proposed				
urn:cts:greekLit:tlg0656.tlg001.sprengel1830:2.189	edition_of	urn:cts:greekLit:tlg0656.tlg001.wellmann1906:2.160	proposed				
urn:cts:greekLit:tlg0656.tlg001.sprengel1830:2.190	edition_of	urn:cts:greekLit:tlg0656.tlg001.wellmann1906:2.161	proposed				
urn:cts:greekLit:tlg0656.tlg001.sprengel1830:2.191	edition_of	urn:cts:greekLit:tlg0656.tlg001.wellmann1906:2.162	proposed				
urn:cts:greekLit:tlg0656.tlg001.sprengel1830:2.192	edition_of	urn:cts:greekLit:tlg0656.tlg001.wellmann1906:2.163	proposed				
urn:cts:greekLit:tlg0656.tlg001.sprengel1830:2.193	edition_of	urn:cts:greekLit:tlg0656.tlg001.wellmann1906:2.164	proposed				
urn:cts:greekLit:tlg0656.tlg001.sprengel1830:2.194	edition_of	urn:cts:greekLit:tlg0656.tlg001.wellmann1906:2.165	proposed				
urn:cts:greekLit:tlg0656.tlg001.sprengel1830:2.195	edition_of	urn:cts:greekLit:tlg0656.tlg001.wellmann1906:2.166	proposed				
urn:cts:greekLit:tlg0656.tlg001.sprengel1830:2.196	edition_of	urn:cts:greekLit:tlg0656.tlg001.wellmann1906:2.166@ἔχει[1]-σκιᾷ[1]	proposed	2	290		ἔχει κισσοειδῆ μεγάλα
urn:cts:greekLit:tlg0656.tlg001.sprengel1830:2.197	edition_of	urn:cts:greekLit:tlg0656.tlg001.wellmann1906:2.167	proposed				
urn:cts:greekLit:tlg0656.tlg001.sprengel1830:2.198	edition_of	urn:cts:greekLit:tlg0656.tlg001.wellmann1906:2.168	proposed				
urn:cts:greekLit:tlg0656.tlg001.sprengel1830:2.199	edition_of	urn:cts:greekLit:tlg0656.tlg001.wellmann1906:2.169	proposed				
urn:cts:greekLit:tlg0656.tlg001.sprengel1830:2.200	edition_of	urn:cts:greekLit:tlg0656.tlg001.wellmann1906:2.170	proposed				
urn:cts:greekLit:tlg0656.tlg001.sprengel1830:2.201	edition_of	urn:cts:greekLit:tlg0656.tlg001.wellmann1906:4.156	proposed				
urn:cts:greekLit:tlg0656.tlg001.sprengel1830:2.203	edition_of	urn:cts:greekLit:tlg0656.tlg001.wellmann1906:2.172	proposed				
urn:cts:greekLit:tlg0656.tlg001.sprengel1830:2.204	edition_of	urn:cts:greekLit:tlg0656.tlg001.wellmann1906:2.173	proposed				
urn:cts:greekLit:tlg0656.tlg001.sprengel1830:2.205	edition_of	urn:cts:greekLit:tlg0656.tlg001.wellmann1906:2.174	proposed				
urn:cts:greekLit:tlg0656.tlg001.sprengel1830:2.206	edition_of	urn:cts:greekLit:tlg0656.tlg001.wellmann1906:2.175	proposed				
urn:cts:greekLit:tlg0656.tlg001.sprengel1830:2.207	edition_of	urn:cts:greekLit:tlg0656.tlg001.wellmann1906:2.176	proposed				
urn:cts:greekLit:tlg0656.tlg001.sprengel1830:2.208@Ἀργεμώνη[1]-linearilanceolatis[1]	edition_of	urn:cts:greekLit:tlg0656.tlg001.wellmann1906:2.177	proposed			Ἀργεμώνη est Papaver	
urn:cts:greekLit:tlg0656.tlg001.sprengel1830:2.208@Adulterinum[1]-48[1]	edition_of	urn:cts:greekLit:tlg0656.tlg001.wellmann1906:2.178RV	proposed			Adulterinum esse de	
urn:cts:greekLit:tlg0656.tlg001.sprengel1830:2.209	edition_of	urn:cts:greekLit:tlg0656.tlg001.wellmann1906:2.178	proposed				
urn:cts:greekLit:tlg0656.tlg001.sprengel1830:2.210	edition_of	urn:cts:greekLit:tlg0656.tlg001.wellmann1906:2.179	proposed				
urn:cts:greekLit:tlg0656.tlg001.sprengel1830:2.211	edition_of	urn:cts:greekLit:tlg0656.tlg001.wellmann1906:2.180	proposed				
urn:cts:greekLit:tlg0656.tlg001.sprengel1830:2.212	edition_of	urn:cts:greekLit:tlg0656.tlg001.wellmann1906:2.181	proposed				
urn:cts:greekLit:tlg0656.tlg001.sprengel1830:2.213	edition_of	urn:cts:greekLit:tlg0656.tlg001.wellmann1906:2.182	proposed				
urn:cts:greekLit:tlg0656.tlg001.sprengel1830:2.214	edition_of	urn:cts:greekLit:tlg0656.tlg001.wellmann1906:2.183	proposed				
urn:cts:greekLit:tlg0656.tlg001.sprengel1830:2.215	edition_of	urn:cts:greekLit:tlg0656.tlg001.wellmann1906:2.184	proposed				
urn:cts:greekLit:tlg0656.tlg001.sprengel1830:2.216	edition_of	urn:cts:greekLit:tlg0656.tlg001.wellmann1906:2.185	proposed				
urn:cts:greekLit:tlg0656.tlg001.sprengel1830:3.1	edition_of	urn:cts:greekLit:tlg0656.tlg001.wellmann1906:3.1	proposed				
urn:cts:greekLit:tlg0656.tlg001.sprengel1830:3.2	edition_of	urn:cts:greekLit:tlg0656.tlg001.wellmann1906:3.2	proposed				
urn:cts:greekLit:tlg0656.tlg001.sprengel1830:3.3	edition_of	urn:cts:greekLit:tlg0656.tlg001.wellmann1906:3.3	proposed				
urn:cts:greekLit:tlg0656.tlg001.sprengel1830:3.4	edition_of	urn:cts:greekLit:tlg0656.tlg001.wellmann1906:3.4	proposed				
urn:cts:greekLit:tlg0656.tlg001.sprengel1830:3.5	edition_of	urn:cts:greekLit:tlg0656.tlg001.wellmann1906:3.5	proposed				
urn:cts:greekLit:tlg0656.tlg001.sprengel1830:3.6	edition_of	urn:cts:greekLit:tlg0656.tlg001.wellmann1906:3.6	proposed				
urn:cts:greekLit:tlg0656.tlg001.sprengel1830:3.7	edition_of	urn:cts:greekLit:tlg0656.tlg001.wellmann1906:3.7	proposed				
urn:cts:greekLit:tlg0656.tlg001.sprengel1830:3.8	edition_of	urn:cts:greekLit:tlg0656.tlg001.wellmann1906:3.8	proposed				
urn:cts:greekLit:tlg0656.tlg001.sprengel1830:3.9	edition_of	urn:cts:greekLit:tlg0656.tlg001.wellmann1906:3.9	proposed				
urn:cts:greekLit:tlg0656.tlg001.sprengel1830:3.10	edition_of	urn:cts:greekLit:tlg0656.tlg001.wellmann1906:3.10	proposed				
urn:cts:greekLit:tlg0656.tlg001.sprengel1830:3.11	edition_of	urn:cts:greekLit:tlg0656.tlg001.wellmann1906:3.11	proposed				
urn:cts:greekLit:tlg0656.tlg001.sprengel1830:3.12	edition_of	urn:cts:greekLit:tlg0656.tlg001.wellmann1906:3.12	proposed				
urn:cts:greekLit:tlg0656.tlg001.sprengel1830:3.13	edition_of	urn:cts:greekLit:tlg0656.tlg001.wellmann1906:3.13	proposed				
urn:cts:greekLit:tlg0656.tlg001.sprengel1830:3.14	edition_of	urn:cts:greekLit:tlg0656.tlg001.wellmann1906:3.14	proposed				
urn:cts:greekLit:tlg0656.tlg001.sprengel1830:3.15	edition_of	urn:cts:greekLit:tlg0656.tlg001.wellmann1906:3.15	proposed				
urn:cts:greekLit:tlg0656.tlg001.sprengel1830:3.16	edition_of	urn:cts:greekLit:tlg0656.tlg001.wellmann1906:3.16	proposed				
urn:cts:greekLit:tlg0656.tlg001.sprengel1830:3.17	edition_of	urn:cts:greekLit:tlg0656.tlg001.wellmann1906:3.17	proposed				
urn:cts:greekLit:tlg0656.tlg001.sprengel1830:3.18	edition_of	urn:cts:greekLit:tlg0656.tlg001.wellmann1906:3.18	proposed				
urn:cts:greekLit:tlg0656.tlg001.sprengel1830:3.19	edition_of	urn:cts:greekLit:tlg0656.tlg001.wellmann1906:3.19	proposed				
urn:cts:greekLit:tlg0656.tlg001.sprengel1830:3.20	edition_of	urn:cts:greekLit:tlg0656.tlg001.wellmann1906:3.20	proposed				
urn:cts:greekLit:tlg0656.tlg001.sprengel1830:3.21	edition_of	urn:cts:greekLit:tlg0656.tlg001.wellmann1906:3.21	proposed				
urn:cts:greekLit:tlg0656.tlg001.sprengel1830:3.22	edition_of	urn:cts:greekLit:tlg0656.tlg001.wellmann1906:3.22	proposed				
urn:cts:greekLit:tlg0656.tlg001.sprengel1830:3.23	edition_of	urn:cts:greekLit:tlg0656.tlg001.wellmann1906:3.23.1-3.23.4	proposed	0	273		
urn:cts:greekLit:tlg0656.tlg001.sprengel1830:3.24	edition_of	urn:cts:greekLit:tlg0656.tlg001.wellmann1906:3.23@καλοῦσί[1]-δὲ[21]	proposed	273	354		καλοῦσί τινες καὶ
urn:cts:greekLit:tlg0656.tlg001.sprengel1830:3.25	edition_of	urn:cts:greekLit:tlg0656.tlg001.wellmann1906:3.23.6@τρίτον[1]-σερίφῳ[1]	proposed	354	390		τρίτον εἶδος ἀψινθίου
urn:cts:greekLit:tlg0656.tlg001.sprengel1830:3.27	edition_of	urn:cts:greekLit:tlg0656.tlg001.wellmann1906:3.25	proposed				
urn:cts:greekLit:tlg0656.tlg001.sprengel1830:3.28	edition_of	urn:cts:greekLit:tlg0656.tlg001.wellmann1906:3.26	proposed				
urn:cts:greekLit:tlg0656.tlg001.sprengel1830:3.29	edition_of	urn:cts:greekLit:tlg0656.tlg001.wellmann1906:3.27	proposed				
urn:cts:greekLit:tlg0656.tlg001.sprengel1830:3.30	edition_of	urn:cts:greekLit:tlg0656.tlg001.wellmann1906:3.28	proposed				
urn:cts:greekLit:tlg0656.tlg001.sprengel1830:3.31	edition_of	urn:cts:greekLit:tlg0656.tlg001.wellmann1906:3.29	proposed				
urn:cts:greekLit:tlg0656.tlg001.sprengel1830:3.32	edition_of	urn:cts:greekLit:tlg0656.tlg001.wellmann1906:3.30	proposed				
urn:cts:greekLit:tlg0656.tlg001.sprengel1830:3.33	edition_of	urn:cts:greekLit:tlg0656.tlg001.wellmann1906:3.31	proposed				
urn:cts:greekLit:tlg0656.tlg001.sprengel1830:3.35	edition_of	urn:cts:greekLit:tlg0656.tlg001.wellmann1906:3.33	proposed				
urn:cts:greekLit:tlg0656.tlg001.sprengel1830:3.36	edition_of	urn:cts:greekLit:tlg0656.tlg001.wellmann1906:3.34	proposed				
urn:cts:greekLit:tlg0656.tlg001.sprengel1830:3.37	edition_of	urn:cts:greekLit:tlg0656.tlg001.wellmann1906:3.35	proposed				
urn:cts:greekLit:tlg0656.tlg001.sprengel1830:3.38	edition_of	urn:cts:greekLit:tlg0656.tlg001.wellmann1906:3.36	proposed				
urn:cts:greekLit:tlg0656.tlg001.sprengel1830:3.39	edition_of	urn:cts:greekLit:tlg0656.tlg001.wellmann1906:3.37	proposed				
urn:cts:greekLit:tlg0656.tlg001.sprengel1830:3.40	edition_of	urn:cts:greekLit:tlg0656.tlg001.wellmann1906:3.38	proposed				
urn:cts:greekLit:tlg0656.tlg001.sprengel1830:3.41	edition_of	urn:cts:greekLit:tlg0656.tlg001.wellmann1906:3.39	proposed				
urn:cts:greekLit:tlg0656.tlg001.sprengel1830:3.41bis	edition_of	urn:cts:greekLit:tlg0656.tlg001.wellmann1906:3.40	proposed				
urn:cts:greekLit:tlg0656.tlg001.sprengel1830:3.42	edition_of	urn:cts:greekLit:tlg0656.tlg001.wellmann1906:3.42	proposed				
urn:cts:greekLit:tlg0656.tlg001.sprengel1830:3.43	edition_of	urn:cts:greekLit:tlg0656.tlg001.wellmann1906:3.43	proposed				
urn:cts:greekLit:tlg0656.tlg001.sprengel1830:3.44	edition_of	urn:cts:greekLit:tlg0656.tlg001.wellmann1906:3.44	proposed				
urn:cts:greekLit:tlg0656.tlg001.sprengel1830:3.45	edition_of	urn:cts:greekLit:tlg0656.tlg001.wellmann1906:3.45	proposed				
urn:cts:greekLit:tlg0656.tlg001.sprengel1830:3.46	edition_of	urn:cts:greekLit:tlg0656.tlg001.wellmann1906:3.46	proposed				
urn:cts:greekLit:tlg0656.tlg001.sprengel1830:3.47	edition_of	urn:cts:greekLit:tlg0656.tlg001.wellmann1906:3.47	proposed				
urn:cts:greekLit:tlg0656.tlg001.sprengel1830:3.48	edition_of	urn:cts:greekLit:tlg0656.tlg001.wellmann1906:3.48	proposed				
urn:cts:greekLit:tlg0656.tlg001.sprengel1830:3.49	edition_of	urn:cts:greekLit:tlg0656.tlg001.wellmann1906:3.49	proposed				
urn:cts:greekLit:tlg0656.tlg001.sprengel1830:3.50	edition_of	urn:cts:greekLit:tlg0656.tlg001.wellmann1906:3.50	proposed				
urn:cts:greekLit:tlg0656.tlg001.sprengel1830:3.51	edition_of	urn:cts:greekLit:tlg0656.tlg001.wellmann1906:3.51	proposed				
urn:cts:greekLit:tlg0656.tlg001.sprengel1830:3.52	edition_of	urn:cts:greekLit:tlg0656.tlg001.wellmann1906:3.52	proposed				
urn:cts:greekLit:tlg0656.tlg001.sprengel1830:3.53	edition_of	urn:cts:greekLit:tlg0656.tlg001.wellmann1906:3.53.1	proposed	0	105		
urn:cts:greekLit:tlg0656.tlg001.sprengel1830:3.54	edition_of	urn:cts:greekLit:tlg0656.tlg001.wellmann1906:3.53.2	proposed	105	155		
urn:cts:greekLit:tlg0656.tlg001.sprengel1830:3.55	edition_of	urn:cts:greekLit:tlg0656.tlg001.wellmann1906:3.53.3	proposed	155	207		
urn:cts:greekLit:tlg0656.tlg001.sprengel1830:3.56	edition_of	urn:cts:greekLit:tlg0656.tlg001.wellmann1906:3.54	proposed				
urn:cts:greekLit:tlg0656.tlg001.sprengel1830:3.57	edition_of	urn:cts:greekLit:tlg0656.tlg001.wellmann1906:3.55	proposed				
urn:cts:greekLit:tlg0656.tlg001.sprengel1830:3.58	edition_of	urn:cts:greekLit:tlg0656.tlg001.wellmann1906:3.56	proposed				
urn:cts:greekLit:tlg0656.tlg001.sprengel1830:3.59	edition_of	urn:cts:greekLit:tlg0656.tlg001.wellmann1906:3.57	proposed				
urn:cts:greekLit:tlg0656.tlg001.sprengel1830:3.60	edition_of	urn:cts:greekLit:tlg0656.tlg001.wellmann1906:3.58	proposed				
urn:cts:greekLit:tlg0656.tlg001.sprengel1830:3.61	edition_of	urn:cts:greekLit:tlg0656.tlg001.wellmann1906:3.59	proposed				
urn:cts:greekLit:tlg0656.tlg001.sprengel1830:3.62@Cymini[1]-declaratur[1]	edition_of	urn:cts:greekLit:tlg0656.tlg001.wellmann1906:3.60	proposed			Cymini sylvestris duae	
urn:cts:greekLit:tlg0656.tlg001.sprengel1830:3.62@Alterum[1]-amplectemur[1]	edition_of	urn:cts:greekLit:tlg0656.tlg001.wellmann1906:3.61	proposed			Alterum est controversum	
urn:cts:greekLit:tlg0656.tlg001.sprengel1830:3.63	edition_of	urn:cts:greekLit:tlg0656.tlg001.wellmann1906:3.62	proposed				
urn:cts:greekLit:tlg0656.tlg001.sprengel1830:3.64	edition_of	urn:cts:greekLit:tlg0656.tlg001.wellmann1906:3.63	proposed				
urn:cts:greekLit:tlg0656.tlg001.sprengel1830:3.65	edition_of	urn:cts:greekLit:tlg0656.tlg001.wellmann1906:3.64RV@RV[1]-ἀρήγει[1]	proposed	0	63		RV ἱεράκιον τὸ
urn:cts:greekLit:tlg0656.tlg001.sprengel1830:3.66	edition_of	urn:cts:greekLit:tlg0656.tlg001.wellmann1906:3.64RV.2@ἱεράκιον[1]-προειρημένῳ[1]	proposed	63	111		ἱεράκιον τὸ μικρόν
urn:cts:greekLit:tlg0656.tlg001.sprengel1830:3.67	edition_of	urn:cts:greekLit:tlg0656.tlg001.wellmann1906:3.64@64[1]-ἐλεοσέλινον[1]	proposed	0	83		64 σέλινον κηπαῖον
urn:cts:greekLit:tlg0656.tlg001.sprengel1830:3.68	edition_of	urn:cts:greekLit:tlg0656.tlg001.wellmann1906:3.64.2@καὶ[6]-κηπευτόν[1]	proposed	80	102		καὶ τὸ ἐλεοσέλινον
urn:cts:greekLit:tlg0656.tlg001.sprengel1830:3.69	edition_of	urn:cts:greekLit:tlg0656.tlg001.wellmann1906:3.65	proposed				
urn:cts:greekLit:tlg0656.tlg001.sprengel1830:3.70	edition_of	urn:cts:greekLit:tlg0656.tlg001.wellmann1906:3.66	proposed				
urn:cts:greekLit:tlg0656.tlg001.sprengel1830:3.71	edition_of	urn:cts:greekLit:tlg0656.tlg001.wellmann1906:3.67	proposed				
urn:cts:greekLit:tlg0656.tlg001.sprengel1830:3.72	edition_of	urn:cts:greekLit:tlg0656.tlg001.wellmann1906:3.68	proposed				
urn:cts:greekLit:tlg0656.tlg001.sprengel1830:3.73	edition_of	urn:cts:greekLit:tlg0656.tlg001.wellmann1906:3.69	proposed				
urn:cts:greekLit:tlg0656.tlg001.sprengel1830:3.74	edition_of	urn:cts:greekLit:tlg0656.tlg001.wellmann1906:3.70	proposed				
urn:cts:greekLit:tlg0656.tlg001.sprengel1830:3.75	edition_of	urn:cts:greekLit:tlg0656.tlg001.wellmann1906:3.71	proposed				
urn:cts:greekLit:tlg0656.tlg001.sprengel1830:3.76	edition_of	urn:cts:greekLit:tlg0656.tlg001.wellmann1906:3.72	proposed				
urn:cts:greekLit:tlg0656.tlg001.sprengel1830:3.77	edition_of	urn:cts:greekLit:tlg0656.tlg001.wellmann1906:3.73a	proposed				
urn:cts:greekLit:tlg0656.tlg001.sprengel1830:3.78	edition_of	urn:cts:greekLit:tlg0656.tlg001.wellmann1906:3.73b	proposed				
urn:cts:greekLit:tlg0656.tlg001.sprengel1830:3.79@Λιβανωτὶς[1]-⁷⁰[1]	edition_of	urn:cts:greekLit:tlg0656.tlg001.wellmann1906:3.74	proposed			Λιβανωτὶς triplex est	
urn:cts:greekLit:tlg0656.tlg001.sprengel1830:3.79@De[1]-valet[1]	edition_of	urn:cts:greekLit:tlg0656.tlg001.wellmann1906:3.75	proposed			De libanotide quae	
urn:cts:greekLit:tlg0656.tlg001.sprengel1830:3.80	edition_of	urn:cts:greekLit:tlg0656.tlg001.wellmann1906:3.76	proposed				
urn:cts:greekLit:tlg0656.tlg001.sprengel1830:3.81	edition_of	urn:cts:greekLit:tlg0656.tlg001.wellmann1906:3.77	proposed				
urn:cts:greekLit:tlg0656.tlg001.sprengel1830:3.82	edition_of	urn:cts:greekLit:tlg0656.tlg001.wellmann1906:3.78	proposed				
urn:cts:greekLit:tlg0656.tlg001.sprengel1830:3.83	edition_of	urn:cts:greekLit:tlg0656.tlg001.wellmann1906:3.79	proposed				
urn:cts:greekLit:tlg0656.tlg001.sprengel1830:3.84	edition_of	urn:cts:greekLit:tlg0656.tlg001.wellmann1906:3.80	proposed				
urn:cts:greekLit:tlg0656.tlg001.sprengel1830:3.85	edition_of	urn:cts:greekLit:tlg0656.tlg001.wellmann1906:3.81	proposed				
urn:cts:greekLit:tlg0656.tlg001.sprengel1830:3.86	edition_of	urn:cts:greekLit:tlg0656.tlg001.wellmann1906:3.82	proposed				
urn:cts:greekLit:tlg0656.tlg001.sprengel1830:3.87	edition_of	urn:cts:greekLit:tlg0656.tlg001.wellmann1906:3.83	proposed				
urn:cts:greekLit:tlg0656.tlg001.sprengel1830:3.88	edition_of	urn:cts:greekLit:tlg0656.tlg001.wellmann1906:3.84	proposed				
urn:cts:greekLit:tlg0656.tlg001.sprengel1830:3.89	edition_of	urn:cts:greekLit:tlg0656.tlg001.wellmann1906:3.85	proposed				
urn:cts:greekLit:tlg0656.tlg001.sprengel1830:3.90	edition_of	urn:cts:greekLit:tlg0656.tlg001.wellmann1906:3.86	proposed				
urn:cts:greekLit:tlg0656.tlg001.sprengel1830:3.91	edition_of	urn:cts:greekLit:tlg0656.tlg001.wellmann1906:3.87	proposed				
urn:cts:greekLit:tlg0656.tlg001.sprengel1830:3.92	edition_of	urn:cts:greekLit:tlg0656.tlg001.wellmann1906:3.88	proposed				
urn:cts:greekLit:tlg0656.tlg001.sprengel1830:3.93	edition_of	urn:cts:greekLit:tlg0656.tlg001.wellmann1906:3.89	proposed				
urn:cts:greekLit:tlg0656.tlg001.sprengel1830:3.94	edition_of	urn:cts:greekLit:tlg0656.tlg001.wellmann1906:3.90	proposed				
urn:cts:greekLit:tlg0656.tlg001.sprengel1830:3.95	edition_of	urn:cts:greekLit:tlg0656.tlg001.wellmann1906:3.91	proposed				
urn:cts:greekLit:tlg0656.tlg001.sprengel1830:3.96	edition_of	urn:cts:greekLit:tlg0656.tlg001.wellmann1906:3.92	proposed				
urn:cts:greekLit:tlg0656.tlg001.sprengel1830:3.97	edition_of	urn:cts:greekLit:tlg0656.tlg001.wellmann1906:3.93	proposed				
urn:cts:greekLit:tlg0656.tlg001.sprengel1830:3.98	edition_of	urn:cts:greekLit:tlg0656.tlg001.wellmann1906:3.94	proposed				
urn:cts:greekLit:tlg0656.tlg001.sprengel1830:3.99	edition_of	urn:cts:greekLit:tlg0656.tlg001.wellmann1906:3.95	proposed				
urn:cts:greekLit:tlg0656.tlg001.sprengel1830:3.100	edition_of	urn:cts:greekLit:tlg0656.tlg001.wellmann1906:3.96	proposed				
urn:cts:greekLit:tlg0656.tlg001.sprengel1830:3.101	edition_of	urn:cts:greekLit:tlg0656.tlg001.wellmann1906:3.97	proposed				
urn:cts:greekLit:tlg0656.tlg001.sprengel1830:3.102	edition_of	urn:cts:greekLit:tlg0656.tlg001.wellmann1906:3.98	proposed				
urn:cts:greekLit:tlg0656.tlg001.sprengel1830:3.103	edition_of	urn:cts:greekLit:tlg0656.tlg001.wellmann1906:3.99	proposed				
urn:cts:greekLit:tlg0656.tlg001.sprengel1830:3.104	edition_of	urn:cts:greekLit:tlg0656.tlg001.wellmann1906:3.100	proposed				
urn:cts:greekLit:tlg0656.tlg001.sprengel1830:3.105	edition_of	urn:cts:greekLit:tlg0656.tlg001.wellmann1906:3.101	proposed				
urn:cts:greekLit:tlg0656.tlg001.sprengel1830:3.106	edition_of	urn:cts:greekLit:tlg0656.tlg001.wellmann1906:3.102	proposed				
urn:cts:greekLit:tlg0656.tlg001.sprengel1830:3.107	edition_of	urn:cts:greekLit:tlg0656.tlg001.wellmann1906:3.103	proposed				
urn:cts:greekLit:tlg0656.tlg001.sprengel1830:3.108	edition_of	urn:cts:greekLit:tlg0656.tlg001.wellmann1906:3.104	proposed				
urn:cts:greekLit:tlg0656.tlg001.sprengel1830:3.109	edition_of	urn:cts:greekLit:tlg0656.tlg001.wellmann1906:3.105	proposed				
urn:cts:greekLit:tlg0656.tlg001.sprengel1830:3.110	edition_of	urn:cts:greekLit:tlg0656.tlg001.wellmann1906:3.106	proposed				
urn:cts:greekLit:tlg0656.tlg001.sprengel1830:3.111	edition_of	urn:cts:greekLit:tlg0656.tlg001.wellmann1906:3.107	proposed				
urn:cts:greekLit:tlg0656.tlg001.sprengel1830:3.112	edition_of	urn:cts:greekLit:tlg0656.tlg001.wellmann1906:3.108	proposed				
urn:cts:greekLit:tlg0656.tlg001.sprengel1830:3.113	edition_of	urn:cts:greekLit:tlg0656.tlg001.wellmann1906:3.109	proposed				
urn:cts:greekLit:tlg0656.tlg001.sprengel1830:3.114	edition_of	urn:cts:greekLit:tlg0656.tlg001.wellmann1906:3.110	proposed				
urn:cts:greekLit:tlg0656.tlg001.sprengel1830:3.115	edition_of	urn:cts:greekLit:tlg0656.tlg001.wellmann1906:3.111	proposed				
urn:cts:greekLit:tlg0656.tlg001.sprengel1830:3.116	edition_of	urn:cts:greekLit:tlg0656.tlg001.wellmann1906:3.112	proposed				
urn:cts:greekLit:tlg0656.tlg001.sprengel1830:3.117	edition_of	urn:cts:greekLit:tlg0656.tlg001.wellmann1906:3.113	proposed				
urn:cts:greekLit:tlg0656.tlg001.sprengel1830:3.119	edition_of	urn:cts:greekLit:tlg0656.tlg001.wellmann1906:3.114	proposed				
urn:cts:greekLit:tlg0656.tlg001.sprengel1830:3.120	edition_of	urn:cts:greekLit:tlg0656.tlg001.wellmann1906:3.115	proposed				
urn:cts:greekLit:tlg0656.tlg001.sprengel1830:3.121	edition_of	urn:cts:greekLit:tlg0656.tlg001.wellmann1906:3.116	proposed				
urn:cts:greekLit:tlg0656.tlg001.sprengel1830:3.122	edition_of	urn:cts:greekLit:tlg0656.tlg001.wellmann1906:3.117	proposed				
urn:cts:greekLit:tlg0656.tlg001.sprengel1830:3.123	edition_of	urn:cts:greekLit:tlg0656.tlg001.wellmann1906:3.118	proposed				
urn:cts:greekLit:tlg0656.tlg001.sprengel1830:3.124	edition_of	urn:cts:greekLit:tlg0656.tlg001.wellmann1906:3.119	proposed				
urn:cts:greekLit:tlg0656.tlg001.sprengel1830:3.125	edition_of	urn:cts:greekLit:tlg0656.tlg001.wellmann1906:3.120	proposed				
urn:cts:greekLit:tlg0656.tlg001.sprengel1830:3.126	edition_of	urn:cts:greekLit:tlg0656.tlg001.wellmann1906:3.121	proposed				
urn:cts:greekLit:tlg0656.tlg001.sprengel1830:3.127	edition_of	urn:cts:greekLit:tlg0656.tlg001.wellmann1906:3.122	proposed				
urn:cts:greekLit:tlg0656.tlg001.sprengel1830:3.128	edition_of	urn:cts:greekLit:tlg0656.tlg001.wellmann1906:3.123	proposed				
urn:cts:greekLit:tlg0656.tlg001.sprengel1830:3.129	edition_of	urn:cts:greekLit:tlg0656.tlg001.wellmann1906:3.124	proposed				
urn:cts:greekLit:tlg0656.tlg001.sprengel1830:3.130	edition_of	urn:cts:greekLit:tlg0656.tlg001.wellmann1906:3.125	proposed				
urn:cts:greekLit:tlg0656.tlg001.sprengel1830:3.131	edition_of	urn:cts:greekLit:tlg0656.tlg001.wellmann1906:3.126	proposed				
urn:cts:greekLit:tlg0656.tlg001.sprengel1830:3.132	edition_of	urn:cts:greekLit:tlg0656.tlg001.wellmann1906:3.127	proposed				
urn:cts:greekLit:tlg0656.tlg001.sprengel1830:3.133	edition_of	urn:cts:greekLit:tlg0656.tlg001.wellmann1906:3.128.1	proposed	0	64		
urn:cts:greekLit:tlg0656.tlg001.sprengel1830:3.134	edition_of	urn:cts:greekLit:tlg0656.tlg001.wellmann1906:3.128.2	proposed	64	133		
urn:cts:greekLit:tlg0656.tlg001.sprengel1830:3.135	edition_of	urn:cts:greekLit:tlg0656.tlg001.wellmann1906:3.129	proposed				
urn:cts:greekLit:tlg0656.tlg001.sprengel1830:3.136	edition_of	urn:cts:greekLit:tlg0656.tlg001.wellmann1906:3.130	proposed				
urn:cts:greekLit:tlg0656.tlg001.sprengel1830:3.137	edition_of	urn:cts:greekLit:tlg0656.tlg001.wellmann1906:3.131	proposed				
urn:cts:greekLit:tlg0656.tlg001.sprengel1830:3.138	edition_of	urn:cts:greekLit:tlg0656.tlg001.wellmann1906:3.132@132[1]-καὶ[11]	proposed	0	168		132 νυμφαία φύεται
urn:cts:greekLit:tlg0656.tlg001.sprengel1830:3.139	edition_of	urn:cts:greekLit:tlg0656.tlg001.wellmann1906:3.132.3@ἄλλη[1]-ποταμόν[1]	proposed	168	210		ἄλλη νυμφαία φύλλα
urn:cts:greekLit:tlg0656.tlg001.sprengel1830:3.140	edition_of	urn:cts:greekLit:tlg0656.tlg001.wellmann1906:3.133	proposed				
urn:cts:greekLit:tlg0656.tlg001.sprengel1830:3.141	edition_of	urn:cts:greekLit:tlg0656.tlg001.wellmann1906:3.134	proposed				
urn:cts:greekLit:tlg0656.tlg001.sprengel1830:3.142	edition_of	urn:cts:greekLit:tlg0656.tlg001.wellmann1906:3.135	proposed				
urn:cts:greekLit:tlg0656.tlg001.sprengel1830:3.143	edition_of	urn:cts:greekLit:tlg0656.tlg001.wellmann1906:3.136	proposed				
urn:cts:greekLit:tlg0656.tlg001.sprengel1830:3.144	edition_of	urn:cts:greekLit:tlg0656.tlg001.wellmann1906:3.137	proposed				
urn:cts:greekLit:tlg0656.tlg001.sprengel1830:3.145	edition_of	urn:cts:greekLit:tlg0656.tlg001.wellmann1906:3.138	proposed				
urn:cts:greekLit:tlg0656.tlg001.sprengel1830:3.146	edition_of	urn:cts:greekLit:tlg0656.tlg001.wellmann1906:3.139	proposed				
urn:cts:greekLit:tlg0656.tlg001.sprengel1830:3.147	edition_of	urn:cts:greekLit:tlg0656.tlg001.wellmann1906:3.140	proposed				
urn:cts:greekLit:tlg0656.tlg001.sprengel1830:3.149	edition_of	urn:cts:greekLit:tlg0656.tlg001.wellmann1906:3.142	proposed				
urn:cts:greekLit:tlg0656.tlg001.sprengel1830:3.150	edition_of	urn:cts:greekLit:tlg0656.tlg001.wellmann1906:3.143	proposed				
urn:cts:greekLit:tlg0656.tlg001.sprengel1830:3.151	edition_of	urn:cts:greekLit:tlg0656.tlg001.wellmann1906:3.144	proposed				
urn:cts:greekLit:tlg0656.tlg001.sprengel1830:3.152	edition_of	urn:cts:greekLit:tlg0656.tlg001.wellmann1906:3.145	proposed				
urn:cts:greekLit:tlg0656.tlg001.sprengel1830:3.153	edition_of	urn:cts:greekLit:tlg0656.tlg001.wellmann1906:3.146	proposed				
urn:cts:greekLit:tlg0656.tlg001.sprengel1830:3.154	edition_of	urn:cts:greekLit:tlg0656.tlg001.wellmann1906:3.147	proposed				
urn:cts:greekLit:tlg0656.tlg001.sprengel1830:3.155	edition_of	urn:cts:greekLit:tlg0656.tlg001.wellmann1906:3.148	proposed				
urn:cts:greekLit:tlg0656.tlg001.sprengel1830:3.156	edition_of	urn:cts:greekLit:tlg0656.tlg001.wellmann1906:3.149	proposed				
urn:cts:greekLit:tlg0656.tlg001.sprengel1830:3.157	edition_of	urn:cts:greekLit:tlg0656.tlg001.wellmann1906:3.150	proposed				
urn:cts:greekLit:tlg0656.tlg001.sprengel1830:3.158	edition_of	urn:cts:greekLit:tlg0656.tlg001.wellmann1906:3.151	proposed				
urn:cts:greekLit:tlg0656.tlg001.sprengel1830:3.159	edition_of	urn:cts:greekLit:tlg0656.tlg001.wellmann1906:3.152	proposed				
urn:cts:greekLit:tlg0656.tlg001.sprengel1830:3.160	edition_of	urn:cts:greekLit:tlg0656.tlg001.wellmann1906:3.153	proposed				
urn:cts:greekLit:tlg0656.tlg001.sprengel1830:3.161	edition_of	urn:cts:greekLit:tlg0656.tlg001.wellmann1906:3.154	proposed				
urn:cts:greekLit:tlg0656.tlg001.sprengel1830:3.162	edition_of	urn:cts:greekLit:tlg0656.tlg001.wellmann1906:3.155	proposed				
urn:cts:greekLit:tlg0656.tlg001.sprengel1830:3.163	edition_of	urn:cts:greekLit:tlg0656.tlg001.wellmann1906:3.156	proposed				
urn:cts:greekLit:tlg0656.tlg001.sprengel1830:3.164	edition_of	urn:cts:greekLit:tlg0656.tlg001.wellmann1906:3.157	proposed				
urn:cts:greekLit:tlg0656.tlg001.sprengel1830:4.1	edition_of	urn:cts:greekLit:tlg0656.tlg001.wellmann1906:4.1	proposed				
urn:cts:greekLit:tlg0656.tlg001.sprengel1830:4.2	edition_of	urn:cts:greekLit:tlg0656.tlg001.wellmann1906:4.2	proposed				
urn:cts:greekLit:tlg0656.tlg001.sprengel1830:4.3	edition_of	urn:cts:greekLit:tlg0656.tlg001.wellmann1906:4.3	proposed				
urn:cts:greekLit:tlg0656.tlg001.sprengel1830:4.4	edition_of	urn:cts:greekLit:tlg0656.tlg001.wellmann1906:4.4	proposed				
urn:cts:greekLit:tlg0656.tlg001.sprengel1830:4.5	edition_of	urn:cts:greekLit:tlg0656.tlg001.wellmann1906:4.5	proposed				
urn:cts:greekLit:tlg0656.tlg001.sprengel1830:4.6	edition_of	urn:cts:greekLit:tlg0656.tlg001.wellmann1906:4.6	proposed				
urn:cts:greekLit:tlg0656.tlg001.sprengel1830:4.7@Κληματίς[1]-maior[1]	edition_of	urn:cts:greekLit:tlg0656.tlg001.wellmann1906:4.7	proposed			Κληματίς a κλήμασι	
urn:cts:greekLit:tlg0656.tlg001.sprengel1830:4.8	edition_of	urn:cts:greekLit:tlg0656.tlg001.wellmann1906:4.8	proposed				
urn:cts:greekLit:tlg0656.tlg001.sprengel1830:4.9	edition_of	urn:cts:greekLit:tlg0656.tlg001.wellmann1906:4.9	proposed				
urn:cts:greekLit:tlg0656.tlg001.sprengel1830:4.10	edition_of	urn:cts:greekLit:tlg0656.tlg001.wellmann1906:4.10	proposed				
urn:cts:greekLit:tlg0656.tlg001.sprengel1830:4.11	edition_of	urn:cts:greekLit:tlg0656.tlg001.wellmann1906:4.11	proposed				
urn:cts:greekLit:tlg0656.tlg001.sprengel1830:4.12	edition_of	urn:cts:greekLit:tlg0656.tlg001.wellmann1906:4.12	proposed				
urn:cts:greekLit:tlg0656.tlg001.sprengel1830:4.13	edition_of	urn:cts:greekLit:tlg0656.tlg001.wellmann1906:4.13	proposed				
urn:cts:greekLit:tlg0656.tlg001.sprengel1830:4.14	edition_of	urn:cts:greekLit:tlg0656.tlg001.wellmann1906:4.14	proposed				
urn:cts:greekLit:tlg0656.tlg001.sprengel1830:4.15	edition_of	urn:cts:greekLit:tlg0656.tlg001.wellmann1906:4.15	proposed				
urn:cts:greekLit:tlg0656.tlg001.sprengel1830:4.16	edition_of	urn:cts:greekLit:tlg0656.tlg001.wellmann1906:4.16	proposed				
urn:cts:greekLit:tlg0656.tlg001.sprengel1830:4.17	edition_of	urn:cts:greekLit:tlg0656.tlg001.wellmann1906:4.17	proposed				
urn:cts:greekLit:tlg0656.tlg001.sprengel1830:4.18	edition_of	urn:cts:greekLit:tlg0656.tlg001.wellmann1906:4.18	proposed				
urn:cts:greekLit:tlg0656.tlg001.sprengel1830:4.19	edition_of	urn:cts:greekLit:tlg0656.tlg001.wellmann1906:4.19	proposed				
urn:cts:greekLit:tlg0656.tlg001.sprengel1830:4.20	edition_of	urn:cts:greekLit:tlg0656.tlg001.wellmann1906:4.20	proposed				
urn:cts:greekLit:tlg0656.tlg001.sprengel1830:4.21	edition_of	urn:cts:greekLit:tlg0656.tlg001.wellmann1906:4.21	proposed				
urn:cts:greekLit:tlg0656.tlg001.sprengel1830:4.22	edition_of	urn:cts:greekLit:tlg0656.tlg001.wellmann1906:4.22	proposed				
urn:cts:greekLit:tlg0656.tlg001.sprengel1830:4.23	edition_of	urn:cts:greekLit:tlg0656.tlg001.wellmann1906:4.23	proposed				
urn:cts:greekLit:tlg0656.tlg001.sprengel1830:4.24	edition_of	urn:cts:greekLit:tlg0656.tlg001.wellmann1906:4.24	proposed				
urn:cts:greekLit:tlg0656.tlg001.sprengel1830:4.25	edition_of	urn:cts:greekLit:tlg0656.tlg001.wellmann1906:4.25	proposed				
urn:cts:greekLit:tlg0656.tlg001.sprengel1830:4.26	edition_of	urn:cts:greekLit:tlg0656.tlg001.wellmann1906:4.26	proposed				
urn:cts:greekLit:tlg0656.tlg001.sprengel1830:4.27	edition_of	urn:cts:greekLit:tlg0656.tlg001.wellmann1906:4.27	proposed				
urn:cts:greekLit:tlg0656.tlg001.sprengel1830:4.28	edition_of	urn:cts:greekLit:tlg0656.tlg001.wellmann1906:4.28	proposed				
urn:cts:greekLit:tlg0656.tlg001.sprengel1830:4.29	edition_of	urn:cts:greekLit:tlg0656.tlg001.wellmann1906:4.141	proposed				
urn:cts:greekLit:tlg0656.tlg001.sprengel1830:4.30	edition_of	urn:cts:greekLit:tlg0656.tlg001.wellmann1906:4.29	proposed				
urn:cts:greekLit:tlg0656.tlg001.sprengel1830:4.31	edition_of	urn:cts:greekLit:tlg0656.tlg001.wellmann1906:4.30	proposed				
urn:cts:greekLit:tlg0656.tlg001.sprengel1830:4.32	edition_of	urn:cts:greekLit:tlg0656.tlg001.wellmann1906:4.31	proposed				
urn:cts:greekLit:tlg0656.tlg001.sprengel1830:4.32	edition_of	urn:cts:greekLit:tlg0656.tlg001.wellmann1906:4.32	proposed				
urn:cts:greekLit:tlg0656.tlg001.sprengel1830:4.33	edition_of	urn:cts:greekLit:tlg0656.tlg001.wellmann1906:4.33	proposed				
urn:cts:greekLit:tlg0656.tlg001.sprengel1830:4.34	edition_of	urn:cts:greekLit:tlg0656.tlg001.wellmann1906:4.34	proposed				
urn:cts:greekLit:tlg0656.tlg001.sprengel1830:4.35	edition_of	urn:cts:greekLit:tlg0656.tlg001.wellmann1906:4.35	proposed				
urn:cts:greekLit:tlg0656.tlg001.sprengel1830:4.36	edition_of	urn:cts:greekLit:tlg0656.tlg001.wellmann1906:4.36	proposed				
urn:cts:greekLit:tlg0656.tlg001.sprengel1830:4.37	edition_of	urn:cts:greekLit:tlg0656.tlg001.wellmann1906:4.37	proposed				
urn:cts:greekLit:tlg0656.tlg001.sprengel1830:4.38	edition_of	urn:cts:greekLit:tlg0656.tlg001.wellmann1906:4.38	proposed				
urn:cts:greekLit:tlg0656.tlg001.sprengel1830:4.39	edition_of	urn:cts:greekLit:tlg0656.tlg001.wellmann1906:4.39	proposed				
urn:cts:greekLit:tlg0656.tlg001.sprengel1830:4.40	edition_of	urn:cts:greekLit:tlg0656.tlg001.wellmann1906:4.40	proposed				
urn:cts:greekLit:tlg0656.tlg001.sprengel1830:4.41	edition_of	urn:cts:greekLit:tlg0656.tlg001.wellmann1906:4.41	proposed				
urn:cts:greekLit:tlg0656.tlg001.sprengel1830:4.42	edition_of	urn:cts:greekLit:tlg0656.tlg001.wellmann1906:4.42	proposed				
urn:cts:greekLit:tlg0656.tlg001.sprengel1830:4.43	edition_of	urn:cts:greekLit:tlg0656.tlg001.wellmann1906:4.43	proposed				
urn:cts:greekLit:tlg0656.tlg001.sprengel1830:4.44	edition_of	urn:cts:greekLit:tlg0656.tlg001.wellmann1906:4.44	proposed				
urn:cts:greekLit:tlg0656.tlg001.sprengel1830:4.45	edition_of	urn:cts:greekLit:tlg0656.tlg001.wellmann1906:4.45	proposed				
urn:cts:greekLit:tlg0656.tlg001.sprengel1830:4.46	edition_of	urn:cts:greekLit:tlg0656.tlg001.wellmann1906:4.46	proposed				
urn:cts:greekLit:tlg0656.tlg001.sprengel1830:4.47	edition_of	urn:cts:greekLit:tlg0656.tlg001.wellmann1906:4.47	proposed				
urn:cts:greekLit:tlg0656.tlg001.sprengel1830:4.48	edition_of	urn:cts:greekLit:tlg0656.tlg001.wellmann1906:4.48	proposed				
urn:cts:greekLit:tlg0656.tlg001.sprengel1830:4.49	edition_of	urn:cts:greekLit:tlg0656.tlg001.wellmann1906:4.49	proposed				
urn:cts:greekLit:tlg0656.tlg001.sprengel1830:4.50	edition_of	urn:cts:greekLit:tlg0656.tlg001.wellmann1906:4.50	proposed				
urn:cts:greekLit:tlg0656.tlg001.sprengel1830:4.51	edition_of	urn:cts:greekLit:tlg0656.tlg001.wellmann1906:4.51	proposed				
urn:cts:greekLit:tlg0656.tlg001.sprengel1830:4.52	edition_of	urn:cts:greekLit:tlg0656.tlg001.wellmann1906:4.52	proposed				
urn:cts:greekLit:tlg0656.tlg001.sprengel1830:4.53	edition_of	urn:cts:greekLit:tlg0656.tlg001.wellmann1906:4.53	proposed				
urn:cts:greekLit:tlg0656.tlg001.sprengel1830:4.54	edition_of	urn:cts:greekLit:tlg0656.tlg001.wellmann1906:4.54	proposed				
urn:cts:greekLit:tlg0656.tlg001.sprengel1830:4.55	edition_of	urn:cts:greekLit:tlg0656.tlg001.wellmann1906:4.55	proposed				
urn:cts:greekLit:tlg0656.tlg001.sprengel1830:4.56	edition_of	urn:cts:greekLit:tlg0656.tlg001.wellmann1906:4.56	proposed				
urn:cts:greekLit:tlg0656.tlg001.sprengel1830:4.57	edition_of	urn:cts:greekLit:tlg0656.tlg001.wellmann1906:4.57	proposed				
urn:cts:greekLit:tlg0656.tlg001.sprengel1830:4.58	edition_of	urn:cts:greekLit:tlg0656.tlg001.wellmann1906:4.58RVRV	proposed				
urn:cts:greekLit:tlg0656.tlg001.sprengel1830:4.59	edition_of	urn:cts:greekLit:tlg0656.tlg001.wellmann1906:4.58	proposed				
urn:cts:greekLit:tlg0656.tlg001.sprengel1830:4.60	edition_of	urn:cts:greekLit:tlg0656.tlg001.wellmann1906:4.59	proposed				
urn:cts:greekLit:tlg0656.tlg001.sprengel1830:4.63	edition_of	urn:cts:greekLit:tlg0656.tlg001.wellmann1906:4.62	proposed				
urn:cts:greekLit:tlg0656.tlg001.sprengel1830:4.64	edition_of	urn:cts:greekLit:tlg0656.tlg001.wellmann1906:4.63	proposed				
urn:cts:greekLit:tlg0656.tlg001.sprengel1830:4.65	edition_of	urn:cts:greekLit:tlg0656.tlg001.wellmann1906:4.64	proposed				
urn:cts:greekLit:tlg0656.tlg001.sprengel1830:4.66	edition_of	urn:cts:greekLit:tlg0656.tlg001.wellmann1906:4.65.1	proposed	0	63		
urn:cts:greekLit:tlg0656.tlg001.sprengel1830:4.67	edition_of	urn:cts:greekLit:tlg0656.tlg001.wellmann1906:4.66	proposed				
urn:cts:greekLit:tlg0656.tlg001.sprengel1830:4.68	edition_of	urn:cts:greekLit:tlg0656.tlg001.wellmann1906:4.67	proposed				
urn:cts:greekLit:tlg0656.tlg001.sprengel1830:4.69	edition_of	urn:cts:greekLit:tlg0656.tlg001.wellmann1906:4.68	proposed				
urn:cts:greekLit:tlg0656.tlg001.sprengel1830:4.70	edition_of	urn:cts:greekLit:tlg0656.tlg001.wellmann1906:4.69	proposed				
urn:cts:greekLit:tlg0656.tlg001.sprengel1830:4.71	edition_of	urn:cts:greekLit:tlg0656.tlg001.wellmann1906:4.70	proposed				
urn:cts:greekLit:tlg0656.tlg001.sprengel1830:4.72	edition_of	urn:cts:greekLit:tlg0656.tlg001.wellmann1906:4.71	proposed				
urn:cts:greekLit:tlg0656.tlg001.sprengel1830:4.73	edition_of	urn:cts:greekLit:tlg0656.tlg001.wellmann1906:4.72	proposed				
urn:cts:greekLit:tlg0656.tlg001.sprengel1830:4.74	edition_of	urn:cts:greekLit:tlg0656.tlg001.wellmann1906:4.73	proposed				
urn:cts:greekLit:tlg0656.tlg001.sprengel1830:4.75	edition_of	urn:cts:greekLit:tlg0656.tlg001.wellmann1906:4.74	proposed				
urn:cts:greekLit:tlg0656.tlg001.sprengel1830:4.76	edition_of	urn:cts:greekLit:tlg0656.tlg001.wellmann1906:4.75.1-4.75.7	proposed	0	564		
urn:cts:greekLit:tlg0656.tlg001.sprengel1830:4.76bis	edition_of	urn:cts:greekLit:tlg0656.tlg001.wellmann1906:4.76	proposed				
urn:cts:greekLit:tlg0656.tlg001.sprengel1830:4.79	edition_of	urn:cts:greekLit:tlg0656.tlg001.wellmann1906:4.78	proposed				
urn:cts:greekLit:tlg0656.tlg001.sprengel1830:4.80	edition_of	urn:cts:greekLit:tlg0656.tlg001.wellmann1906:4.79	proposed				
urn:cts:greekLit:tlg0656.tlg001.sprengel1830:4.81	edition_of	urn:cts:greekLit:tlg0656.tlg001.wellmann1906:4.80	proposed				
urn:cts:greekLit:tlg0656.tlg001.sprengel1830:4.82	edition_of	urn:cts:greekLit:tlg0656.tlg001.wellmann1906:4.81	proposed				
urn:cts:greekLit:tlg0656.tlg001.sprengel1830:4.83	edition_of	urn:cts:greekLit:tlg0656.tlg001.wellmann1906:4.82	proposed				
urn:cts:greekLit:tlg0656.tlg001.sprengel1830:4.84	edition_of	urn:cts:greekLit:tlg0656.tlg001.wellmann1906:4.83	proposed				
urn:cts:greekLit:tlg0656.tlg001.sprengel1830:4.85	edition_of	urn:cts:greekLit:tlg0656.tlg001.wellmann1906:4.84	proposed				
urn:cts:greekLit:tlg0656.tlg001.sprengel1830:4.86	edition_of	urn:cts:greekLit:tlg0656.tlg001.wellmann1906:4.85	proposed				
urn:cts:greekLit:tlg0656.tlg001.sprengel1830:4.87	edition_of	urn:cts:greekLit:tlg0656.tlg001.wellmann1906:4.87	proposed				
urn:cts:greekLit:tlg0656.tlg001.sprengel1830:4.88	edition_of	urn:cts:greekLit:tlg0656.tlg001.wellmann1906:4.88	proposed				
urn:cts:greekLit:tlg0656.tlg001.sprengel1830:4.89@Ἀείζωον[1]-vulgare[1]	edition_of	urn:cts:greekLit:tlg0656.tlg001.wellmann1906:4.89	proposed			Ἀείζωον τὸ μικρόν	
urn:cts:greekLit:tlg0656.tlg001.sprengel1830:4.89@Sempervivum[1]-obvium[1]	edition_of	urn:cts:greekLit:tlg0656.tlg001.wellmann1906:4.90	proposed			Sempervivum tertium Columna	
urn:cts:greekLit:tlg0656.tlg001.sprengel1830:4.90	edition_of	urn:cts:greekLit:tlg0656.tlg001.wellmann1906:4.91	proposed				
urn:cts:greekLit:tlg0656.tlg001.sprengel1830:4.91	edition_of	urn:cts:greekLit:tlg0656.tlg001.wellmann1906:4.92	proposed				
urn:cts:greekLit:tlg0656.tlg001.sprengel1830:4.92	edition_of	urn:cts:greekLit:tlg0656.tlg001.wellmann1906:4.93	proposed				
urn:cts:greekLit:tlg0656.tlg001.sprengel1830:4.93	edition_of	urn:cts:greekLit:tlg0656.tlg001.wellmann1906:4.94	proposed				
urn:cts:greekLit:tlg0656.tlg001.sprengel1830:4.94	edition_of	urn:cts:greekLit:tlg0656.tlg001.wellmann1906:4.95	proposed				
urn:cts:greekLit:tlg0656.tlg001.sprengel1830:4.95	edition_of	urn:cts:greekLit:tlg0656.tlg001.wellmann1906:4.96	proposed				
urn:cts:greekLit:tlg0656.tlg001.sprengel1830:4.96	edition_of	urn:cts:greekLit:tlg0656.tlg001.wellmann1906:4.97	proposed				
urn:cts:greekLit:tlg0656.tlg001.sprengel1830:4.97	edition_of	urn:cts:greekLit:tlg0656.tlg001.wellmann1906:4.98	proposed				
urn:cts:greekLit:tlg0656.tlg001.sprengel1830:4.98	edition_of	urn:cts:greekLit:tlg0656.tlg001.wellmann1906:4.99	proposed				
urn:cts:greekLit:tlg0656.tlg001.sprengel1830:4.99@Potamogeton[1]-meliorem[1]	edition_of	urn:cts:greekLit:tlg0656.tlg001.wellmann1906:4.100	proposed			Potamogeton nomen servavit	
urn:cts:greekLit:tlg0656.tlg001.sprengel1830:4.100	edition_of	urn:cts:greekLit:tlg0656.tlg001.wellmann1906:4.101	proposed				
urn:cts:greekLit:tlg0656.tlg001.sprengel1830:4.101	edition_of	urn:cts:greekLit:tlg0656.tlg001.wellmann1906:4.102	proposed				
urn:cts:greekLit:tlg0656.tlg001.sprengel1830:4.102	edition_of	urn:cts:greekLit:tlg0656.tlg001.wellmann1906:4.103	proposed				
urn:cts:greekLit:tlg0656.tlg001.sprengel1830:4.103	edition_of	urn:cts:greekLit:tlg0656.tlg001.wellmann1906:4.104	proposed				
urn:cts:greekLit:tlg0656.tlg001.sprengel1830:4.104	edition_of	urn:cts:greekLit:tlg0656.tlg001.wellmann1906:4.105	proposed				
urn:cts:greekLit:tlg0656.tlg001.sprengel1830:4.105	edition_of	urn:cts:greekLit:tlg0656.tlg001.wellmann1906:4.106	proposed				
urn:cts:greekLit:tlg0656.tlg001.sprengel1830:4.106	edition_of	urn:cts:greekLit:tlg0656.tlg001.wellmann1906:4.107	proposed				
urn:cts:greekLit:tlg0656.tlg001.sprengel1830:4.107	edition_of	urn:cts:greekLit:tlg0656.tlg001.wellmann1906:4.108	proposed				
urn:cts:greekLit:tlg0656.tlg001.sprengel1830:4.108	edition_of	urn:cts:greekLit:tlg0656.tlg001.wellmann1906:4.109	proposed				
urn:cts:greekLit:tlg0656.tlg001.sprengel1830:4.109	edition_of	urn:cts:greekLit:tlg0656.tlg001.wellmann1906:4.110	proposed				
urn:cts:greekLit:tlg0656.tlg001.sprengel1830:4.110	edition_of	urn:cts:greekLit:tlg0656.tlg001.wellmann1906:4.111	proposed				
urn:cts:greekLit:tlg0656.tlg001.sprengel1830:4.111	edition_of	urn:cts:greekLit:tlg0656.tlg001.wellmann1906:4.112	proposed				
urn:cts:greekLit:tlg0656.tlg001.sprengel1830:4.112	edition_of	urn:cts:greekLit:tlg0656.tlg001.wellmann1906:4.113	proposed				
urn:cts:greekLit:tlg0656.tlg001.sprengel1830:4.113	edition_of	urn:cts:greekLit:tlg0656.tlg001.wellmann1906:4.114	proposed				
urn:cts:greekLit:tlg0656.tlg001.sprengel1830:4.114	edition_of	urn:cts:greekLit:tlg0656.tlg001.wellmann1906:4.115	proposed				
urn:cts:greekLit:tlg0656.tlg001.sprengel1830:4.115	edition_of	urn:cts:greekLit:tlg0656.tlg001.wellmann1906:4.116	proposed				
urn:cts:greekLit:tlg0656.tlg001.sprengel1830:4.66bis	edition_of	urn:cts:greekLit:tlg0656.tlg001.wellmann1906:4.117	proposed				
urn:cts:greekLit:tlg0656.tlg001.sprengel1830:4.117	edition_of	urn:cts:greekLit:tlg0656.tlg001.wellmann1906:4.118	proposed				
urn:cts:greekLit:tlg0656.tlg001.sprengel1830:4.118	edition_of	urn:cts:greekLit:tlg0656.tlg001.wellmann1906:4.119	proposed				
urn:cts:greekLit:tlg0656.tlg001.sprengel1830:4.119	edition_of	urn:cts:greekLit:tlg0656.tlg001.wellmann1906:4.120	proposed				
urn:cts:greekLit:tlg0656.tlg001.sprengel1830:4.120	edition_of	urn:cts:greekLit:tlg0656.tlg001.wellmann1906:4.121	proposed				
urn:cts:greekLit:tlg0656.tlg001.sprengel1830:4.121	edition_of	urn:cts:greekLit:tlg0656.tlg001.wellmann1906:4.122	proposed				
urn:cts:greekLit:tlg0656.tlg001.sprengel1830:4.122	edition_of	urn:cts:greekLit:tlg0656.tlg001.wellmann1906:4.123	proposed				
urn:cts:greekLit:tlg0656.tlg001.sprengel1830:4.123	edition_of	urn:cts:greekLit:tlg0656.tlg001.wellmann1906:4.124	proposed				
urn:cts:greekLit:tlg0656.tlg001.sprengel1830:4.124	edition_of	urn:cts:greekLit:tlg0656.tlg001.wellmann1906:4.125	proposed				
urn:cts:greekLit:tlg0656.tlg001.sprengel1830:4.125	edition_of	urn:cts:greekLit:tlg0656.tlg001.wellmann1906:4.126	proposed				
urn:cts:greekLit:tlg0656.tlg001.sprengel1830:4.126	edition_of	urn:cts:greekLit:tlg0656.tlg001.wellmann1906:4.127@βούγλωσσον[1]-εἶναι[1]	proposed	0	22		βούγλωσσον ἔοικε φλόμῳ
urn:cts:greekLit:tlg0656.tlg001.sprengel1830:4.127	edition_of	urn:cts:greekLit:tlg0656.tlg001.wellmann1906:4.127@κυνόγλωσσον[1]-μαλακτική[1]	proposed	23	89		κυνόγλωσσον οἱ δὲ
urn:cts:greekLit:tlg0656.tlg001.sprengel1830:4.128	edition_of	urn:cts:greekLit:tlg0656.tlg001.wellmann1906:4.128	proposed				
urn:cts:greekLit:tlg0656.tlg001.sprengel1830:4.129	edition_of	urn:cts:greekLit:tlg0656.tlg001.wellmann1906:4.133	proposed				
urn:cts:greekLit:tlg0656.tlg001.sprengel1830:4.130	edition_of	urn:cts:greekLit:tlg0656.tlg001.wellmann1906:4.129	proposed				
urn:cts:greekLit:tlg0656.tlg001.sprengel1830:4.131	edition_of	urn:cts:greekLit:tlg0656.tlg001.wellmann1906:4.130	proposed				
urn:cts:greekLit:tlg0656.tlg001.sprengel1830:4.132	edition_of	urn:cts:greekLit:tlg0656.tlg001.wellmann1906:4.131	proposed				
urn:cts:greekLit:tlg0656.tlg001.sprengel1830:4.133	edition_of	urn:cts:greekLit:tlg0656.tlg001.wellmann1906:4.132	proposed				
urn:cts:greekLit:tlg0656.tlg001.sprengel1830:4.134	edition_of	urn:cts:greekLit:tlg0656.tlg001.wellmann1906:4.134	proposed				
urn:cts:greekLit:tlg0656.tlg001.sprengel1830:4.135	edition_of	urn:cts:greekLit:tlg0656.tlg001.wellmann1906:4.135	proposed				
urn:cts:greekLit:tlg0656.tlg001.sprengel1830:4.136	edition_of	urn:cts:greekLit:tlg0656.tlg001.wellmann1906:4.136	proposed				
urn:cts:greekLit:tlg0656.tlg001.sprengel1830:4.137	edition_of	urn:cts:greekLit:tlg0656.tlg001.wellmann1906:4.137	proposed				
urn:cts:greekLit:tlg0656.tlg001.sprengel1830:4.139	edition_of	urn:cts:greekLit:tlg0656.tlg001.wellmann1906:4.138	proposed				
urn:cts:greekLit:tlg0656.tlg001.sprengel1830:4.140	edition_of	urn:cts:greekLit:tlg0656.tlg001.wellmann1906:4.139	proposed				
urn:cts:greekLit:tlg0656.tlg001.sprengel1830:4.141	edition_of	urn:cts:greekLit:tlg0656.tlg001.wellmann1906:4.140	proposed				
urn:cts:greekLit:tlg0656.tlg001.sprengel1830:4.142	edition_of	urn:cts:greekLit:tlg0656.tlg001.wellmann1906:4.142	proposed				
urn:cts:greekLit:tlg0656.tlg001.sprengel1830:4.143	edition_of	urn:cts:greekLit:tlg0656.tlg001.wellmann1906:4.143	proposed				
urn:cts:greekLit:tlg0656.tlg001.sprengel1830:4.144	edition_of	urn:cts:greekLit:tlg0656.tlg001.wellmann1906:4.144	proposed				
urn:cts:greekLit:tlg0656.tlg001.sprengel1830:4.145	edition_of	urn:cts:greekLit:tlg0656.tlg001.wellmann1906:4.145	proposed				
urn:cts:greekLit:tlg0656.tlg001.sprengel1830:4.146	edition_of	urn:cts:greekLit:tlg0656.tlg001.wellmann1906:4.146	proposed				
urn:cts:greekLit:tlg0656.tlg001.sprengel1830:4.147	edition_of	urn:cts:greekLit:tlg0656.tlg001.wellmann1906:4.147	proposed				
urn:cts:greekLit:tlg0656.tlg001.sprengel1830:4.147	edition_of	urn:cts:greekLit:tlg0656.tlg001.wellmann1906:4.147a	proposed				
urn:cts:greekLit:tlg0656.tlg001.sprengel1830:4.148	edition_of	urn:cts:greekLit:tlg0656.tlg001.wellmann1906:4.148	proposed				
urn:cts:greekLit:tlg0656.tlg001.sprengel1830:4.149	edition_of	urn:cts:greekLit:tlg0656.tlg001.wellmann1906:4.162	proposed				
urn:cts:greekLit:tlg0656.tlg001.sprengel1830:4.150	edition_of	urn:cts:greekLit:tlg0656.tlg001.wellmann1906:4.149	proposed				
urn:cts:greekLit:tlg0656.tlg001.sprengel1830:4.151	edition_of	urn:cts:greekLit:tlg0656.tlg001.wellmann1906:4.163	proposed				
urn:cts:greekLit:tlg0656.tlg001.sprengel1830:4.152	edition_of	urn:cts:greekLit:tlg0656.tlg001.wellmann1906:4.150.1-4.150.2	proposed	0	163		
urn:cts:greekLit:tlg0656.tlg001.sprengel1830:4.153	edition_of	urn:cts:greekLit:tlg0656.tlg001.wellmann1906:4.152	proposed				
urn:cts:greekLit:tlg0656.tlg001.sprengel1830:4.154	edition_of	urn:cts:greekLit:tlg0656.tlg001.wellmann1906:4.153	proposed				
urn:cts:greekLit:tlg0656.tlg001.sprengel1830:4.155	edition_of	urn:cts:greekLit:tlg0656.tlg001.wellmann1906:4.154	proposed				
urn:cts:greekLit:tlg0656.tlg001.sprengel1830:4.156	edition_of	urn:cts:greekLit:tlg0656.tlg001.wellmann1906:4.155	proposed				
urn:cts:greekLit:tlg0656.tlg001.sprengel1830:4.157	edition_of	urn:cts:greekLit:tlg0656.tlg001.wellmann1906:4.157	proposed				
urn:cts:greekLit:tlg0656.tlg001.sprengel1830:4.158	edition_of	urn:cts:greekLit:tlg0656.tlg001.wellmann1906:4.158	proposed				
urn:cts:greekLit:tlg0656.tlg001.sprengel1830:4.159	edition_of	urn:cts:greekLit:tlg0656.tlg001.wellmann1906:4.159	proposed				
urn:cts:greekLit:tlg0656.tlg001.sprengel1830:4.160	edition_of	urn:cts:greekLit:tlg0656.tlg001.wellmann1906:4.160	proposed				
urn:cts:greekLit:tlg0656.tlg001.sprengel1830:4.161	edition_of	urn:cts:greekLit:tlg0656.tlg001.wellmann1906:4.161	proposed				
urn:cts:greekLit:tlg0656.tlg001.sprengel1830:4.162	edition_of	urn:cts:greekLit:tlg0656.tlg001.wellmann1906:4.164	proposed				
urn:cts:greekLit:tlg0656.tlg001.sprengel1830:4.163	edition_of	urn:cts:greekLit:tlg0656.tlg001.wellmann1906:4.165	proposed				
urn:cts:greekLit:tlg0656.tlg001.sprengel1830:4.164	edition_of	urn:cts:greekLit:tlg0656.tlg001.wellmann1906:4.166	proposed				
urn:cts:greekLit:tlg0656.tlg001.sprengel1830:4.166	edition_of	urn:cts:greekLit:tlg0656.tlg001.wellmann1906:4.168	proposed				
urn:cts:greekLit:tlg0656.tlg001.sprengel1830:4.167	edition_of	urn:cts:greekLit:tlg0656.tlg001.wellmann1906:4.169	proposed				
urn:cts:greekLit:tlg0656.tlg001.sprengel1830:4.168	edition_of	urn:cts:greekLit:tlg0656.tlg001.wellmann1906:4.170	proposed				
urn:cts:greekLit:tlg0656.tlg001.sprengel1830:4.169	edition_of	urn:cts:greekLit:tlg0656.tlg001.wellmann1906:4.171	proposed				
urn:cts:greekLit:tlg0656.tlg001.sprengel1830:4.170	edition_of	urn:cts:greekLit:tlg0656.tlg001.wellmann1906:4.172	proposed				
urn:cts:greekLit:tlg0656.tlg001.sprengel1830:4.171	edition_of	urn:cts:greekLit:tlg0656.tlg001.wellmann1906:4.173.1	proposed	0	54		
urn:cts:greekLit:tlg0656.tlg001.sprengel1830:4.173	edition_of	urn:cts:greekLit:tlg0656.tlg001.wellmann1906:4.174	proposed				
urn:cts:greekLit:tlg0656.tlg001.sprengel1830:4.174	edition_of	urn:cts:greekLit:tlg0656.tlg001.wellmann1906:4.175	proposed				
urn:cts:greekLit:tlg0656.tlg001.sprengel1830:4.175	edition_of	urn:cts:greekLit:tlg0656.tlg001.wellmann1906:4.176	proposed				
urn:cts:greekLit:tlg0656.tlg001.sprengel1830:4.176	edition_of	urn:cts:greekLit:tlg0656.tlg001.wellmann1906:4.177	proposed				
urn:cts:greekLit:tlg0656.tlg001.sprengel1830:4.177	edition_of	urn:cts:greekLit:tlg0656.tlg001.wellmann1906:4.178	proposed				
urn:cts:greekLit:tlg0656.tlg001.sprengel1830:4.178	edition_of	urn:cts:greekLit:tlg0656.tlg001.wellmann1906:4.179	proposed				
urn:cts:greekLit:tlg0656.tlg001.sprengel1830:4.179	edition_of	urn:cts:greekLit:tlg0656.tlg001.wellmann1906:4.180	proposed				
urn:cts:greekLit:tlg0656.tlg001.sprengel1830:4.180	edition_of	urn:cts:greekLit:tlg0656.tlg001.wellmann1906:4.181	proposed				
urn:cts:greekLit:tlg0656.tlg001.sprengel1830:4.181	edition_of	urn:cts:greekLit:tlg0656.tlg001.wellmann1906:4.182	proposed				
urn:cts:greekLit:tlg0656.tlg001.sprengel1830:4.182	edition_of	urn:cts:greekLit:tlg0656.tlg001.wellmann1906:4.183	proposed				
urn:cts:greekLit:tlg0656.tlg001.sprengel1830:4.183	edition_of	urn:cts:greekLit:tlg0656.tlg001.wellmann1906:4.184	proposed				
urn:cts:greekLit:tlg0656.tlg001.sprengel1830:4.184	edition_of	urn:cts:greekLit:tlg0656.tlg001.wellmann1906:4.185	proposed				
urn:cts:greekLit:tlg0656.tlg001.sprengel1830:4.185	edition_of	urn:cts:greekLit:tlg0656.tlg001.wellmann1906:4.186	proposed				
urn:cts:greekLit:tlg0656.tlg001.sprengel1830:4.186	edition_of	urn:cts:greekLit:tlg0656.tlg001.wellmann1906:4.187	proposed				
urn:cts:greekLit:tlg0656.tlg001.sprengel1830:4.187	edition_of	urn:cts:greekLit:tlg0656.tlg001.wellmann1906:4.188	proposed				
urn:cts:greekLit:tlg0656.tlg001.sprengel1830:4.188	edition_of	urn:cts:greekLit:tlg0656.tlg001.wellmann1906:4.189	proposed				
urn:cts:greekLit:tlg0656.tlg001.sprengel1830:4.189	edition_of	urn:cts:greekLit:tlg0656.tlg001.wellmann1906:4.190RVRV	proposed				
urn:cts:greekLit:tlg0656.tlg001.sprengel1830:4.190	edition_of	urn:cts:greekLit:tlg0656.tlg001.wellmann1906:4.190	proposed				
urn:cts:greekLit:tlg0656.tlg001.sprengel1830:4.191	edition_of	urn:cts:greekLit:tlg0656.tlg001.wellmann1906:4.191	proposed				
urn:cts:greekLit:tlg0656.tlg001.sprengel1830:4.192	edition_of	urn:cts:greekLit:tlg0656.tlg001.wellmann1906:4.192	proposed				
urn:cts:greekLit:tlg0656.tlg001.sprengel1830:5.praef	edition_of	urn:cts:greekLit:tlg0656.tlg001.wellmann1906:5.arg	proposed				
urn:cts:greekLit:tlg0656.tlg001.sprengel1830:5.3	edition_of	urn:cts:greekLit:tlg0656.tlg001.wellmann1906:5.3.1-5.3.2	proposed	0	157		
urn:cts:greekLit:tlg0656.tlg001.sprengel1830:5.6	edition_of	urn:cts:greekLit:tlg0656.tlg001.wellmann1906:5.5	proposed				
urn:cts:greekLit:tlg0656.tlg001.sprengel1830:5.10	edition_of	urn:cts:greekLit:tlg0656.tlg001.wellmann1906:5.6.6-5.6.9	proposed	354	593		
urn:cts:greekLit:tlg0656.tlg001.sprengel1830:5.13	edition_of	urn:cts:greekLit:tlg0656.tlg001.wellmann1906:5.6@ὁ[40]-δὲ[76]	proposed	992	1140		ὁ δὲ καλούμενος
urn:cts:greekLit:tlg0656.tlg001.sprengel1830:5.84	edition_of	urn:cts:greekLit:tlg0656.tlg001.wellmann1906:5.74	proposed				
urn:cts:greekLit:tlg0656.tlg001.sprengel1830:5.100	edition_of	urn:cts:greekLit:tlg0656.tlg001.wellmann1906:5.85	proposed				
urn:cts:greekLit:tlg0656.tlg001.sprengel1830:5.104	edition_of	urn:cts:greekLit:tlg0656.tlg001.wellmann1906:5.89	proposed				
urn:cts:greekLit:tlg0656.tlg001.sprengel1830:5.105	edition_of	urn:cts:greekLit:tlg0656.tlg001.wellmann1906:5.90	proposed				
urn:cts:greekLit:tlg0656.tlg001.sprengel1830:5.107	edition_of	urn:cts:greekLit:tlg0656.tlg001.wellmann1906:5.92	proposed				
urn:cts:greekLit:tlg0656.tlg001.sprengel1830:5.109	edition_of	urn:cts:greekLit:tlg0656.tlg001.wellmann1906:5.94	proposed				
urn:cts:greekLit:tlg0656.tlg001.sprengel1830:5.114	edition_of	urn:cts:greekLit:tlg0656.tlg001.wellmann1906:5.98	proposed				
urn:cts:greekLit:tlg0656.tlg001.sprengel1830:5.119	edition_of	urn:cts:greekLit:tlg0656.tlg001.wellmann1906:5.103	proposed				
urn:cts:greekLit:tlg0656.tlg001.sprengel1830:5.120	edition_of	urn:cts:greekLit:tlg0656.tlg001.wellmann1906:5.104	proposed				
urn:cts:greekLit:tlg0656.tlg001.sprengel1830:5.121	edition_of	urn:cts:greekLit:tlg0656.tlg001.wellmann1906:5.105	proposed				
urn:cts:greekLit:tlg0656.tlg001.sprengel1830:5.122	edition_of	urn:cts:greekLit:tlg0656.tlg001.wellmann1906:5.106	proposed				
urn:cts:greekLit:tlg0656.tlg001.sprengel1830:5.124	edition_of	urn:cts:greekLit:tlg0656.tlg001.wellmann1906:5.108	proposed				
urn:cts:greekLit:tlg0656.tlg001.sprengel1830:5.126	edition_of	urn:cts:greekLit:tlg0656.tlg001.wellmann1906:5.110	proposed				
urn:cts:greekLit:tlg0656.tlg001.sprengel1830:5.128	edition_of	urn:cts:greekLit:tlg0656.tlg001.wellmann1906:5.112	proposed				
urn:cts:greekLit:tlg0656.tlg001.sprengel1830:5.131	edition_of	urn:cts:greekLit:tlg0656.tlg001.wellmann1906:5.114	proposed				
urn:cts:greekLit:tlg0656.tlg001.sprengel1830:5.135	edition_of	urn:cts:greekLit:tlg0656.tlg001.wellmann1906:5.118	proposed				
urn:cts:greekLit:tlg0656.tlg001.sprengel1830:5.136	edition_of	urn:cts:greekLit:tlg0656.tlg001.wellmann1906:5.119	proposed				
urn:cts:greekLit:tlg0656.tlg001.sprengel1830:5.137	edition_of	urn:cts:greekLit:tlg0656.tlg001.wellmann1906:5.120	proposed				
urn:cts:greekLit:tlg0656.tlg001.sprengel1830:5.138	edition_of	urn:cts:greekLit:tlg0656.tlg001.wellmann1906:5.121	proposed				
urn:cts:greekLit:tlg0656.tlg001.sprengel1830:5.139	edition_of	urn:cts:greekLit:tlg0656.tlg001.wellmann1906:5.122	proposed				
urn:cts:greekLit:tlg0656.tlg001.sprengel1830:5.140	edition_of	urn:cts:greekLit:tlg0656.tlg001.wellmann1906:5.123	proposed				
urn:cts:greekLit:tlg0656.tlg001.sprengel1830:5.141	edition_of	urn:cts:greekLit:tlg0656.tlg001.wellmann1906:5.124	proposed				
urn:cts:greekLit:tlg0656.tlg001.sprengel1830:5.142	edition_of	urn:cts:greekLit:tlg0656.tlg001.wellmann1906:5.125	proposed				
urn:cts:greekLit:tlg0656.tlg001.sprengel1830:5.143	edition_of	urn:cts:greekLit:tlg0656.tlg001.wellmann1906:5.126	proposed				
urn:cts:greekLit:tlg0656.tlg001.sprengel1830:5.144	edition_of	urn:cts:greekLit:tlg0656.tlg001.wellmann1906:5.127	proposed				
urn:cts:greekLit:tlg0656.tlg001.sprengel1830:5.145	edition_of	urn:cts:greekLit:tlg0656.tlg001.wellmann1906:5.128	proposed				
urn:cts:greekLit:tlg0656.tlg001.sprengel1830:5.146	edition_of	urn:cts:greekLit:tlg0656.tlg001.wellmann1906:5.129	proposed				
urn:cts:greekLit:tlg0656.tlg001.sprengel1830:5.148	edition_of	urn:cts:greekLit:tlg0656.tlg001.wellmann1906:5.131	proposed				
urn:cts:greekLit:tlg0656.tlg001.sprengel1830:5.149	edition_of	urn:cts:greekLit:tlg0656.tlg001.wellmann1906:5.132	proposed				
urn:cts:greekLit:tlg0656.tlg001.sprengel1830:5.150	edition_of	urn:cts:greekLit:tlg0656.tlg001.wellmann1906:5.133	proposed				
urn:cts:greekLit:tlg0656.tlg001.sprengel1830:5.151	edition_of	urn:cts:greekLit:tlg0656.tlg001.wellmann1906:5.134	proposed				
urn:cts:greekLit:tlg0656.tlg001.sprengel1830:5.152	edition_of	urn:cts:greekLit:tlg0656.tlg001.wellmann1906:5.135	proposed				
urn:cts:greekLit:tlg0656.tlg001.sprengel1830:5.153	edition_of	urn:cts:greekLit:tlg0656.tlg001.wellmann1906:5.136	proposed				
urn:cts:greekLit:tlg0656.tlg001.sprengel1830:5.154	edition_of	urn:cts:greekLit:tlg0656.tlg001.wellmann1906:5.137	proposed				
urn:cts:greekLit:tlg0656.tlg001.sprengel1830:5.155	edition_of	urn:cts:greekLit:tlg0656.tlg001.wellmann1906:5.138	proposed				
urn:cts:greekLit:tlg0656.tlg001.sprengel1830:5.156	edition_of	urn:cts:greekLit:tlg0656.tlg001.wellmann1906:5.139	proposed				
urn:cts:greekLit:tlg0656.tlg001.sprengel1830:5.157	edition_of	urn:cts:greekLit:tlg0656.tlg001.wellmann1906:5.140	proposed				
urn:cts:greekLit:tlg0656.tlg001.sprengel1830:5.158	edition_of	urn:cts:greekLit:tlg0656.tlg001.wellmann1906:5.141	proposed				
urn:cts:greekLit:tlg0656.tlg001.sprengel1830:5.159	edition_of	urn:cts:greekLit:tlg0656.tlg001.wellmann1906:5.142	proposed				
urn:cts:greekLit:tlg0656.tlg001.sprengel1830:5.161	edition_of	urn:cts:greekLit:tlg0656.tlg001.wellmann1906:5.143	proposed				
urn:cts:greekLit:tlg0656.tlg001.sprengel1830:5.162	edition_of	urn:cts:greekLit:tlg0656.tlg001.wellmann1906:5.144	proposed				
urn:cts:greekLit:tlg0656.tlg001.sprengel1830:5.164	edition_of	urn:cts:greekLit:tlg0656.tlg001.wellmann1906:5.146	proposed				
urn:cts:greekLit:tlg0656.tlg001.sprengel1830:5.165	edition_of	urn:cts:greekLit:tlg0656.tlg001.wellmann1906:5.147	proposed				
urn:cts:greekLit:tlg0656.tlg001.sprengel1830:5.167	edition_of	urn:cts:greekLit:tlg0656.tlg001.wellmann1906:5.149	proposed				
urn:cts:greekLit:tlg0656.tlg001.sprengel1830:5.168	edition_of	urn:cts:greekLit:tlg0656.tlg001.wellmann1906:5.150	proposed				
urn:cts:greekLit:tlg0656.tlg001.sprengel1830:5.170	edition_of	urn:cts:greekLit:tlg0656.tlg001.wellmann1906:5.152	proposed				
urn:cts:greekLit:tlg0656.tlg001.sprengel1830:5.171	edition_of	urn:cts:greekLit:tlg0656.tlg001.wellmann1906:5.153	proposed				
urn:cts:greekLit:tlg0656.tlg001.sprengel1830:5.172	edition_of	urn:cts:greekLit:tlg0656.tlg001.wellmann1906:5.154	proposed				
urn:cts:greekLit:tlg0656.tlg001.sprengel1830:5.179	edition_of	urn:cts:greekLit:tlg0656.tlg001.wellmann1906:5.159	proposed				
urn:cts:greekLit:tlg0656.tlg001.sprengel1830:5.180	edition_of	urn:cts:greekLit:tlg0656.tlg001.wellmann1906:5.160	proposed				
urn:cts:greekLit:tlg0656.tlg001.sprengel1830:5.182	edition_of	urn:cts:greekLit:tlg0656.tlg001.wellmann1906:5.162	proposed				
urn:cts:greekLit:tlg0656.tlg001.sprengel1830:5.19	edition_of	urn:cts:greekLit:tlg0656.tlg001.wellmann1906:5.11	proposed				
urn:cts:greekLit:tlg0656.tlg001.sprengel1830:5.20	edition_of	urn:cts:greekLit:tlg0656.tlg001.wellmann1906:5.12	proposed				
urn:cts:greekLit:tlg0656.tlg001.sprengel1830:5.25	edition_of	urn:cts:greekLit:tlg0656.tlg001.wellmann1906:5.17	proposed				
urn:cts:greekLit:tlg0656.tlg001.berendes1902:1.praef	edition_of	urn:cts:greekLit:tlg0656.tlg001.wellmann1906:1.praef	proposed				
urn:cts:greekLit:tlg0656.tlg001.berendes1902:1.1	edition_of	urn:cts:greekLit:tlg0656.tlg001.wellmann1906:1.1	proposed				
urn:cts:greekLit:tlg0656.tlg001.berendes1902:1.2	edition_of	urn:cts:greekLit:tlg0656.tlg001.wellmann1906:1.2	proposed				
urn:cts:greekLit:tlg0656.tlg001.berendes1902:1.3	edition_of	urn:cts:greekLit:tlg0656.tlg001.wellmann1906:1.3	proposed				
urn:cts:greekLit:tlg0656.tlg001.berendes1902:1.4@Der[1]-Salben[1]	edition_of	urn:cts:greekLit:tlg0656.tlg001.wellmann1906:1.4	proposed			Der Kypeiros Einigenennen	
urn:cts:greekLit:tlg0656.tlg001.berendes1902:1.4@Es[1]-Haare[1]	edition_of	urn:cts:greekLit:tlg0656.tlg001.wellmann1906:1.5	proposed			Es wird berichtet	
urn:cts:greekLit:tlg0656.tlg001.berendes1902:1.5	edition_of	urn:cts:greekLit:tlg0656.tlg001.wellmann1906:1.6	proposed				
urn:cts:greekLit:tlg0656.tlg001.berendes1902:1.6	edition_of	urn:cts:greekLit:tlg0656.tlg001.wellmann1906:1.7	proposed				
urn:cts:greekLit:tlg0656.tlg001.berendes1902:1.7	edition_of	urn:cts:greekLit:tlg0656.tlg001.wellmann1906:1.8	proposed				
urn:cts:greekLit:tlg0656.tlg001.berendes1902:1.8	edition_of	urn:cts:greekLit:tlg0656.tlg001.wellmann1906:1.9	proposed				
urn:cts:greekLit:tlg0656.tlg001.berendes1902:1.9	edition_of	urn:cts:greekLit:tlg0656.tlg001.wellmann1906:1.10	proposed				
urn:cts:greekLit:tlg0656.tlg001.berendes1902:1.10	edition_of	urn:cts:greekLit:tlg0656.tlg001.wellmann1906:1.11	proposed				
urn:cts:greekLit:tlg0656.tlg001.berendes1902:1.11	edition_of	urn:cts:greekLit:tlg0656.tlg001.wellmann1906:1.12	proposed				
urn:cts:greekLit:tlg0656.tlg001.berendes1902:1.12	edition_of	urn:cts:greekLit:tlg0656.tlg001.wellmann1906:1.13	proposed				
urn:cts:greekLit:tlg0656.tlg001.berendes1902:1.13	edition_of	urn:cts:greekLit:tlg0656.tlg001.wellmann1906:1.14	proposed				
urn:cts:greekLit:tlg0656.tlg001.berendes1902:1.14	edition_of	urn:cts:greekLit:tlg0656.tlg001.wellmann1906:1.15	proposed				
urn:cts:greekLit:tlg0656.tlg001.berendes1902:1.15	edition_of	urn:cts:greekLit:tlg0656.tlg001.wellmann1906:1.16	proposed				
urn:cts:greekLit:tlg0656.tlg001.berendes1902:1.16	edition_of	urn:cts:greekLit:tlg0656.tlg001.wellmann1906:1.17	proposed				
urn:cts:greekLit:tlg0656.tlg001.berendes1902:1.17	edition_of	urn:cts:greekLit:tlg0656.tlg001.wellmann1906:1.18	proposed				
urn:cts:greekLit:tlg0656.tlg001.berendes1902:1.18	edition_of	urn:cts:greekLit:tlg0656.tlg001.wellmann1906:1.19	proposed				
urn:cts:greekLit:tlg0656.tlg001.berendes1902:1.19	edition_of	urn:cts:greekLit:tlg0656.tlg001.wellmann1906:1.20	proposed				
urn:cts:greekLit:tlg0656.tlg001.berendes1902:1.20	edition_of	urn:cts:greekLit:tlg0656.tlg001.wellmann1906:1.21	proposed				
urn:cts:greekLit:tlg0656.tlg001.berendes1902:1.21	edition_of	urn:cts:greekLit:tlg0656.tlg001.wellmann1906:1.22	proposed				
urn:cts:greekLit:tlg0656.tlg001.berendes1902:1.22	edition_of	urn:cts:greekLit:tlg0656.tlg001.wellmann1906:1.23	proposed				
urn:cts:greekLit:tlg0656.tlg001.berendes1902:1.23	edition_of	urn:cts:greekLit:tlg0656.tlg001.wellmann1906:1.24	proposed				
urn:cts:greekLit:tlg0656.tlg001.berendes1902:1.24	edition_of	urn:cts:greekLit:tlg0656.tlg001.wellmann1906:1.25	proposed				
urn:cts:greekLit:tlg0656.tlg001.berendes1902:1.25	edition_of	urn:cts:greekLit:tlg0656.tlg001.wellmann1906:1.26	proposed				
urn:cts:greekLit:tlg0656.tlg001.berendes1902:1.26	edition_of	urn:cts:greekLit:tlg0656.tlg001.wellmann1906:1.27	proposed				
urn:cts:greekLit:tlg0656.tlg001.berendes1902:1.27	edition_of	urn:cts:greekLit:tlg0656.tlg001.wellmann1906:1.28	proposed				
urn:cts:greekLit:tlg0656.tlg001.berendes1902:1.28	edition_of	urn:cts:greekLit:tlg0656.tlg001.wellmann1906:1.29	proposed				
urn:cts:greekLit:tlg0656.tlg001.berendes1902:1.29	edition_of	urn:cts:greekLit:tlg0656.tlg001.wellmann1906:1.30.1@30[1]-ἐφεκτικόν[1]	proposed	0	52		30 ἔλαιον πρὸς
urn:cts:greekLit:tlg0656.tlg001.berendes1902:1.30	edition_of	urn:cts:greekLit:tlg0656.tlg001.wellmann1906:1.30@τὸ[5]-δύναμιν[1]	proposed	52	183		τὸ δὲ λιπαρώτερον
urn:cts:greekLit:tlg0656.tlg001.berendes1902:1.31	edition_of	urn:cts:greekLit:tlg0656.tlg001.wellmann1906:1.30.3@τὸ[1]-ἐπαλειφόμενον[1]	proposed	183	226		τὸ δὲ ἐκ
urn:cts:greekLit:tlg0656.tlg001.berendes1902:1.32	edition_of	urn:cts:greekLit:tlg0656.tlg001.wellmann1906:1.30@λευκαίνεται[1]-γένηται[1]	proposed	226	373		λευκαίνεται δὲ ἔλαιον
urn:cts:greekLit:tlg0656.tlg001.berendes1902:1.33	edition_of	urn:cts:greekLit:tlg0656.tlg001.wellmann1906:1.30.5	proposed	373	457		
urn:cts:greekLit:tlg0656.tlg001.berendes1902:1.34	edition_of	urn:cts:greekLit:tlg0656.tlg001.wellmann1906:1.30.6@ὁ[1]-διαχρίστοις[1]	proposed	457	475		ὁ δὲ ἐπὶ
urn:cts:greekLit:tlg0656.tlg001.berendes1902:1.35	edition_of	urn:cts:greekLit:tlg0656.tlg001.wellmann1906:1.30.6@ὁ[2]-ἐπιτιθέμενος[2]	proposed	475	501		ὁ δὲ ἐκ
urn:cts:greekLit:tlg0656.tlg001.berendes1902:1.36	edition_of	urn:cts:greekLit:tlg0656.tlg001.wellmann1906:1.30.6@καὶ[3]-ἁρμόζει[1]	proposed	501	529		καὶ ὁ ἐν
urn:cts:greekLit:tlg0656.tlg001.berendes1902:1.37	edition_of	urn:cts:greekLit:tlg0656.tlg001.wellmann1906:1.31	proposed				
urn:cts:greekLit:tlg0656.tlg001.berendes1902:1.38	edition_of	urn:cts:greekLit:tlg0656.tlg001.wellmann1906:1.32	proposed				
urn:cts:greekLit:tlg0656.tlg001.berendes1902:1.39	edition_of	urn:cts:greekLit:tlg0656.tlg001.wellmann1906:1.33	proposed				
urn:cts:greekLit:tlg0656.tlg001.berendes1902:1.40	edition_of	urn:cts:greekLit:tlg0656.tlg001.wellmann1906:1.34@ἐοικότως[1]-δὲ[5]	proposed	0	35		ἐοικότως δὲ καὶ
urn:cts:greekLit:tlg0656.tlg001.berendes1902:1.41	edition_of	urn:cts:greekLit:tlg0656.tlg001.wellmann1906:1.34@σκευάζεται[1]-βαλανίνῳ[1]	proposed	35	59		σκευάζεται τοῖς προειρημένοις
urn:cts:greekLit:tlg0656.tlg001.berendes1902:1.42	edition_of	urn:cts:greekLit:tlg0656.tlg001.wellmann1906:1.35	proposed				
urn:cts:greekLit:tlg0656.tlg001.berendes1902:1.43	edition_of	urn:cts:greekLit:tlg0656.tlg001.wellmann1906:1.36@ὁμοίως[1]-πινόμενον[1]	proposed	0	18		ὁμοίως δὲ καὶ
urn:cts:greekLit:tlg0656.tlg001.berendes1902:1.44	edition_of	urn:cts:greekLit:tlg0656.tlg001.wellmann1906:1.36@ὡσαύτως[1]-μᾶλλον[1]	proposed	18	35		ὡσαύτως δὲ καὶ
urn:cts:greekLit:tlg0656.tlg001.berendes1902:1.45	edition_of	urn:cts:greekLit:tlg0656.tlg001.wellmann1906:1.37@τὸ[1]-αὐτό[1]	proposed	0	36		τὸ δὲ ῥαφάνινον
urn:cts:greekLit:tlg0656.tlg001.berendes1902:1.46	edition_of	urn:cts:greekLit:tlg0656.tlg001.wellmann1906:1.37@καὶ[3]-ῥαφανίνῳ[1]	proposed	36	48		καὶ τὸ μελάνθινον
urn:cts:greekLit:tlg0656.tlg001.berendes1902:1.47	edition_of	urn:cts:greekLit:tlg0656.tlg001.wellmann1906:1.38	proposed				
urn:cts:greekLit:tlg0656.tlg001.berendes1902:1.48	edition_of	urn:cts:greekLit:tlg0656.tlg001.wellmann1906:1.39	proposed				
urn:cts:greekLit:tlg0656.tlg001.berendes1902:1.49	edition_of	urn:cts:greekLit:tlg0656.tlg001.wellmann1906:1.40	proposed				
urn:cts:greekLit:tlg0656.tlg001.berendes1902:1.50	edition_of	urn:cts:greekLit:tlg0656.tlg001.wellmann1906:1.41	proposed				
urn:cts:greekLit:tlg0656.tlg001.berendes1902:1.51	edition_of	urn:cts:greekLit:tlg0656.tlg001.wellmann1906:1.42.1	proposed	0	48		
urn:cts:greekLit:tlg0656.tlg001.berendes1902:1.52	edition_of	urn:cts:greekLit:tlg0656.tlg001.wellmann1906:1.42.2	proposed	48	122		
urn:cts:greekLit:tlg0656.tlg001.berendes1902:1.53	edition_of	urn:cts:greekLit:tlg0656.tlg001.wellmann1906:1.43	proposed				
urn:cts:greekLit:tlg0656.tlg001.berendes1902:1.54	edition_of	urn:cts:greekLit:tlg0656.tlg001.wellmann1906:1.44	proposed				
urn:cts:greekLit:tlg0656.tlg001.berendes1902:1.55	edition_of	urn:cts:greekLit:tlg0656.tlg001.wellmann1906:1.45	proposed				
urn:cts:greekLit:tlg0656.tlg001.berendes1902:1.56	edition_of	urn:cts:greekLit:tlg0656.tlg001.wellmann1906:1.46	proposed				
urn:cts:greekLit:tlg0656.tlg001.berendes1902:1.57	edition_of	urn:cts:greekLit:tlg0656.tlg001.wellmann1906:1.47	proposed				
urn:cts:greekLit:tlg0656.tlg001.berendes1902:1.58	edition_of	urn:cts:greekLit:tlg0656.tlg001.wellmann1906:1.48	proposed				
urn:cts:greekLit:tlg0656.tlg001.berendes1902:1.59	edition_of	urn:cts:greekLit:tlg0656.tlg001.wellmann1906:1.49	proposed				
urn:cts:greekLit:tlg0656.tlg001.berendes1902:1.60	edition_of	urn:cts:greekLit:tlg0656.tlg001.wellmann1906:1.50	proposed				
urn:cts:greekLit:tlg0656.tlg001.berendes1902:1.61	edition_of	urn:cts:greekLit:tlg0656.tlg001.wellmann1906:1.51	proposed				
urn:cts:greekLit:tlg0656.tlg001.berendes1902:1.62	edition_of	urn:cts:greekLit:tlg0656.tlg001.wellmann1906:1.52	proposed				
urn:cts:greekLit:tlg0656.tlg001.berendes1902:1.63	edition_of	urn:cts:greekLit:tlg0656.tlg001.wellmann1906:1.53	proposed				
urn:cts:greekLit:tlg0656.tlg001.berendes1902:1.64	edition_of	urn:cts:greekLit:tlg0656.tlg001.wellmann1906:1.54	proposed				
urn:cts:greekLit:tlg0656.tlg001.berendes1902:1.65	edition_of	urn:cts:greekLit:tlg0656.tlg001.wellmann1906:1.55	proposed				
urn:cts:greekLit:tlg0656.tlg001.berendes1902:1.66	edition_of	urn:cts:greekLit:tlg0656.tlg001.wellmann1906:1.56	proposed				
urn:cts:greekLit:tlg0656.tlg001.berendes1902:1.67	edition_of	urn:cts:greekLit:tlg0656.tlg001.wellmann1906:1.57	proposed				
urn:cts:greekLit:tlg0656.tlg001.berendes1902:1.68	edition_of	urn:cts:greekLit:tlg0656.tlg001.wellmann1906:1.58.1-1.58.2	proposed	0	124		
urn:cts:greekLit:tlg0656.tlg001.berendes1902:1.69	edition_of	urn:cts:greekLit:tlg0656.tlg001.wellmann1906:1.58.3@τὸ[1]-αὐτοῦ[1]	proposed	124	200		τὸ δὲ μεγάλλειον
urn:cts:greekLit:tlg0656.tlg001.berendes1902:1.70	edition_of	urn:cts:greekLit:tlg0656.tlg001.wellmann1906:1.58.3@καὶ[4]-τυγχάνει[1]	proposed	200	221		καὶ τὸ καλούμενον
urn:cts:greekLit:tlg0656.tlg001.berendes1902:1.71	edition_of	urn:cts:greekLit:tlg0656.tlg001.wellmann1906:1.59.1-1.59.2	proposed	0	127		
urn:cts:greekLit:tlg0656.tlg001.berendes1902:1.72	edition_of	urn:cts:greekLit:tlg0656.tlg001.wellmann1906:1.59.3	proposed	127	173		
urn:cts:greekLit:tlg0656.tlg001.berendes1902:1.73	edition_of	urn:cts:greekLit:tlg0656.tlg001.wellmann1906:1.60	proposed				
urn:cts:greekLit:tlg0656.tlg001.berendes1902:1.74	edition_of	urn:cts:greekLit:tlg0656.tlg001.wellmann1906:1.61	proposed				
urn:cts:greekLit:tlg0656.tlg001.berendes1902:1.75	edition_of	urn:cts:greekLit:tlg0656.tlg001.wellmann1906:1.62	proposed				
urn:cts:greekLit:tlg0656.tlg001.berendes1902:1.76	edition_of	urn:cts:greekLit:tlg0656.tlg001.wellmann1906:1.63	proposed				
urn:cts:greekLit:tlg0656.tlg001.berendes1902:1.77	edition_of	urn:cts:greekLit:tlg0656.tlg001.wellmann1906:1.64	proposed				
urn:cts:greekLit:tlg0656.tlg001.berendes1902:1.78	edition_of	urn:cts:greekLit:tlg0656.tlg001.wellmann1906:1.65	proposed				
urn:cts:greekLit:tlg0656.tlg001.berendes1902:1.79	edition_of	urn:cts:greekLit:tlg0656.tlg001.wellmann1906:1.66	proposed				
urn:cts:greekLit:tlg0656.tlg001.berendes1902:1.80	edition_of	urn:cts:greekLit:tlg0656.tlg001.wellmann1906:1.67	proposed				
urn:cts:greekLit:tlg0656.tlg001.berendes1902:1.81	edition_of	urn:cts:greekLit:tlg0656.tlg001.wellmann1906:1.68.1-1.68.4	proposed	0	368		
urn:cts:greekLit:tlg0656.tlg001.berendes1902:1.82	edition_of	urn:cts:greekLit:tlg0656.tlg001.wellmann1906:1.68.5	proposed	368	466		
urn:cts:greekLit:tlg0656.tlg001.berendes1902:1.83	edition_of	urn:cts:greekLit:tlg0656.tlg001.wellmann1906:1.68.6	proposed	466	528		
urn:cts:greekLit:tlg0656.tlg001.berendes1902:1.84	edition_of	urn:cts:greekLit:tlg0656.tlg001.wellmann1906:1.68@αἰθάλην[1]-καρκινωμάτων[1]	proposed	528	669		αἰθάλην δὲ λιβανωτοῦ
urn:cts:greekLit:tlg0656.tlg001.berendes1902:1.85	edition_of	urn:cts:greekLit:tlg0656.tlg001.wellmann1906:1.68.8@τὸν[1]-λάμβανε[1]	proposed	669	701		τὸν αὐτὸν τρόπον
urn:cts:greekLit:tlg0656.tlg001.berendes1902:1.86	edition_of	urn:cts:greekLit:tlg0656.tlg001.wellmann1906:1.69@69[1]-δακρύοντας[1]	proposed	0	174		69 πίτυς γνώριμον
urn:cts:greekLit:tlg0656.tlg001.berendes1902:1.87	edition_of	urn:cts:greekLit:tlg0656.tlg001.wellmann1906:1.69.3@πιτυίδες[1]-λαμβανόμεναι[1]	proposed	174	209		πιτυίδες δὲ καλοῦνται
urn:cts:greekLit:tlg0656.tlg001.berendes1902:1.88	edition_of	urn:cts:greekLit:tlg0656.tlg001.wellmann1906:1.69.4	proposed	209	276		
urn:cts:greekLit:tlg0656.tlg001.berendes1902:1.89	edition_of	urn:cts:greekLit:tlg0656.tlg001.wellmann1906:1.70.1-1.70.2	proposed	0	156		
urn:cts:greekLit:tlg0656.tlg001.berendes1902:1.90	edition_of	urn:cts:greekLit:tlg0656.tlg001.wellmann1906:1.70.3	proposed	156	242		
urn:cts:greekLit:tlg0656.tlg001.berendes1902:1.91	edition_of	urn:cts:greekLit:tlg0656.tlg001.wellmann1906:1.71@71[1]-ἐπιτιθεμένη[1]	proposed	0	197		71 τέρμινθος γνώριμον
urn:cts:greekLit:tlg0656.tlg001.berendes1902:1.92	edition_of	urn:cts:greekLit:tlg0656.tlg001.wellmann1906:1.71@γίνεται[1]-τερμινθίνῃ[1]	proposed	197	369		γίνεται δὲ ῥητίνη
urn:cts:greekLit:tlg0656.tlg001.berendes1902:1.93	edition_of	urn:cts:greekLit:tlg0656.tlg001.wellmann1906:1.71.5-1.71.6	proposed	369	532		
urn:cts:greekLit:tlg0656.tlg001.berendes1902:1.94	edition_of	urn:cts:greekLit:tlg0656.tlg001.wellmann1906:1.72.1-1.72.2	proposed	0	151		
urn:cts:greekLit:tlg0656.tlg001.berendes1902:1.95	edition_of	urn:cts:greekLit:tlg0656.tlg001.wellmann1906:1.72.3	proposed	151	231		
urn:cts:greekLit:tlg0656.tlg001.berendes1902:1.96	edition_of	urn:cts:greekLit:tlg0656.tlg001.wellmann1906:1.72.4	proposed	231	316		
urn:cts:greekLit:tlg0656.tlg001.berendes1902:1.97	edition_of	urn:cts:greekLit:tlg0656.tlg001.wellmann1906:1.72.5@ἡ[1]-χρησίμως[1]	proposed	316	388		ἡ δὲ ξηρὰ
urn:cts:greekLit:tlg0656.tlg001.berendes1902:1.98	edition_of	urn:cts:greekLit:tlg0656.tlg001.wellmann1906:1.72.5@ζώπισσαν[1]-ὠνόμασαν[1]	proposed	388	421		ζώπισσαν δὲ οἱ
urn:cts:greekLit:tlg0656.tlg001.berendes1902:1.99	edition_of	urn:cts:greekLit:tlg0656.tlg001.wellmann1906:1.73.1@73[1]-εἶδος[1]	proposed	0	72		73 ἄσφαλτος διαφέρει
urn:cts:greekLit:tlg0656.tlg001.berendes1902:1.100	edition_of	urn:cts:greekLit:tlg0656.tlg001.wellmann1906:1.73.1@καλεῖται[1]-ἀσφάλτῳ[1]	proposed	72	104		καλεῖται δέ τις
urn:cts:greekLit:tlg0656.tlg001.berendes1902:1.101	edition_of	urn:cts:greekLit:tlg0656.tlg001.wellmann1906:1.73.2-1.73.3	proposed	104	253		
urn:cts:greekLit:tlg0656.tlg001.berendes1902:1.102	edition_of	urn:cts:greekLit:tlg0656.tlg001.wellmann1906:1.74	proposed				
urn:cts:greekLit:tlg0656.tlg001.berendes1902:1.103	edition_of	urn:cts:greekLit:tlg0656.tlg001.wellmann1906:1.75	proposed				
urn:cts:greekLit:tlg0656.tlg001.berendes1902:1.104	edition_of	urn:cts:greekLit:tlg0656.tlg001.wellmann1906:1.76	proposed				
urn:cts:greekLit:tlg0656.tlg001.berendes1902:1.105	edition_of	urn:cts:greekLit:tlg0656.tlg001.wellmann1906:1.77	proposed				
urn:cts:greekLit:tlg0656.tlg001.berendes1902:1.106	edition_of	urn:cts:greekLit:tlg0656.tlg001.wellmann1906:1.78	proposed				
urn:cts:greekLit:tlg0656.tlg001.berendes1902:1.107	edition_of	urn:cts:greekLit:tlg0656.tlg001.wellmann1906:1.79	proposed				
urn:cts:greekLit:tlg0656.tlg001.berendes1902:1.108	edition_of	urn:cts:greekLit:tlg0656.tlg001.wellmann1906:1.80	proposed				
urn:cts:greekLit:tlg0656.tlg001.berendes1902:1.109	edition_of	urn:cts:greekLit:tlg0656.tlg001.wellmann1906:1.81	proposed				
urn:cts:greekLit:tlg0656.tlg001.berendes1902:1.110	edition_of	urn:cts:greekLit:tlg0656.tlg001.wellmann1906:1.83	proposed				
urn:cts:greekLit:tlg0656.tlg001.berendes1902:1.111	edition_of	urn:cts:greekLit:tlg0656.tlg001.wellmann1906:1.82	proposed				
urn:cts:greekLit:tlg0656.tlg001.berendes1902:1.112	edition_of	urn:cts:greekLit:tlg0656.tlg001.wellmann1906:1.84@84[1]-προσοψήματα[1]	proposed	0	95		84 πτελέας τὰ
urn:cts:greekLit:tlg0656.tlg001.berendes1902:1.113	edition_of	urn:cts:greekLit:tlg0656.tlg001.wellmann1906:1.84.2@ἡ[1]-καταπασσομένη[2]	proposed	95	128		ἡ δὲ ἀπὸ
urn:cts:greekLit:tlg0656.tlg001.berendes1902:1.114	edition_of	urn:cts:greekLit:tlg0656.tlg001.wellmann1906:1.85	proposed				
urn:cts:greekLit:tlg0656.tlg001.berendes1902:1.115	edition_of	urn:cts:greekLit:tlg0656.tlg001.wellmann1906:1.86	proposed				
urn:cts:greekLit:tlg0656.tlg001.berendes1902:1.116	edition_of	urn:cts:greekLit:tlg0656.tlg001.wellmann1906:1.87	proposed				
urn:cts:greekLit:tlg0656.tlg001.berendes1902:1.117	edition_of	urn:cts:greekLit:tlg0656.tlg001.wellmann1906:1.88	proposed				
urn:cts:greekLit:tlg0656.tlg001.berendes1902:1.118	edition_of	urn:cts:greekLit:tlg0656.tlg001.wellmann1906:1.89	proposed				
urn:cts:greekLit:tlg0656.tlg001.berendes1902:1.119@Der[1]-Wirtel[1]	edition_of	urn:cts:greekLit:tlg0656.tlg001.wellmann1906:1.90	proposed			Der Wegdorn Einigenennen	
urn:cts:greekLit:tlg0656.tlg001.berendes1902:1.119@Die[1]-abhalten[1]	edition_of	urn:cts:greekLit:tlg0656.tlg001.wellmann1906:1.90a	proposed			Die Blätter aller	
urn:cts:greekLit:tlg0656.tlg001.berendes1902:1.120	edition_of	urn:cts:greekLit:tlg0656.tlg001.wellmann1906:1.91	proposed				
urn:cts:greekLit:tlg0656.tlg001.berendes1902:1.121	edition_of	urn:cts:greekLit:tlg0656.tlg001.wellmann1906:1.92	proposed				
urn:cts:greekLit:tlg0656.tlg001.berendes1902:1.122	edition_of	urn:cts:greekLit:tlg0656.tlg001.wellmann1906:1.93	proposed				
urn:cts:greekLit:tlg0656.tlg001.berendes1902:1.123	edition_of	urn:cts:greekLit:tlg0656.tlg001.wellmann1906:1.94	proposed				
urn:cts:greekLit:tlg0656.tlg001.berendes1902:1.124	edition_of	urn:cts:greekLit:tlg0656.tlg001.wellmann1906:1.95	proposed				
urn:cts:greekLit:tlg0656.tlg001.berendes1902:1.125	edition_of	urn:cts:greekLit:tlg0656.tlg001.wellmann1906:1.96	proposed				
urn:cts:greekLit:tlg0656.tlg001.berendes1902:1.126	edition_of	urn:cts:greekLit:tlg0656.tlg001.wellmann1906:1.97.1	proposed	0	69		
urn:cts:greekLit:tlg0656.tlg001.berendes1902:1.127	edition_of	urn:cts:greekLit:tlg0656.tlg001.wellmann1906:1.97.2	proposed	69	144		
urn:cts:greekLit:tlg0656.tlg001.berendes1902:1.128	edition_of	urn:cts:greekLit:tlg0656.tlg001.wellmann1906:1.97.3-1.97.4	proposed	144	334		
urn:cts:greekLit:tlg0656.tlg001.berendes1902:1.129	edition_of	urn:cts:greekLit:tlg0656.tlg001.wellmann1906:1.98	proposed				
urn:cts:greekLit:tlg0656.tlg001.berendes1902:1.130	edition_of	urn:cts:greekLit:tlg0656.tlg001.wellmann1906:1.99.1-1.99.2	proposed	0	140		
urn:cts:greekLit:tlg0656.tlg001.berendes1902:1.131	edition_of	urn:cts:greekLit:tlg0656.tlg001.wellmann1906:1.99.3	proposed	140	230		
urn:cts:greekLit:tlg0656.tlg001.berendes1902:1.132	edition_of	urn:cts:greekLit:tlg0656.tlg001.wellmann1906:1.100	proposed				
urn:cts:greekLit:tlg0656.tlg001.berendes1902:1.133	edition_of	urn:cts:greekLit:tlg0656.tlg001.wellmann1906:1.101	proposed				
urn:cts:greekLit:tlg0656.tlg001.berendes1902:1.134	edition_of	urn:cts:greekLit:tlg0656.tlg001.wellmann1906:1.103	proposed				
urn:cts:greekLit:tlg0656.tlg001.berendes1902:1.135	edition_of	urn:cts:greekLit:tlg0656.tlg001.wellmann1906:1.104	proposed				
urn:cts:greekLit:tlg0656.tlg001.berendes1902:1.136	edition_of	urn:cts:greekLit:tlg0656.tlg001.wellmann1906:1.105@105[1]-ἡγητέον[1]	proposed	0	212		105 ἄγριελαία ἣν
urn:cts:greekLit:tlg0656.tlg001.berendes1902:1.137	edition_of	urn:cts:greekLit:tlg0656.tlg001.wellmann1906:1.105@δύναται[1]-δὲ[18]	proposed	212	276		δύναται δὲ τὰ
urn:cts:greekLit:tlg0656.tlg001.berendes1902:1.138	edition_of	urn:cts:greekLit:tlg0656.tlg001.wellmann1906:1.105@κολυμβάδες[1]-περιρρήττει[1]	proposed	276	335		κολυμβάδες ἐλαῖαι λεῖαι
urn:cts:greekLit:tlg0656.tlg001.berendes1902:1.139	edition_of	urn:cts:greekLit:tlg0656.tlg001.wellmann1906:1.105.5@τὸ[1]-φανῇ[1]	proposed	335	376		τὸ δʼ ἐκ
urn:cts:greekLit:tlg0656.tlg001.berendes1902:1.140	edition_of	urn:cts:greekLit:tlg0656.tlg001.wellmann1906:1.102	proposed				
urn:cts:greekLit:tlg0656.tlg001.berendes1902:1.141	edition_of	urn:cts:greekLit:tlg0656.tlg001.wellmann1906:1.105.6	proposed	376	455		
urn:cts:greekLit:tlg0656.tlg001.berendes1902:1.142	edition_of	urn:cts:greekLit:tlg0656.tlg001.wellmann1906:1.106.1@106[1]-γυναιξί[1]	proposed	0	44		106 δρῦς πᾶσα
urn:cts:greekLit:tlg0656.tlg001.berendes1902:1.143	edition_of	urn:cts:greekLit:tlg0656.tlg001.wellmann1906:1.106@καὶ[6]-εἰσί[1]	proposed	44	107		καὶ αἱ βάλανοι
urn:cts:greekLit:tlg0656.tlg001.berendes1902:1.144	edition_of	urn:cts:greekLit:tlg0656.tlg001.wellmann1906:1.106@καὶ[13]-κρατύνει[1]	proposed	107	155		καὶ ἡ φηγὸς
urn:cts:greekLit:tlg0656.tlg001.berendes1902:1.145	edition_of	urn:cts:greekLit:tlg0656.tlg001.wellmann1906:1.106.3@αἱ[1]-ἁρμόζει[2]	proposed	155	196		αἱ δὲ Σαρδιαναὶ
urn:cts:greekLit:tlg0656.tlg001.berendes1902:1.146	edition_of	urn:cts:greekLit:tlg0656.tlg001.wellmann1906:1.107	proposed				
urn:cts:greekLit:tlg0656.tlg001.berendes1902:1.147	edition_of	urn:cts:greekLit:tlg0656.tlg001.wellmann1906:1.108	proposed				
urn:cts:greekLit:tlg0656.tlg001.berendes1902:1.148	edition_of	urn:cts:greekLit:tlg0656.tlg001.wellmann1906:1.109@109[1]-ἰῶνται[1]	proposed	0	98		109 φοῖνιξ ἐν
urn:cts:greekLit:tlg0656.tlg001.berendes1902:1.149	edition_of	urn:cts:greekLit:tlg0656.tlg001.wellmann1906:1.109@τῶν[2]-φοινίκων[2]	proposed	98	213		τῶν δὲ Θηβαικῶν
urn:cts:greekLit:tlg0656.tlg001.berendes1902:1.150	edition_of	urn:cts:greekLit:tlg0656.tlg001.wellmann1906:1.109.4-1.109.5	proposed	213	367		
urn:cts:greekLit:tlg0656.tlg001.berendes1902:1.151	edition_of	urn:cts:greekLit:tlg0656.tlg001.wellmann1906:1.110@110[1]-ὀξείας[2]	proposed	0	115		110 ῥόα πᾶσα
urn:cts:greekLit:tlg0656.tlg001.berendes1902:1.152	edition_of	urn:cts:greekLit:tlg0656.tlg001.wellmann1906:1.110@τὰ[4]-ὑποκιστίς[1]	proposed	115	176		τὰ δὲ ἄνθη
urn:cts:greekLit:tlg0656.tlg001.berendes1902:1.153	edition_of	urn:cts:greekLit:tlg0656.tlg001.wellmann1906:1.110.3@καὶ[1]-ἀποκτείνει[1]	proposed	176	210		καὶ τὰ λέπη
urn:cts:greekLit:tlg0656.tlg001.berendes1902:1.154	edition_of	urn:cts:greekLit:tlg0656.tlg001.wellmann1906:1.111	proposed				
urn:cts:greekLit:tlg0656.tlg001.berendes1902:1.155	edition_of	urn:cts:greekLit:tlg0656.tlg001.wellmann1906:1.112@112[1]-ἀδυνατεῖ[1]	proposed	0	302		112 μυρσίνη ἡ
urn:cts:greekLit:tlg0656.tlg001.berendes1902:1.156	edition_of	urn:cts:greekLit:tlg0656.tlg001.wellmann1906:1.112.4@τὸ[1]-δεομένοις[1]	proposed	302	357		τὸ δὲ μυρτίδανον
urn:cts:greekLit:tlg0656.tlg001.berendes1902:1.157	edition_of	urn:cts:greekLit:tlg0656.tlg001.wellmann1906:1.113	proposed				
urn:cts:greekLit:tlg0656.tlg001.berendes1902:1.158	edition_of	urn:cts:greekLit:tlg0656.tlg001.wellmann1906:1.114	proposed				
urn:cts:greekLit:tlg0656.tlg001.berendes1902:1.159	edition_of	urn:cts:greekLit:tlg0656.tlg001.wellmann1906:1.115.1@115[1]-ἐμπνευματοῦντα[1]	proposed	0	39		115 μηλέας πάσης
urn:cts:greekLit:tlg0656.tlg001.berendes1902:1.160	edition_of	urn:cts:greekLit:tlg0656.tlg001.wellmann1906:1.115@τὰ[4]-πινόμενα[1]	proposed	39	239		τὰ δὲ κυδώνια
urn:cts:greekLit:tlg0656.tlg001.berendes1902:1.161	edition_of	urn:cts:greekLit:tlg0656.tlg001.wellmann1906:1.115.3@τὰ[5]-γλυκύμηλα[1]	proposed	239	257		τὰ δὲ μελίμηλα
urn:cts:greekLit:tlg0656.tlg001.berendes1902:1.162	edition_of	urn:cts:greekLit:tlg0656.tlg001.wellmann1906:1.115.4@τὰ[1]-ἐστίν[1]	proposed	257	274		τὰ δὲ Ἠπειρωτικὰ
urn:cts:greekLit:tlg0656.tlg001.berendes1902:1.163	edition_of	urn:cts:greekLit:tlg0656.tlg001.wellmann1906:1.115.4@τὰ[2]-χρῆσθαι[1]	proposed	274	291		τὰ δὲ ἄγρ
urn:cts:greekLit:tlg0656.tlg001.berendes1902:1.164	edition_of	urn:cts:greekLit:tlg0656.tlg001.wellmann1906:1.115.4@τὰ[4]-ἵστησιν[1]	proposed	291	321		τὰ δὲ Περσικ
urn:cts:greekLit:tlg0656.tlg001.berendes1902:1.165	edition_of	urn:cts:greekLit:tlg0656.tlg001.wellmann1906:1.115.5@τὰ[1]-ἐστίν[1]	proposed	321	334		τὰ δὲ μικρότερα
urn:cts:greekLit:tlg0656.tlg001.berendes1902:1.166	edition_of	urn:cts:greekLit:tlg0656.tlg001.wellmann1906:1.115.5@τὰ[2]-κιβωτίοις[1]	proposed	334	411		τὰ δὲ Μηδικὰ
urn:cts:greekLit:tlg0656.tlg001.berendes1902:1.167	edition_of	urn:cts:greekLit:tlg0656.tlg001.wellmann1906:1.116@ἀπίου[1]-νήστεις[1]	proposed	0	30		ἀπίου δὲ πολλὰ
urn:cts:greekLit:tlg0656.tlg001.berendes1902:1.168	edition_of	urn:cts:greekLit:tlg0656.tlg001.wellmann1906:1.116@ἡ[1]-γίνεσθαι[1]	proposed	30	82		ἡ δὲ ἀχρὰς
urn:cts:greekLit:tlg0656.tlg001.berendes1902:1.169	edition_of	urn:cts:greekLit:tlg0656.tlg001.wellmann1906:1.118@μέσπιλον[1]-στεγνωτικός[1]	proposed	0	41		μέσπιλον τὸ δένδρον
urn:cts:greekLit:tlg0656.tlg001.berendes1902:1.170	edition_of	urn:cts:greekLit:tlg0656.tlg001.wellmann1906:1.118@ἐστιν[2]-βραδέως[1]	proposed	37	80		ἐστιν εὐστόμαχος κοιλίας
urn:cts:greekLit:tlg0656.tlg001.berendes1902:1.171	edition_of	urn:cts:greekLit:tlg0656.tlg001.wellmann1906:1.117	proposed				
urn:cts:greekLit:tlg0656.tlg001.berendes1902:1.172	edition_of	urn:cts:greekLit:tlg0656.tlg001.wellmann1906:1.119	proposed				
urn:cts:greekLit:tlg0656.tlg001.berendes1902:1.173	edition_of	urn:cts:greekLit:tlg0656.tlg001.wellmann1906:1.120	proposed				
urn:cts:greekLit:tlg0656.tlg001.berendes1902:1.174	edition_of	urn:cts:greekLit:tlg0656.tlg001.wellmann1906:1.121	proposed				
urn:cts:greekLit:tlg0656.tlg001.berendes1902:1.175	edition_of	urn:cts:greekLit:tlg0656.tlg001.wellmann1906:1.122	proposed				
urn:cts:greekLit:tlg0656.tlg001.berendes1902:1.176	edition_of	urn:cts:greekLit:tlg0656.tlg001.wellmann1906:1.123	proposed				
urn:cts:greekLit:tlg0656.tlg001.berendes1902:1.177	edition_of	urn:cts:greekLit:tlg0656.tlg001.wellmann1906:1.124	proposed				
urn:cts:greekLit:tlg0656.tlg001.berendes1902:1.178	edition_of	urn:cts:greekLit:tlg0656.tlg001.wellmann1906:1.125.1-1.125.2	proposed	0	151		
urn:cts:greekLit:tlg0656.tlg001.berendes1902:1.179	edition_of	urn:cts:greekLit:tlg0656.tlg001.wellmann1906:1.125.3	proposed	151	214		
urn:cts:greekLit:tlg0656.tlg001.berendes1902:1.180	edition_of	urn:cts:greekLit:tlg0656.tlg001.wellmann1906:1.126	proposed				
urn:cts:greekLit:tlg0656.tlg001.berendes1902:1.181	edition_of	urn:cts:greekLit:tlg0656.tlg001.wellmann1906:1.127@127[1]-ὁ[4]	proposed	0	165		127 συκόμορον ἔνιοι
urn:cts:greekLit:tlg0656.tlg001.berendes1902:1.182	edition_of	urn:cts:greekLit:tlg0656.tlg001.wellmann1906:1.127.3@γίνεται[1]-προειρημένοις[1]	proposed	166	197		γίνεται δὲ καὶ
urn:cts:greekLit:tlg0656.tlg001.berendes1902:1.183	edition_of	urn:cts:greekLit:tlg0656.tlg001.wellmann1906:1.128@128[1]-σαρκός[1]	proposed	0	307		128 σῦκα πέπειρα
urn:cts:greekLit:tlg0656.tlg001.berendes1902:1.184	edition_of	urn:cts:greekLit:tlg0656.tlg001.wellmann1906:1.128@τὰ[6]-παρασκευάζουσιν[1]	proposed	307	375		τὰ αὐτὰ δὲ
urn:cts:greekLit:tlg0656.tlg001.berendes1902:1.185	edition_of	urn:cts:greekLit:tlg0656.tlg001.wellmann1906:1.128@οἱ[1]-ἁρμόζουσι[1]	proposed	375	482		οἱ δὲ ὄλυ
urn:cts:greekLit:tlg0656.tlg001.berendes1902:1.186	edition_of	urn:cts:greekLit:tlg0656.tlg001.wellmann1906:1.128@γίνεται[1]-πάσαι[1]	proposed	482	622		γίνεται δὲ καὶ
urn:cts:greekLit:tlg0656.tlg001.berendes1902:1.187	edition_of	urn:cts:greekLit:tlg0656.tlg001.wellmann1906:1.129	proposed				
urn:cts:greekLit:tlg0656.tlg001.berendes1902:2.praef	edition_of	urn:cts:greekLit:tlg0656.tlg001.wellmann1906:2.arg	proposed				
urn:cts:greekLit:tlg0656.tlg001.berendes1902:2.1	edition_of	urn:cts:greekLit:tlg0656.tlg001.wellmann1906:2.1	proposed				
urn:cts:greekLit:tlg0656.tlg001.berendes1902:2.2	edition_of	urn:cts:greekLit:tlg0656.tlg001.wellmann1906:2.2	proposed				
urn:cts:greekLit:tlg0656.tlg001.berendes1902:2.3	edition_of	urn:cts:greekLit:tlg0656.tlg001.wellmann1906:2.3	proposed				
urn:cts:greekLit:tlg0656.tlg001.berendes1902:2.4@Die[1]-bewirken[1]	edition_of	urn:cts:greekLit:tlg0656.tlg001.wellmann1906:2.4.1@4[1]-ἀπουλωτικήν[1]	proposed	0	15	Die gebranntePurpurschnecke hat	4 πορφύρα καεῖσα
urn:cts:greekLit:tlg0656.tlg001.berendes1902:2.5	edition_of	urn:cts:greekLit:tlg0656.tlg001.wellmann1906:2.4@τὰ[1]-132[1]	proposed	15	71		τὰ δὲ αὐτὰ
urn:cts:greekLit:tlg0656.tlg001.berendes1902:2.6	edition_of	urn:cts:greekLit:tlg0656.tlg001.wellmann1906:2.4.2@κιόνια[1]-μαλάσσουσιν[1]	proposed	71	117		κιόνια δὲ καλεῖται
urn:cts:greekLit:tlg0656.tlg001.berendes1902:2.7	edition_of	urn:cts:greekLit:tlg0656.tlg001.wellmann1906:2.5	proposed				
urn:cts:greekLit:tlg0656.tlg001.berendes1902:2.8	edition_of	urn:cts:greekLit:tlg0656.tlg001.wellmann1906:2.6@τελλῖναι[1]-φυῆναι[1]	proposed	0	29		τελλῖναι νεαραὶ εὐκοίλιοι
urn:cts:greekLit:tlg0656.tlg001.berendes1902:2.9	edition_of	urn:cts:greekLit:tlg0656.tlg001.wellmann1906:2.6@καὶ[3]-οἴνου[1]	proposed	29	51		καὶ ὁ ἐκ
urn:cts:greekLit:tlg0656.tlg001.berendes1902:2.10	edition_of	urn:cts:greekLit:tlg0656.tlg001.wellmann1906:2.8	proposed				
urn:cts:greekLit:tlg0656.tlg001.berendes1902:2.11	edition_of	urn:cts:greekLit:tlg0656.tlg001.wellmann1906:2.9	proposed				
urn:cts:greekLit:tlg0656.tlg001.berendes1902:2.12	edition_of	urn:cts:greekLit:tlg0656.tlg001.wellmann1906:2.10	proposed				
urn:cts:greekLit:tlg0656.tlg001.berendes1902:2.13	edition_of	urn:cts:greekLit:tlg0656.tlg001.wellmann1906:2.11	proposed				
urn:cts:greekLit:tlg0656.tlg001.berendes1902:2.14	edition_of	urn:cts:greekLit:tlg0656.tlg001.wellmann1906:2.12	proposed				
urn:cts:greekLit:tlg0656.tlg001.berendes1902:2.15	edition_of	urn:cts:greekLit:tlg0656.tlg001.wellmann1906:2.13	proposed				
urn:cts:greekLit:tlg0656.tlg001.berendes1902:2.16	edition_of	urn:cts:greekLit:tlg0656.tlg001.wellmann1906:2.14	proposed				
urn:cts:greekLit:tlg0656.tlg001.berendes1902:2.17	edition_of	urn:cts:greekLit:tlg0656.tlg001.wellmann1906:2.15	proposed				
urn:cts:greekLit:tlg0656.tlg001.berendes1902:2.18	edition_of	urn:cts:greekLit:tlg0656.tlg001.wellmann1906:2.16	proposed				
urn:cts:greekLit:tlg0656.tlg001.berendes1902:2.19	edition_of	urn:cts:greekLit:tlg0656.tlg001.wellmann1906:2.17	proposed				
urn:cts:greekLit:tlg0656.tlg001.berendes1902:2.20	edition_of	urn:cts:greekLit:tlg0656.tlg001.wellmann1906:2.18	proposed				
urn:cts:greekLit:tlg0656.tlg001.berendes1902:2.21	edition_of	urn:cts:greekLit:tlg0656.tlg001.wellmann1906:2.19	proposed				
urn:cts:greekLit:tlg0656.tlg001.berendes1902:2.22	edition_of	urn:cts:greekLit:tlg0656.tlg001.wellmann1906:2.20	proposed				
urn:cts:greekLit:tlg0656.tlg001.berendes1902:2.23	edition_of	urn:cts:greekLit:tlg0656.tlg001.wellmann1906:2.21	proposed				
urn:cts:greekLit:tlg0656.tlg001.berendes1902:2.24	edition_of	urn:cts:greekLit:tlg0656.tlg001.wellmann1906:2.22	proposed				
urn:cts:greekLit:tlg0656.tlg001.berendes1902:2.25	edition_of	urn:cts:greekLit:tlg0656.tlg001.wellmann1906:2.23	proposed				
urn:cts:greekLit:tlg0656.tlg001.berendes1902:2.26	edition_of	urn:cts:greekLit:tlg0656.tlg001.wellmann1906:2.24	proposed				
urn:cts:greekLit:tlg0656.tlg001.berendes1902:2.27	edition_of	urn:cts:greekLit:tlg0656.tlg001.wellmann1906:2.25	proposed				
urn:cts:greekLit:tlg0656.tlg001.berendes1902:2.28	edition_of	urn:cts:greekLit:tlg0656.tlg001.wellmann1906:2.26	proposed				
urn:cts:greekLit:tlg0656.tlg001.berendes1902:2.29	edition_of	urn:cts:greekLit:tlg0656.tlg001.wellmann1906:2.27	proposed				
urn:cts:greekLit:tlg0656.tlg001.berendes1902:2.30	edition_of	urn:cts:greekLit:tlg0656.tlg001.wellmann1906:2.28	proposed				
urn:cts:greekLit:tlg0656.tlg001.berendes1902:2.31	edition_of	urn:cts:greekLit:tlg0656.tlg001.wellmann1906:2.29	proposed				
urn:cts:greekLit:tlg0656.tlg001.berendes1902:2.32	edition_of	urn:cts:greekLit:tlg0656.tlg001.wellmann1906:2.30	proposed				
urn:cts:greekLit:tlg0656.tlg001.berendes1902:2.33	edition_of	urn:cts:greekLit:tlg0656.tlg001.wellmann1906:2.31	proposed				
urn:cts:greekLit:tlg0656.tlg001.berendes1902:2.34	edition_of	urn:cts:greekLit:tlg0656.tlg001.wellmann1906:2.32	proposed				
urn:cts:greekLit:tlg0656.tlg001.berendes1902:2.35	edition_of	urn:cts:greekLit:tlg0656.tlg001.wellmann1906:2.33	proposed				
urn:cts:greekLit:tlg0656.tlg001.berendes1902:2.36	edition_of	urn:cts:greekLit:tlg0656.tlg001.wellmann1906:2.34	proposed				
urn:cts:greekLit:tlg0656.tlg001.berendes1902:2.37	edition_of	urn:cts:greekLit:tlg0656.tlg001.wellmann1906:2.35	proposed				
urn:cts:greekLit:tlg0656.tlg001.berendes1902:2.38	edition_of	urn:cts:greekLit:tlg0656.tlg001.wellmann1906:2.36	proposed				
urn:cts:greekLit:tlg0656.tlg001.berendes1902:2.39	edition_of	urn:cts:greekLit:tlg0656.tlg001.wellmann1906:2.37	proposed				
urn:cts:greekLit:tlg0656.tlg001.berendes1902:2.40	edition_of	urn:cts:greekLit:tlg0656.tlg001.wellmann1906:2.38	proposed				
urn:cts:greekLit:tlg0656.tlg001.berendes1902:2.41	edition_of	urn:cts:greekLit:tlg0656.tlg001.wellmann1906:2.39	proposed				
urn:cts:greekLit:tlg0656.tlg001.berendes1902:2.42	edition_of	urn:cts:greekLit:tlg0656.tlg001.wellmann1906:2.40	proposed				
urn:cts:greekLit:tlg0656.tlg001.berendes1902:2.43	edition_of	urn:cts:greekLit:tlg0656.tlg001.wellmann1906:2.41	proposed				
urn:cts:greekLit:tlg0656.tlg001.berendes1902:2.44	edition_of	urn:cts:greekLit:tlg0656.tlg001.wellmann1906:2.42	proposed				
urn:cts:greekLit:tlg0656.tlg001.berendes1902:2.45	edition_of	urn:cts:greekLit:tlg0656.tlg001.wellmann1906:2.43	proposed				
urn:cts:greekLit:tlg0656.tlg001.berendes1902:2.46	edition_of	urn:cts:greekLit:tlg0656.tlg001.wellmann1906:2.44	proposed				
urn:cts:greekLit:tlg0656.tlg001.berendes1902:2.47	edition_of	urn:cts:greekLit:tlg0656.tlg001.wellmann1906:2.45	proposed				
urn:cts:greekLit:tlg0656.tlg001.berendes1902:2.48	edition_of	urn:cts:greekLit:tlg0656.tlg001.wellmann1906:2.46	proposed				
urn:cts:greekLit:tlg0656.tlg001.berendes1902:2.49	edition_of	urn:cts:greekLit:tlg0656.tlg001.wellmann1906:2.47	proposed				
urn:cts:greekLit:tlg0656.tlg001.berendes1902:2.50	edition_of	urn:cts:greekLit:tlg0656.tlg001.wellmann1906:2.55	proposed				
urn:cts:greekLit:tlg0656.tlg001.berendes1902:2.51	edition_of	urn:cts:greekLit:tlg0656.tlg001.wellmann1906:2.48	proposed				
urn:cts:greekLit:tlg0656.tlg001.berendes1902:2.52	edition_of	urn:cts:greekLit:tlg0656.tlg001.wellmann1906:2.49.1@49[1]-καὶ[2]	proposed	0	17		49 ἀλεκτορίδες ἀνασχισθεῖσαι
urn:cts:greekLit:tlg0656.tlg001.berendes1902:2.53	edition_of	urn:cts:greekLit:tlg0656.tlg001.wellmann1906:2.49@καὶ[2]-στόμαχον[2]	proposed	16	131		καὶ ὁ ἐγκέφαλος
urn:cts:greekLit:tlg0656.tlg001.berendes1902:2.54	edition_of	urn:cts:greekLit:tlg0656.tlg001.wellmann1906:2.50@ᾠὸν[1]-προσενεχθεῖσα[1]	proposed	0	49		ᾠὸν τὸ ἁπαλὸν
urn:cts:greekLit:tlg0656.tlg001.berendes1902:2.55	edition_of	urn:cts:greekLit:tlg0656.tlg001.wellmann1906:2.50@τὸ[3]-ἁρμόζει[1]	proposed	49	122		τὸ δὲ λευκὸν
urn:cts:greekLit:tlg0656.tlg001.berendes1902:2.56	edition_of	urn:cts:greekLit:tlg0656.tlg001.wellmann1906:2.51	proposed				
urn:cts:greekLit:tlg0656.tlg001.berendes1902:2.57	edition_of	urn:cts:greekLit:tlg0656.tlg001.wellmann1906:2.52	proposed				
urn:cts:greekLit:tlg0656.tlg001.berendes1902:2.58	edition_of	urn:cts:greekLit:tlg0656.tlg001.wellmann1906:2.53	proposed				
urn:cts:greekLit:tlg0656.tlg001.berendes1902:2.59	edition_of	urn:cts:greekLit:tlg0656.tlg001.wellmann1906:2.54	proposed				
urn:cts:greekLit:tlg0656.tlg001.berendes1902:2.60	edition_of	urn:cts:greekLit:tlg0656.tlg001.wellmann1906:2.56	proposed				
urn:cts:greekLit:tlg0656.tlg001.berendes1902:2.61	edition_of	urn:cts:greekLit:tlg0656.tlg001.wellmann1906:2.57	proposed				
urn:cts:greekLit:tlg0656.tlg001.berendes1902:2.62	edition_of	urn:cts:greekLit:tlg0656.tlg001.wellmann1906:2.58	proposed				
urn:cts:greekLit:tlg0656.tlg001.berendes1902:2.63	edition_of	urn:cts:greekLit:tlg0656.tlg001.wellmann1906:2.59	proposed				
urn:cts:greekLit:tlg0656.tlg001.berendes1902:2.64	edition_of	urn:cts:greekLit:tlg0656.tlg001.wellmann1906:2.60	proposed				
urn:cts:greekLit:tlg0656.tlg001.berendes1902:2.65	edition_of	urn:cts:greekLit:tlg0656.tlg001.wellmann1906:2.61.1@61[1]-μονοχρώματοι[1]	proposed	0	61		61 κανθαρίδες εἰς
urn:cts:greekLit:tlg0656.tlg001.berendes1902:2.66	edition_of	urn:cts:greekLit:tlg0656.tlg001.wellmann1906:2.61@ὡσαύτως[1]-ἀνέγραψαν[1]	proposed	61	139		ὡσαύτως δὲ ἀποτίθενται
urn:cts:greekLit:tlg0656.tlg001.berendes1902:2.67	edition_of	urn:cts:greekLit:tlg0656.tlg001.wellmann1906:2.62	proposed				
urn:cts:greekLit:tlg0656.tlg001.berendes1902:2.68	edition_of	urn:cts:greekLit:tlg0656.tlg001.wellmann1906:2.63	proposed				
urn:cts:greekLit:tlg0656.tlg001.berendes1902:2.69	edition_of	urn:cts:greekLit:tlg0656.tlg001.wellmann1906:2.64	proposed				
urn:cts:greekLit:tlg0656.tlg001.berendes1902:2.70	edition_of	urn:cts:greekLit:tlg0656.tlg001.wellmann1906:2.65	proposed				
urn:cts:greekLit:tlg0656.tlg001.berendes1902:2.71	edition_of	urn:cts:greekLit:tlg0656.tlg001.wellmann1906:2.66	proposed				
urn:cts:greekLit:tlg0656.tlg001.berendes1902:2.72	edition_of	urn:cts:greekLit:tlg0656.tlg001.wellmann1906:2.67	proposed				
urn:cts:greekLit:tlg0656.tlg001.berendes1902:2.73	edition_of	urn:cts:greekLit:tlg0656.tlg001.wellmann1906:2.68	proposed				
urn:cts:greekLit:tlg0656.tlg001.berendes1902:2.74	edition_of	urn:cts:greekLit:tlg0656.tlg001.wellmann1906:2.69	proposed				
urn:cts:greekLit:tlg0656.tlg001.berendes1902:2.75	edition_of	urn:cts:greekLit:tlg0656.tlg001.wellmann1906:2.70@70[1]-ὠφελεῖ[1]	proposed	0	214		70 γάλα κοινῶς
urn:cts:greekLit:tlg0656.tlg001.berendes1902:2.76	edition_of	urn:cts:greekLit:tlg0656.tlg001.wellmann1906:2.70.3@ἔχει[1]-σῶμα[1]	proposed	214	247		ἔχει δὲ πᾶν
urn:cts:greekLit:tlg0656.tlg001.berendes1902:2.77	edition_of	urn:cts:greekLit:tlg0656.tlg001.wellmann1906:2.70.4-2.70.5	proposed	247	427		
urn:cts:greekLit:tlg0656.tlg001.berendes1902:2.78	edition_of	urn:cts:greekLit:tlg0656.tlg001.wellmann1906:2.70.6	proposed	427	513		
urn:cts:greekLit:tlg0656.tlg001.berendes1902:2.79	edition_of	urn:cts:greekLit:tlg0656.tlg001.wellmann1906:2.71@τυρὸς[1]-τροφιμώτατος[1]	proposed	0	67		τυρὸς νεαρὸς δίχα
urn:cts:greekLit:tlg0656.tlg001.berendes1902:2.80	edition_of	urn:cts:greekLit:tlg0656.tlg001.wellmann1906:2.71@ἡ[1]-πιτύαν[1]	proposed	67	87		ἡ δὲ καλουμένη
urn:cts:greekLit:tlg0656.tlg001.berendes1902:2.81	edition_of	urn:cts:greekLit:tlg0656.tlg001.wellmann1906:2.72	proposed				
urn:cts:greekLit:tlg0656.tlg001.berendes1902:2.82	edition_of	urn:cts:greekLit:tlg0656.tlg001.wellmann1906:2.73.1@73[1]-ῥοδίνῳ[1]	proposed	0	55		73 ἔρια οἰσυπηρὰ
urn:cts:greekLit:tlg0656.tlg001.berendes1902:2.83	edition_of	urn:cts:greekLit:tlg0656.tlg001.wellmann1906:2.73@τὰ[3]-στύφῃ[1]	proposed	55	196		τὰ δὲ κεκαυμένα
urn:cts:greekLit:tlg0656.tlg001.berendes1902:2.84	edition_of	urn:cts:greekLit:tlg0656.tlg001.wellmann1906:2.74	proposed				
urn:cts:greekLit:tlg0656.tlg001.berendes1902:2.85	edition_of	urn:cts:greekLit:tlg0656.tlg001.wellmann1906:2.75	proposed				
urn:cts:greekLit:tlg0656.tlg001.berendes1902:2.86	edition_of	urn:cts:greekLit:tlg0656.tlg001.wellmann1906:2.76@76[1]-δὲ[7]	proposed	0	135		76 στέαρ πρὸς
urn:cts:greekLit:tlg0656.tlg001.berendes1902:2.87	edition_of	urn:cts:greekLit:tlg0656.tlg001.wellmann1906:2.76@καὶ[9]-τόπον[2]	proposed	135	265		καὶ ἄρκειον θεραπεύεται
urn:cts:greekLit:tlg0656.tlg001.berendes1902:2.88	edition_of	urn:cts:greekLit:tlg0656.tlg001.wellmann1906:2.76@τράγειον[1]-ὑείου[2]	proposed	265	369		τράγειον δὲ καὶ
urn:cts:greekLit:tlg0656.tlg001.berendes1902:2.89	edition_of	urn:cts:greekLit:tlg0656.tlg001.wellmann1906:2.76@καὶ[29]-ἀποβάλῃ[2]	proposed	369	455		καὶ τοῦ βοείου
urn:cts:greekLit:tlg0656.tlg001.berendes1902:2.90	edition_of	urn:cts:greekLit:tlg0656.tlg001.wellmann1906:2.76@τὸ[15]-ὅμοια[1]	proposed	455	600		τὸ δὲ ταύρειον
urn:cts:greekLit:tlg0656.tlg001.berendes1902:2.91	edition_of	urn:cts:greekLit:tlg0656.tlg001.wellmann1906:2.76@ἀρωματιστέον[1]-σαμψουχίζεται[1]	proposed	600	1145		ἀρωματιστέον δὲ στέαρ
urn:cts:greekLit:tlg0656.tlg001.berendes1902:2.92	edition_of	urn:cts:greekLit:tlg0656.tlg001.wellmann1906:2.76@δὲ[45]-τόπῳ[2]	proposed	1145	1264		δὲ στέαρ οὕτως
urn:cts:greekLit:tlg0656.tlg001.berendes1902:2.93	edition_of	urn:cts:greekLit:tlg0656.tlg001.wellmann1906:2.76.16	proposed	1264	1329		
urn:cts:greekLit:tlg0656.tlg001.berendes1902:2.94	edition_of	urn:cts:greekLit:tlg0656.tlg001.wellmann1906:2.76.17-2.76.19	proposed	1329	1546		
urn:cts:greekLit:tlg0656.tlg001.berendes1902:2.95	edition_of	urn:cts:greekLit:tlg0656.tlg001.wellmann1906:2.77	proposed				
urn:cts:greekLit:tlg0656.tlg001.berendes1902:2.96	edition_of	urn:cts:greekLit:tlg0656.tlg001.wellmann1906:2.78	proposed				
urn:cts:greekLit:tlg0656.tlg001.berendes1902:2.97	edition_of	urn:cts:greekLit:tlg0656.tlg001.wellmann1906:2.79	proposed				
urn:cts:greekLit:tlg0656.tlg001.berendes1902:2.98	edition_of	urn:cts:greekLit:tlg0656.tlg001.wellmann1906:2.80	proposed				
urn:cts:greekLit:tlg0656.tlg001.berendes1902:2.99	edition_of	urn:cts:greekLit:tlg0656.tlg001.wellmann1906:2.81@81[1]-ἐνσταζόμενον[1]	proposed	0	195		81 οὖρον ἀνθρώπου
urn:cts:greekLit:tlg0656.tlg001.berendes1902:2.100	edition_of	urn:cts:greekLit:tlg0656.tlg001.wellmann1906:2.81.3@τὸ[1]-ὑγιάζειν[1]	proposed	195	238		τὸ δὲ τῆς
urn:cts:greekLit:tlg0656.tlg001.berendes1902:2.101	edition_of	urn:cts:greekLit:tlg0656.tlg001.wellmann1906:2.82@82[1]-θερινόν[1]	proposed	0	182		82 μέλι πρωτεύει
urn:cts:greekLit:tlg0656.tlg001.berendes1902:2.102	edition_of	urn:cts:greekLit:tlg0656.tlg001.wellmann1906:2.82@τὸ[9]-καταχρισθέν[1]	proposed	182	213		τὸ δὲ χειμερινὸν
urn:cts:greekLit:tlg0656.tlg001.berendes1902:2.103	edition_of	urn:cts:greekLit:tlg0656.tlg001.wellmann1906:2.82@γεννᾶται[1]-αἴρει[1]	proposed	213	269		γεννᾶται δὲ ταὶ
urn:cts:greekLit:tlg0656.tlg001.berendes1902:2.104	edition_of	urn:cts:greekLit:tlg0656.tlg001.wellmann1906:2.82.5@καλεῖται[1]-ἐγχριόμενον[1]	proposed	269	321		καλεῖται δέ τι
urn:cts:greekLit:tlg0656.tlg001.berendes1902:2.105	edition_of	urn:cts:greekLit:tlg0656.tlg001.wellmann1906:2.83	proposed				
urn:cts:greekLit:tlg0656.tlg001.berendes1902:2.106	edition_of	urn:cts:greekLit:tlg0656.tlg001.wellmann1906:2.84	proposed				
urn:cts:greekLit:tlg0656.tlg001.berendes1902:2.107	edition_of	urn:cts:greekLit:tlg0656.tlg001.wellmann1906:2.85	proposed				
urn:cts:greekLit:tlg0656.tlg001.berendes1902:2.108	edition_of	urn:cts:greekLit:tlg0656.tlg001.wellmann1906:2.86	proposed				
urn:cts:greekLit:tlg0656.tlg001.berendes1902:2.109	edition_of	urn:cts:greekLit:tlg0656.tlg001.wellmann1906:2.87	proposed				
urn:cts:greekLit:tlg0656.tlg001.berendes1902:2.110	edition_of	urn:cts:greekLit:tlg0656.tlg001.wellmann1906:2.88	proposed				
urn:cts:greekLit:tlg0656.tlg001.berendes1902:2.111	edition_of	urn:cts:greekLit:tlg0656.tlg001.wellmann1906:2.89	proposed				
urn:cts:greekLit:tlg0656.tlg001.berendes1902:2.112	edition_of	urn:cts:greekLit:tlg0656.tlg001.wellmann1906:2.90	proposed				
urn:cts:greekLit:tlg0656.tlg001.berendes1902:2.113	edition_of	urn:cts:greekLit:tlg0656.tlg001.wellmann1906:2.91	proposed				
urn:cts:greekLit:tlg0656.tlg001.berendes1902:2.114	edition_of	urn:cts:greekLit:tlg0656.tlg001.wellmann1906:2.92	proposed				
urn:cts:greekLit:tlg0656.tlg001.berendes1902:2.115	edition_of	urn:cts:greekLit:tlg0656.tlg001.wellmann1906:2.93	proposed				
urn:cts:greekLit:tlg0656.tlg001.berendes1902:2.116	edition_of	urn:cts:greekLit:tlg0656.tlg001.wellmann1906:2.94	proposed				
urn:cts:greekLit:tlg0656.tlg001.berendes1902:2.117	edition_of	urn:cts:greekLit:tlg0656.tlg001.wellmann1906:2.95	proposed				
urn:cts:greekLit:tlg0656.tlg001.berendes1902:2.118	edition_of	urn:cts:greekLit:tlg0656.tlg001.wellmann1906:2.96	proposed				
urn:cts:greekLit:tlg0656.tlg001.berendes1902:2.119	edition_of	urn:cts:greekLit:tlg0656.tlg001.wellmann1906:2.97	proposed				
urn:cts:greekLit:tlg0656.tlg001.berendes1902:2.120	edition_of	urn:cts:greekLit:tlg0656.tlg001.wellmann1906:2.98	proposed				
urn:cts:greekLit:tlg0656.tlg001.berendes1902:2.121	edition_of	urn:cts:greekLit:tlg0656.tlg001.wellmann1906:2.99	proposed				
urn:cts:greekLit:tlg0656.tlg001.berendes1902:2.122	edition_of	urn:cts:greekLit:tlg0656.tlg001.wellmann1906:2.100	proposed				
urn:cts:greekLit:tlg0656.tlg001.berendes1902:2.123	edition_of	urn:cts:greekLit:tlg0656.tlg001.wellmann1906:2.101	proposed				
urn:cts:greekLit:tlg0656.tlg001.berendes1902:2.124	edition_of	urn:cts:greekLit:tlg0656.tlg001.wellmann1906:2.102	proposed				
urn:cts:greekLit:tlg0656.tlg001.berendes1902:2.125	edition_of	urn:cts:greekLit:tlg0656.tlg001.wellmann1906:2.103	proposed				
urn:cts:greekLit:tlg0656.tlg001.berendes1902:2.126	edition_of	urn:cts:greekLit:tlg0656.tlg001.wellmann1906:2.104	proposed				
urn:cts:greekLit:tlg0656.tlg001.berendes1902:2.127	edition_of	urn:cts:greekLit:tlg0656.tlg001.wellmann1906:2.105	proposed				
urn:cts:greekLit:tlg0656.tlg001.berendes1902:2.128	edition_of	urn:cts:greekLit:tlg0656.tlg001.wellmann1906:2.106	proposed				
urn:cts:greekLit:tlg0656.tlg001.berendes1902:2.129	edition_of	urn:cts:greekLit:tlg0656.tlg001.wellmann1906:2.107	proposed				
urn:cts:greekLit:tlg0656.tlg001.berendes1902:2.131	edition_of	urn:cts:greekLit:tlg0656.tlg001.wellmann1906:2.108	proposed				
urn:cts:greekLit:tlg0656.tlg001.berendes1902:2.132	edition_of	urn:cts:greekLit:tlg0656.tlg001.wellmann1906:2.109@109[1]-ἰῶνται[2]	proposed	0	147		109 θέρμος ὁ
urn:cts:greekLit:tlg0656.tlg001.berendes1902:2.133	edition_of	urn:cts:greekLit:tlg0656.tlg001.wellmann1906:2.109.2@γίνεται[1]-ἥμερος[1]	proposed	147	164		γίνεται δὲ καὶ
urn:cts:greekLit:tlg0656.tlg001.berendes1902:2.134	edition_of	urn:cts:greekLit:tlg0656.tlg001.wellmann1906:2.110.1	proposed	0	84		
urn:cts:greekLit:tlg0656.tlg001.berendes1902:2.135	edition_of	urn:cts:greekLit:tlg0656.tlg001.wellmann1906:2.110.2	proposed	84	151		
urn:cts:greekLit:tlg0656.tlg001.berendes1902:2.136	edition_of	urn:cts:greekLit:tlg0656.tlg001.wellmann1906:2.111	proposed				
urn:cts:greekLit:tlg0656.tlg001.berendes1902:2.137	edition_of	urn:cts:greekLit:tlg0656.tlg001.wellmann1906:2.112@112[1]-δὲ[12]	proposed	0	136		112 ῥαφανὶς καὶ
urn:cts:greekLit:tlg0656.tlg001.berendes1902:2.138	edition_of	urn:cts:greekLit:tlg0656.tlg001.wellmann1906:2.112.2@ἀγρία[1]-καυματώδης[1]	proposed	136	172		ἀγρία ῥαφανίς ἣν
urn:cts:greekLit:tlg0656.tlg001.berendes1902:2.139	edition_of	urn:cts:greekLit:tlg0656.tlg001.wellmann1906:2.113	proposed				
urn:cts:greekLit:tlg0656.tlg001.berendes1902:2.140	edition_of	urn:cts:greekLit:tlg0656.tlg001.wellmann1906:2.114	proposed				
urn:cts:greekLit:tlg0656.tlg001.berendes1902:2.141	edition_of	urn:cts:greekLit:tlg0656.tlg001.wellmann1906:2.115	proposed				
urn:cts:greekLit:tlg0656.tlg001.berendes1902:2.142	edition_of	urn:cts:greekLit:tlg0656.tlg001.wellmann1906:2.116	proposed				
urn:cts:greekLit:tlg0656.tlg001.berendes1902:2.143	edition_of	urn:cts:greekLit:tlg0656.tlg001.wellmann1906:2.117	proposed				
urn:cts:greekLit:tlg0656.tlg001.berendes1902:2.144	edition_of	urn:cts:greekLit:tlg0656.tlg001.wellmann1906:2.118	proposed				
urn:cts:greekLit:tlg0656.tlg001.berendes1902:2.145	edition_of	urn:cts:greekLit:tlg0656.tlg001.wellmann1906:2.119	proposed				
urn:cts:greekLit:tlg0656.tlg001.berendes1902:2.146	edition_of	urn:cts:greekLit:tlg0656.tlg001.wellmann1906:2.120	proposed				
urn:cts:greekLit:tlg0656.tlg001.berendes1902:2.147	edition_of	urn:cts:greekLit:tlg0656.tlg001.wellmann1906:2.121	proposed				
urn:cts:greekLit:tlg0656.tlg001.berendes1902:2.148	edition_of	urn:cts:greekLit:tlg0656.tlg001.wellmann1906:2.122	proposed				
urn:cts:greekLit:tlg0656.tlg001.berendes1902:2.149	edition_of	urn:cts:greekLit:tlg0656.tlg001.wellmann1906:2.123	proposed				
urn:cts:greekLit:tlg0656.tlg001.berendes1902:2.150	edition_of	urn:cts:greekLit:tlg0656.tlg001.wellmann1906:2.124	proposed				
urn:cts:greekLit:tlg0656.tlg001.berendes1902:2.151	edition_of	urn:cts:greekLit:tlg0656.tlg001.wellmann1906:2.125	proposed				
urn:cts:greekLit:tlg0656.tlg001.berendes1902:2.152	edition_of	urn:cts:greekLit:tlg0656.tlg001.wellmann1906:2.126	proposed				
urn:cts:greekLit:tlg0656.tlg001.berendes1902:2.153	edition_of	urn:cts:greekLit:tlg0656.tlg001.wellmann1906:2.127	proposed				
urn:cts:greekLit:tlg0656.tlg001.berendes1902:2.154	edition_of	urn:cts:greekLit:tlg0656.tlg001.wellmann1906:3.41	proposed				
urn:cts:greekLit:tlg0656.tlg001.berendes1902:2.155	edition_of	urn:cts:greekLit:tlg0656.tlg001.wellmann1906:2.128	proposed				
urn:cts:greekLit:tlg0656.tlg001.berendes1902:2.156	edition_of	urn:cts:greekLit:tlg0656.tlg001.wellmann1906:2.129	proposed				
urn:cts:greekLit:tlg0656.tlg001.berendes1902:2.157	edition_of	urn:cts:greekLit:tlg0656.tlg001.wellmann1906:2.130	proposed				
urn:cts:greekLit:tlg0656.tlg001.berendes1902:2.158	edition_of	urn:cts:greekLit:tlg0656.tlg001.wellmann1906:2.131	proposed				
urn:cts:greekLit:tlg0656.tlg001.berendes1902:2.159	edition_of	urn:cts:greekLit:tlg0656.tlg001.wellmann1906:2.132	proposed				
urn:cts:greekLit:tlg0656.tlg001.berendes1902:2.160	edition_of	urn:cts:greekLit:tlg0656.tlg001.wellmann1906:2.133	proposed				
urn:cts:greekLit:tlg0656.tlg001.berendes1902:2.161	edition_of	urn:cts:greekLit:tlg0656.tlg001.wellmann1906:2.134	proposed				
urn:cts:greekLit:tlg0656.tlg001.berendes1902:2.162	edition_of	urn:cts:greekLit:tlg0656.tlg001.wellmann1906:2.135.1@135[1]-ἐπινυκτίδας[1]	proposed	0	44		135 σίκυς ἥμερος
urn:cts:greekLit:tlg0656.tlg001.berendes1902:2.163	edition_of	urn:cts:greekLit:tlg0656.tlg001.wellmann1906:2.135@ἡ[1]-μέλιτος[1]	proposed	44	126		ἡ δὲ τοῦ
urn:cts:greekLit:tlg0656.tlg001.berendes1902:2.164	edition_of	urn:cts:greekLit:tlg0656.tlg001.wellmann1906:2.136@136[1]-θρίδακος[1]	proposed	0	58		136 θρ ίδαξ
urn:cts:greekLit:tlg0656.tlg001.berendes1902:2.165	edition_of	urn:cts:greekLit:tlg0656.tlg001.wellmann1906:2.136@ἡ[1]-χυλίσματα[1]	proposed	58	172		ἡ δὲ ἀγρία
urn:cts:greekLit:tlg0656.tlg001.berendes1902:2.166	edition_of	urn:cts:greekLit:tlg0656.tlg001.wellmann1906:2.137	proposed				
urn:cts:greekLit:tlg0656.tlg001.berendes1902:2.167	edition_of	urn:cts:greekLit:tlg0656.tlg001.wellmann1906:2.138	proposed				
urn:cts:greekLit:tlg0656.tlg001.berendes1902:2.168	edition_of	urn:cts:greekLit:tlg0656.tlg001.wellmann1906:2.139	proposed				
urn:cts:greekLit:tlg0656.tlg001.berendes1902:2.169	edition_of	urn:cts:greekLit:tlg0656.tlg001.wellmann1906:2.140	proposed				
urn:cts:greekLit:tlg0656.tlg001.berendes1902:2.170	edition_of	urn:cts:greekLit:tlg0656.tlg001.wellmann1906:2.141	proposed				
urn:cts:greekLit:tlg0656.tlg001.berendes1902:2.171	edition_of	urn:cts:greekLit:tlg0656.tlg001.wellmann1906:2.142	proposed				
urn:cts:greekLit:tlg0656.tlg001.berendes1902:2.172	edition_of	urn:cts:greekLit:tlg0656.tlg001.wellmann1906:2.143	proposed				
urn:cts:greekLit:tlg0656.tlg001.berendes1902:2.173	edition_of	urn:cts:greekLit:tlg0656.tlg001.wellmann1906:2.144	proposed				
urn:cts:greekLit:tlg0656.tlg001.berendes1902:2.174	edition_of	urn:cts:greekLit:tlg0656.tlg001.wellmann1906:2.145	proposed				
urn:cts:greekLit:tlg0656.tlg001.berendes1902:2.175	edition_of	urn:cts:greekLit:tlg0656.tlg001.wellmann1906:2.146	proposed				
urn:cts:greekLit:tlg0656.tlg001.berendes1902:2.176	edition_of	urn:cts:greekLit:tlg0656.tlg001.wellmann1906:2.147	proposed				
urn:cts:greekLit:tlg0656.tlg001.berendes1902:2.177	edition_of	urn:cts:greekLit:tlg0656.tlg001.wellmann1906:2.148	proposed				
urn:cts:greekLit:tlg0656.tlg001.berendes1902:2.178	edition_of	urn:cts:greekLit:tlg0656.tlg001.wellmann1906:2.149	proposed				
urn:cts:greekLit:tlg0656.tlg001.berendes1902:2.179	edition_of	urn:cts:greekLit:tlg0656.tlg001.wellmann1906:2.150	proposed				
urn:cts:greekLit:tlg0656.tlg001.berendes1902:2.180	edition_of	urn:cts:greekLit:tlg0656.tlg001.wellmann1906:2.151	proposed				
urn:cts:greekLit:tlg0656.tlg001.berendes1902:2.181	edition_of	urn:cts:greekLit:tlg0656.tlg001.wellmann1906:2.152	proposed				
urn:cts:greekLit:tlg0656.tlg001.berendes1902:2.182	edition_of	urn:cts:greekLit:tlg0656.tlg001.wellmann1906:2.153	proposed				
urn:cts:greekLit:tlg0656.tlg001.berendes1902:2.183	edition_of	urn:cts:greekLit:tlg0656.tlg001.wellmann1906:2.154	proposed				
urn:cts:greekLit:tlg0656.tlg001.berendes1902:2.184	edition_of	urn:cts:greekLit:tlg0656.tlg001.wellmann1906:2.155	proposed				
urn:cts:greekLit:tlg0656.tlg001.berendes1902:2.185	edition_of	urn:cts:greekLit:tlg0656.tlg001.wellmann1906:2.156	proposed				
urn:cts:greekLit:tlg0656.tlg001.berendes1902:2.186	edition_of	urn:cts:greekLit:tlg0656.tlg001.wellmann1906:2.157	proposed				
urn:cts:greekLit:tlg0656.tlg001.berendes1902:2.187	edition_of	urn:cts:greekLit:tlg0656.tlg001.wellmann1906:2.158	proposed				
urn:cts:greekLit:tlg0656.tlg001.berendes1902:2.188	edition_of	urn:cts:greekLit:tlg0656.tlg001.wellmann1906:2.159	proposed				
urn:cts:greekLit:tlg0656.tlg001.berendes1902:2.189	edition_of	urn:cts:greekLit:tlg0656.tlg001.wellmann1906:2.160	proposed				
urn:cts:greekLit:tlg0656.tlg001.berendes1902:2.190	edition_of	urn:cts:greekLit:tlg0656.tlg001.wellmann1906:2.161	proposed				
urn:cts:greekLit:tlg0656.tlg001.berendes1902:2.191	edition_of	urn:cts:greekLit:tlg0656.tlg001.wellmann1906:2.162	proposed				
urn:cts:greekLit:tlg0656.tlg001.berendes1902:2.192	edition_of	urn:cts:greekLit:tlg0656.tlg001.wellmann1906:2.163	proposed				
urn:cts:greekLit:tlg0656.tlg001.berendes1902:2.193	edition_of	urn:cts:greekLit:tlg0656.tlg001.wellmann1906:2.164	proposed				
urn:cts:greekLit:tlg0656.tlg001.berendes1902:2.194	edition_of	urn:cts:greekLit:tlg0656.tlg001.wellmann1906:2.165	proposed				
urn:cts:greekLit:tlg0656.tlg001.berendes1902:2.195	edition_of	urn:cts:greekLit:tlg0656.tlg001.wellmann1906:2.166.2-2.166.4	proposed	82	290		
urn:cts:greekLit:tlg0656.tlg001.berendes1902:2.196	edition_of	urn:cts:greekLit:tlg0656.tlg001.wellmann1906:2.166@ἔχει[1]-σκιᾷ[1]	proposed	2	290		ἔχει κισσοειδῆ μεγάλα
urn:cts:greekLit:tlg0656.tlg001.berendes1902:2.197	edition_of	urn:cts:greekLit:tlg0656.tlg001.wellmann1906:2.167	proposed				
urn:cts:greekLit:tlg0656.tlg001.berendes1902:2.198	edition_of	urn:cts:greekLit:tlg0656.tlg001.wellmann1906:2.168	proposed				
urn:cts:greekLit:tlg0656.tlg001.berendes1902:2.199	edition_of	urn:cts:greekLit:tlg0656.tlg001.wellmann1906:2.169	proposed				
urn:cts:greekLit:tlg0656.tlg001.berendes1902:2.200	edition_of	urn:cts:greekLit:tlg0656.tlg001.wellmann1906:2.170	proposed				
urn:cts:greekLit:tlg0656.tlg001.berendes1902:2.201	edition_of	urn:cts:greekLit:tlg0656.tlg001.wellmann1906:4.156	proposed				
urn:cts:greekLit:tlg0656.tlg001.berendes1902:2.202	edition_of	urn:cts:greekLit:tlg0656.tlg001.wellmann1906:2.171	proposed				
urn:cts:greekLit:tlg0656.tlg001.berendes1902:2.203	edition_of	urn:cts:greekLit:tlg0656.tlg001.wellmann1906:2.172	proposed				
urn:cts:greekLit:tlg0656.tlg001.berendes1902:2.204	edition_of	urn:cts:greekLit:tlg0656.tlg001.wellmann1906:2.173	proposed				
urn:cts:greekLit:tlg0656.tlg001.berendes1902:2.205	edition_of	urn:cts:greekLit:tlg0656.tlg001.wellmann1906:2.174	proposed				
urn:cts:greekLit:tlg0656.tlg001.berendes1902:2.206	edition_of	urn:cts:greekLit:tlg0656.tlg001.wellmann1906:2.175	proposed				
urn:cts:greekLit:tlg0656.tlg001.berendes1902:2.207	edition_of	urn:cts:greekLit:tlg0656.tlg001.wellmann1906:2.176	proposed				
urn:cts:greekLit:tlg0656.tlg001.berendes1902:2.208@Die[1]-wirksam[1]	edition_of	urn:cts:greekLit:tlg0656.tlg001.wellmann1906:2.177	proposed			Die ArgemoneEinige nennen	
urn:cts:greekLit:tlg0656.tlg001.berendes1902:2.208@Die[3]-Gebissenen[1]	edition_of	urn:cts:greekLit:tlg0656.tlg001.wellmann1906:2.178RV	proposed			Die andere Argemone	
urn:cts:greekLit:tlg0656.tlg001.berendes1902:2.209	edition_of	urn:cts:greekLit:tlg0656.tlg001.wellmann1906:2.178	proposed				
urn:cts:greekLit:tlg0656.tlg001.berendes1902:2.210	edition_of	urn:cts:greekLit:tlg0656.tlg001.wellmann1906:2.179	proposed				
urn:cts:greekLit:tlg0656.tlg001.berendes1902:2.211	edition_of	urn:cts:greekLit:tlg0656.tlg001.wellmann1906:2.180	proposed				
urn:cts:greekLit:tlg0656.tlg001.berendes1902:2.212	edition_of	urn:cts:greekLit:tlg0656.tlg001.wellmann1906:2.181	proposed				
urn:cts:greekLit:tlg0656.tlg001.berendes1902:2.213	edition_of	urn:cts:greekLit:tlg0656.tlg001.wellmann1906:2.182	proposed				
urn:cts:greekLit:tlg0656.tlg001.berendes1902:2.214	edition_of	urn:cts:greekLit:tlg0656.tlg001.wellmann1906:2.183	proposed				
urn:cts:greekLit:tlg0656.tlg001.berendes1902:2.215	edition_of	urn:cts:greekLit:tlg0656.tlg001.wellmann1906:2.184	proposed				
urn:cts:greekLit:tlg0656.tlg001.berendes1902:2.216	edition_of	urn:cts:greekLit:tlg0656.tlg001.wellmann1906:2.185	proposed				
urn:cts:greekLit:tlg0656.tlg001.berendes1902:2.217	edition_of	urn:cts:greekLit:tlg0656.tlg001.wellmann1906:2.186	proposed				
urn:cts:greekLit:tlg0656.tlg001.berendes1902:3.praef	edition_of	urn:cts:greekLit:tlg0656.tlg001.wellmann1906:3.arg	proposed				
urn:cts:greekLit:tlg0656.tlg001.berendes1902:3.1	edition_of	urn:cts:greekLit:tlg0656.tlg001.wellmann1906:3.1	proposed				
urn:cts:greekLit:tlg0656.tlg001.berendes1902:3.2	edition_of	urn:cts:greekLit:tlg0656.tlg001.wellmann1906:3.2	proposed				
urn:cts:greekLit:tlg0656.tlg001.berendes1902:3.3	edition_of	urn:cts:greekLit:tlg0656.tlg001.wellmann1906:3.3	proposed				
urn:cts:greekLit:tlg0656.tlg001.berendes1902:3.4	edition_of	urn:cts:greekLit:tlg0656.tlg001.wellmann1906:3.4	proposed				
urn:cts:greekLit:tlg0656.tlg001.berendes1902:3.5	edition_of	urn:cts:greekLit:tlg0656.tlg001.wellmann1906:3.5	proposed				
urn:cts:greekLit:tlg0656.tlg001.berendes1902:3.6	edition_of	urn:cts:greekLit:tlg0656.tlg001.wellmann1906:3.6	proposed				
urn:cts:greekLit:tlg0656.tlg001.berendes1902:3.7	edition_of	urn:cts:greekLit:tlg0656.tlg001.wellmann1906:3.7	proposed				
urn:cts:greekLit:tlg0656.tlg001.berendes1902:3.8	edition_of	urn:cts:greekLit:tlg0656.tlg001.wellmann1906:3.8	proposed				
urn:cts:greekLit:tlg0656.tlg001.berendes1902:3.9	edition_of	urn:cts:greekLit:tlg0656.tlg001.wellmann1906:3.9	proposed				
urn:cts:greekLit:tlg0656.tlg001.berendes1902:3.10	edition_of	urn:cts:greekLit:tlg0656.tlg001.wellmann1906:3.10	proposed				
urn:cts:greekLit:tlg0656.tlg001.berendes1902:3.11	edition_of	urn:cts:greekLit:tlg0656.tlg001.wellmann1906:3.11	proposed				
urn:cts:greekLit:tlg0656.tlg001.berendes1902:3.12	edition_of	urn:cts:greekLit:tlg0656.tlg001.wellmann1906:3.12	proposed				
urn:cts:greekLit:tlg0656.tlg001.berendes1902:3.13	edition_of	urn:cts:greekLit:tlg0656.tlg001.wellmann1906:3.13	proposed				
urn:cts:greekLit:tlg0656.tlg001.berendes1902:3.14	edition_of	urn:cts:greekLit:tlg0656.tlg001.wellmann1906:3.14	proposed				
urn:cts:greekLit:tlg0656.tlg001.berendes1902:3.15	edition_of	urn:cts:greekLit:tlg0656.tlg001.wellmann1906:3.15	proposed				
urn:cts:greekLit:tlg0656.tlg001.berendes1902:3.16	edition_of	urn:cts:greekLit:tlg0656.tlg001.wellmann1906:3.16	proposed				
urn:cts:greekLit:tlg0656.tlg001.berendes1902:3.17	edition_of	urn:cts:greekLit:tlg0656.tlg001.wellmann1906:3.17	proposed				
urn:cts:greekLit:tlg0656.tlg001.berendes1902:3.18	edition_of	urn:cts:greekLit:tlg0656.tlg001.wellmann1906:3.18	proposed				
urn:cts:greekLit:tlg0656.tlg001.berendes1902:3.19	edition_of	urn:cts:greekLit:tlg0656.tlg001.wellmann1906:3.19	proposed				
urn:cts:greekLit:tlg0656.tlg001.berendes1902:3.20	edition_of	urn:cts:greekLit:tlg0656.tlg001.wellmann1906:3.20	proposed				
urn:cts:greekLit:tlg0656.tlg001.berendes1902:3.21	edition_of	urn:cts:greekLit:tlg0656.tlg001.wellmann1906:3.21	proposed				
urn:cts:greekLit:tlg0656.tlg001.berendes1902:3.22	edition_of	urn:cts:greekLit:tlg0656.tlg001.wellmann1906:3.22	proposed				
urn:cts:greekLit:tlg0656.tlg001.berendes1902:3.23	edition_of	urn:cts:greekLit:tlg0656.tlg001.wellmann1906:3.23.1-3.23.4	proposed	0	273		
urn:cts:greekLit:tlg0656.tlg001.berendes1902:3.24	edition_of	urn:cts:greekLit:tlg0656.tlg001.wellmann1906:3.23@καλοῦσί[1]-δὲ[21]	proposed	273	354		καλοῦσί τινες καὶ
urn:cts:greekLit:tlg0656.tlg001.berendes1902:3.25	edition_of	urn:cts:greekLit:tlg0656.tlg001.wellmann1906:3.23.6@τρίτον[1]-σερίφῳ[1]	proposed	354	390		τρίτον εἶδος ἀψινθίου
urn:cts:greekLit:tlg0656.tlg001.berendes1902:3.26	edition_of	urn:cts:greekLit:tlg0656.tlg001.wellmann1906:3.24	proposed				
urn:cts:greekLit:tlg0656.tlg001.berendes1902:3.27	edition_of	urn:cts:greekLit:tlg0656.tlg001.wellmann1906:3.25	proposed				
urn:cts:greekLit:tlg0656.tlg001.berendes1902:3.28	edition_of	urn:cts:greekLit:tlg0656.tlg001.wellmann1906:3.26	proposed				
urn:cts:greekLit:tlg0656.tlg001.berendes1902:3.29	edition_of	urn:cts:greekLit:tlg0656.tlg001.wellmann1906:3.27	proposed				
urn:cts:greekLit:tlg0656.tlg001.berendes1902:3.30	edition_of	urn:cts:greekLit:tlg0656.tlg001.wellmann1906:3.28	proposed				
urn:cts:greekLit:tlg0656.tlg001.berendes1902:3.31	edition_of	urn:cts:greekLit:tlg0656.tlg001.wellmann1906:3.29	proposed				
urn:cts:greekLit:tlg0656.tlg001.berendes1902:3.32	edition_of	urn:cts:greekLit:tlg0656.tlg001.wellmann1906:3.30	proposed				
urn:cts:greekLit:tlg0656.tlg001.berendes1902:3.33	edition_of	urn:cts:greekLit:tlg0656.tlg001.wellmann1906:3.31	proposed				
urn:cts:greekLit:tlg0656.tlg001.berendes1902:3.34	edition_of	urn:cts:greekLit:tlg0656.tlg001.wellmann1906:3.32	proposed				
urn:cts:greekLit:tlg0656.tlg001.berendes1902:3.35	edition_of	urn:cts:greekLit:tlg0656.tlg001.wellmann1906:3.33	proposed				
urn:cts:greekLit:tlg0656.tlg001.berendes1902:3.36	edition_of	urn:cts:greekLit:tlg0656.tlg001.wellmann1906:3.34	proposed				
urn:cts:greekLit:tlg0656.tlg001.berendes1902:3.37	edition_of	urn:cts:greekLit:tlg0656.tlg001.wellmann1906:3.35	proposed				
urn:cts:greekLit:tlg0656.tlg001.berendes1902:3.38	edition_of	urn:cts:greekLit:tlg0656.tlg001.wellmann1906:3.36	proposed				
urn:cts:greekLit:tlg0656.tlg001.berendes1902:3.39	edition_of	urn:cts:greekLit:tlg0656.tlg001.wellmann1906:3.37	proposed				
urn:cts:greekLit:tlg0656.tlg001.berendes1902:3.40	edition_of	urn:cts:greekLit:tlg0656.tlg001.wellmann1906:3.38	proposed				
urn:cts:greekLit:tlg0656.tlg001.berendes1902:3.41a	edition_of	urn:cts:greekLit:tlg0656.tlg001.wellmann1906:3.39	proposed				
urn:cts:greekLit:tlg0656.tlg001.berendes1902:3.41b	edition_of	urn:cts:greekLit:tlg0656.tlg001.wellmann1906:3.40	proposed				
urn:cts:greekLit:tlg0656.tlg001.berendes1902:3.42	edition_of	urn:cts:greekLit:tlg0656.tlg001.wellmann1906:3.42	proposed				
urn:cts:greekLit:tlg0656.tlg001.berendes1902:3.43	edition_of	urn:cts:greekLit:tlg0656.tlg001.wellmann1906:3.43	proposed				
urn:cts:greekLit:tlg0656.tlg001.berendes1902:3.44	edition_of	urn:cts:greekLit:tlg0656.tlg001.wellmann1906:3.44	proposed				
urn:cts:greekLit:tlg0656.tlg001.berendes1902:3.45	edition_of	urn:cts:greekLit:tlg0656.tlg001.wellmann1906:3.45	proposed				
urn:cts:greekLit:tlg0656.tlg001.berendes1902:3.46	edition_of	urn:cts:greekLit:tlg0656.tlg001.wellmann1906:3.46	proposed				
urn:cts:greekLit:tlg0656.tlg001.berendes1902:3.47	edition_of	urn:cts:greekLit:tlg0656.tlg001.wellmann1906:3.47	proposed				
urn:cts:greekLit:tlg0656.tlg001.berendes1902:3.48	edition_of	urn:cts:greekLit:tlg0656.tlg001.wellmann1906:3.48	proposed				
urn:cts:greekLit:tlg0656.tlg001.berendes1902:3.49	edition_of	urn:cts:greekLit:tlg0656.tlg001.wellmann1906:3.49	proposed				
urn:cts:greekLit:tlg0656.tlg001.berendes1902:3.50	edition_of	urn:cts:greekLit:tlg0656.tlg001.wellmann1906:3.50	proposed				
urn:cts:greekLit:tlg0656.tlg001.berendes1902:3.51	edition_of	urn:cts:greekLit:tlg0656.tlg001.wellmann1906:3.51	proposed				
urn:cts:greekLit:tlg0656.tlg001.berendes1902:3.52	edition_of	urn:cts:greekLit:tlg0656.tlg001.wellmann1906:3.52	proposed				
urn:cts:greekLit:tlg0656.tlg001.berendes1902:3.53	edition_of	urn:cts:greekLit:tlg0656.tlg001.wellmann1906:3.53.1	proposed	0	105		
urn:cts:greekLit:tlg0656.tlg001.berendes1902:3.54	edition_of	urn:cts:greekLit:tlg0656.tlg001.wellmann1906:3.53.2	proposed	105	155		
urn:cts:greekLit:tlg0656.tlg001.berendes1902:3.55	edition_of	urn:cts:greekLit:tlg0656.tlg001.wellmann1906:3.53.3	proposed	155	207		
urn:cts:greekLit:tlg0656.tlg001.berendes1902:3.56	edition_of	urn:cts:greekLit:tlg0656.tlg001.wellmann1906:3.54	proposed				
urn:cts:greekLit:tlg0656.tlg001.berendes1902:3.57	edition_of	urn:cts:greekLit:tlg0656.tlg001.wellmann1906:3.55	proposed				
urn:cts:greekLit:tlg0656.tlg001.berendes1902:3.58	edition_of	urn:cts:greekLit:tlg0656.tlg001.wellmann1906:3.56	proposed				
urn:cts:greekLit:tlg0656.tlg001.berendes1902:3.59	edition_of	urn:cts:greekLit:tlg0656.tlg001.wellmann1906:3.57	proposed				
urn:cts:greekLit:tlg0656.tlg001.berendes1902:3.60	edition_of	urn:cts:greekLit:tlg0656.tlg001.wellmann1906:3.58	proposed				
urn:cts:greekLit:tlg0656.tlg001.berendes1902:3.61	edition_of	urn:cts:greekLit:tlg0656.tlg001.wellmann1906:3.59	proposed				
urn:cts:greekLit:tlg0656.tlg001.berendes1902:3.62@Daswilde[1]-auchHodenanschwellungen[1]	edition_of	urn:cts:greekLit:tlg0656.tlg001.wellmann1906:3.60	proposed			Daswilde Kyminon die	
urn:cts:greekLit:tlg0656.tlg001.berendes1902:3.62@Es[3]-nachtrinken[1]	edition_of	urn:cts:greekLit:tlg0656.tlg001.wellmann1906:3.61	proposed			Es gibt noch	
urn:cts:greekLit:tlg0656.tlg001.berendes1902:3.63	edition_of	urn:cts:greekLit:tlg0656.tlg001.wellmann1906:3.62	proposed				
urn:cts:greekLit:tlg0656.tlg001.berendes1902:3.64	edition_of	urn:cts:greekLit:tlg0656.tlg001.wellmann1906:3.63	proposed				
urn:cts:greekLit:tlg0656.tlg001.berendes1902:3.65	edition_of	urn:cts:greekLit:tlg0656.tlg001.wellmann1906:3.64RV@RV[1]-ἀρήγει[1]	proposed	0	63		RV ἱεράκιον τὸ
urn:cts:greekLit:tlg0656.tlg001.berendes1902:3.66	edition_of	urn:cts:greekLit:tlg0656.tlg001.wellmann1906:3.64RV.2@ἱεράκιον[1]-προειρημένῳ[1]	proposed	63	111		ἱεράκιον τὸ μικρόν
urn:cts:greekLit:tlg0656.tlg001.berendes1902:3.67	edition_of	urn:cts:greekLit:tlg0656.tlg001.wellmann1906:3.64@64[1]-ἐλεοσέλινον[1]	proposed	0	83		64 σέλινον κηπαῖον
urn:cts:greekLit:tlg0656.tlg001.berendes1902:3.68	edition_of	urn:cts:greekLit:tlg0656.tlg001.wellmann1906:3.64.2@καὶ[6]-κηπευτόν[1]	proposed	80	102		καὶ τὸ ἐλεοσέλινον
urn:cts:greekLit:tlg0656.tlg001.berendes1902:3.69	edition_of	urn:cts:greekLit:tlg0656.tlg001.wellmann1906:3.65	proposed				
urn:cts:greekLit:tlg0656.tlg001.berendes1902:3.70	edition_of	urn:cts:greekLit:tlg0656.tlg001.wellmann1906:3.66	proposed				
urn:cts:greekLit:tlg0656.tlg001.berendes1902:3.71	edition_of	urn:cts:greekLit:tlg0656.tlg001.wellmann1906:3.67	proposed				
urn:cts:greekLit:tlg0656.tlg001.berendes1902:3.72	edition_of	urn:cts:greekLit:tlg0656.tlg001.wellmann1906:3.68	proposed				
urn:cts:greekLit:tlg0656.tlg001.berendes1902:3.73	edition_of	urn:cts:greekLit:tlg0656.tlg001.wellmann1906:3.69	proposed				
urn:cts:greekLit:tlg0656.tlg001.berendes1902:3.74	edition_of	urn:cts:greekLit:tlg0656.tlg001.wellmann1906:3.70	proposed				
urn:cts:greekLit:tlg0656.tlg001.berendes1902:3.75	edition_of	urn:cts:greekLit:tlg0656.tlg001.wellmann1906:3.71	proposed				
urn:cts:greekLit:tlg0656.tlg001.berendes1902:3.76	edition_of	urn:cts:greekLit:tlg0656.tlg001.wellmann1906:3.72	proposed				
urn:cts:greekLit:tlg0656.tlg001.berendes1902:3.77	edition_of	urn:cts:greekLit:tlg0656.tlg001.wellmann1906:3.73a	proposed				
urn:cts:greekLit:tlg0656.tlg001.berendes1902:3.78	edition_of	urn:cts:greekLit:tlg0656.tlg001.wellmann1906:3.73b	proposed				
urn:cts:greekLit:tlg0656.tlg001.berendes1902:3.79@Es[1]-berichtet[1]	edition_of	urn:cts:greekLit:tlg0656.tlg001.wellmann1906:3.74	proposed			Es gibt zweiArten	
urn:cts:greekLit:tlg0656.tlg001.berendes1902:3.79@eine[4]-sechsblätterig[1]	edition_of	urn:cts:greekLit:tlg0656.tlg001.wellmann1906:3.75	proposed			eine Libanotis welche	
urn:cts:greekLit:tlg0656.tlg001.berendes1902:3.80	edition_of	urn:cts:greekLit:tlg0656.tlg001.wellmann1906:3.76	proposed				
urn:cts:greekLit:tlg0656.tlg001.berendes1902:3.81	edition_of	urn:cts:greekLit:tlg0656.tlg001.wellmann1906:3.77	proposed				
urn:cts:greekLit:tlg0656.tlg001.berendes1902:3.82	edition_of	urn:cts:greekLit:tlg0656.tlg001.wellmann1906:3.78	proposed				
urn:cts:greekLit:tlg0656.tlg001.berendes1902:3.83	edition_of	urn:cts:greekLit:tlg0656.tlg001.wellmann1906:3.79	proposed				
urn:cts:greekLit:tlg0656.tlg001.berendes1902:3.84	edition_of	urn:cts:greekLit:tlg0656.tlg001.wellmann1906:3.80	proposed				
urn:cts:greekLit:tlg0656.tlg001.berendes1902:3.85	edition_of	urn:cts:greekLit:tlg0656.tlg001.wellmann1906:3.81	proposed				
urn:cts:greekLit:tlg0656.tlg001.berendes1902:3.86	edition_of	urn:cts:greekLit:tlg0656.tlg001.wellmann1906:3.82	proposed				
urn:cts:greekLit:tlg0656.tlg001.berendes1902:3.87	edition_of	urn:cts:greekLit:tlg0656.tlg001.wellmann1906:3.83	proposed				
urn:cts:greekLit:tlg0656.tlg001.berendes1902:3.88	edition_of	urn:cts:greekLit:tlg0656.tlg001.wellmann1906:3.84	proposed				
urn:cts:greekLit:tlg0656.tlg001.berendes1902:3.89	edition_of	urn:cts:greekLit:tlg0656.tlg001.wellmann1906:3.85	proposed				
urn:cts:greekLit:tlg0656.tlg001.berendes1902:3.90	edition_of	urn:cts:greekLit:tlg0656.tlg001.wellmann1906:3.86	proposed				
urn:cts:greekLit:tlg0656.tlg001.berendes1902:3.91	edition_of	urn:cts:greekLit:tlg0656.tlg001.wellmann1906:3.87	proposed				
urn:cts:greekLit:tlg0656.tlg001.berendes1902:3.92	edition_of	urn:cts:greekLit:tlg0656.tlg001.wellmann1906:3.88	proposed				
urn:cts:greekLit:tlg0656.tlg001.berendes1902:3.93	edition_of	urn:cts:greekLit:tlg0656.tlg001.wellmann1906:3.89	proposed				
urn:cts:greekLit:tlg0656.tlg001.berendes1902:3.94	edition_of	urn:cts:greekLit:tlg0656.tlg001.wellmann1906:3.90	proposed				
urn:cts:greekLit:tlg0656.tlg001.berendes1902:3.95	edition_of	urn:cts:greekLit:tlg0656.tlg001.wellmann1906:3.91	proposed				
urn:cts:greekLit:tlg0656.tlg001.berendes1902:3.96	edition_of	urn:cts:greekLit:tlg0656.tlg001.wellmann1906:3.92	proposed				
urn:cts:greekLit:tlg0656.tlg001.berendes1902:3.97	edition_of	urn:cts:greekLit:tlg0656.tlg001.wellmann1906:3.93	proposed				
urn:cts:greekLit:tlg0656.tlg001.berendes1902:3.98	edition_of	urn:cts:greekLit:tlg0656.tlg001.wellmann1906:3.94	proposed				
urn:cts:greekLit:tlg0656.tlg001.berendes1902:3.99	edition_of	urn:cts:greekLit:tlg0656.tlg001.wellmann1906:3.95	proposed				
urn:cts:greekLit:tlg0656.tlg001.berendes1902:3.100	edition_of	urn:cts:greekLit:tlg0656.tlg001.wellmann1906:3.96	proposed				
urn:cts:greekLit:tlg0656.tlg001.berendes1902:3.101	edition_of	urn:cts:greekLit:tlg0656.tlg001.wellmann1906:3.97	proposed				
urn:cts:greekLit:tlg0656.tlg001.berendes1902:3.102	edition_of	urn:cts:greekLit:tlg0656.tlg001.wellmann1906:3.98	proposed				
urn:cts:greekLit:tlg0656.tlg001.berendes1902:3.103	edition_of	urn:cts:greekLit:tlg0656.tlg001.wellmann1906:3.99	proposed				
urn:cts:greekLit:tlg0656.tlg001.berendes1902:3.104	edition_of	urn:cts:greekLit:tlg0656.tlg001.wellmann1906:3.100	proposed				
urn:cts:greekLit:tlg0656.tlg001.berendes1902:3.105	edition_of	urn:cts:greekLit:tlg0656.tlg001.wellmann1906:3.101	proposed				
urn:cts:greekLit:tlg0656.tlg001.berendes1902:3.106	edition_of	urn:cts:greekLit:tlg0656.tlg001.wellmann1906:3.102	proposed				
urn:cts:greekLit:tlg0656.tlg001.berendes1902:3.107	edition_of	urn:cts:greekLit:tlg0656.tlg001.wellmann1906:3.103	proposed				
urn:cts:greekLit:tlg0656.tlg001.berendes1902:3.108	edition_of	urn:cts:greekLit:tlg0656.tlg001.wellmann1906:3.104	proposed				
urn:cts:greekLit:tlg0656.tlg001.berendes1902:3.109	edition_of	urn:cts:greekLit:tlg0656.tlg001.wellmann1906:3.105	proposed				
urn:cts:greekLit:tlg0656.tlg001.berendes1902:3.110	edition_of	urn:cts:greekLit:tlg0656.tlg001.wellmann1906:3.106	proposed				
urn:cts:greekLit:tlg0656.tlg001.berendes1902:3.111	edition_of	urn:cts:greekLit:tlg0656.tlg001.wellmann1906:3.107	proposed				
urn:cts:greekLit:tlg0656.tlg001.berendes1902:3.112	edition_of	urn:cts:greekLit:tlg0656.tlg001.wellmann1906:3.108	proposed				
urn:cts:greekLit:tlg0656.tlg001.berendes1902:3.113	edition_of	urn:cts:greekLit:tlg0656.tlg001.wellmann1906:3.109	proposed				
urn:cts:greekLit:tlg0656.tlg001.berendes1902:3.114	edition_of	urn:cts:greekLit:tlg0656.tlg001.wellmann1906:3.110	proposed				
urn:cts:greekLit:tlg0656.tlg001.berendes1902:3.115	edition_of	urn:cts:greekLit:tlg0656.tlg001.wellmann1906:3.111	proposed				
urn:cts:greekLit:tlg0656.tlg001.berendes1902:3.116	edition_of	urn:cts:greekLit:tlg0656.tlg001.wellmann1906:3.112	proposed				
urn:cts:greekLit:tlg0656.tlg001.berendes1902:3.117	edition_of	urn:cts:greekLit:tlg0656.tlg001.wellmann1906:3.113	proposed				
urn:cts:greekLit:tlg0656.tlg001.berendes1902:3.119	edition_of	urn:cts:greekLit:tlg0656.tlg001.wellmann1906:3.114	proposed				
urn:cts:greekLit:tlg0656.tlg001.berendes1902:3.120	edition_of	urn:cts:greekLit:tlg0656.tlg001.wellmann1906:3.115	proposed				
urn:cts:greekLit:tlg0656.tlg001.berendes1902:3.121	edition_of	urn:cts:greekLit:tlg0656.tlg001.wellmann1906:3.116	proposed				
urn:cts:greekLit:tlg0656.tlg001.berendes1902:3.122	edition_of	urn:cts:greekLit:tlg0656.tlg001.wellmann1906:3.117	proposed				
urn:cts:greekLit:tlg0656.tlg001.berendes1902:3.123	edition_of	urn:cts:greekLit:tlg0656.tlg001.wellmann1906:3.118	proposed				
urn:cts:greekLit:tlg0656.tlg001.berendes1902:3.124	edition_of	urn:cts:greekLit:tlg0656.tlg001.wellmann1906:3.119	proposed				
urn:cts:greekLit:tlg0656.tlg001.berendes1902:3.125	edition_of	urn:cts:greekLit:tlg0656.tlg001.wellmann1906:3.120	proposed				
urn:cts:greekLit:tlg0656.tlg001.berendes1902:3.126	edition_of	urn:cts:greekLit:tlg0656.tlg001.wellmann1906:3.121	proposed				
urn:cts:greekLit:tlg0656.tlg001.berendes1902:3.127	edition_of	urn:cts:greekLit:tlg0656.tlg001.wellmann1906:3.122	proposed				
urn:cts:greekLit:tlg0656.tlg001.berendes1902:3.128	edition_of	urn:cts:greekLit:tlg0656.tlg001.wellmann1906:3.123	proposed				
urn:cts:greekLit:tlg0656.tlg001.berendes1902:3.129	edition_of	urn:cts:greekLit:tlg0656.tlg001.wellmann1906:3.124	proposed				
urn:cts:greekLit:tlg0656.tlg001.berendes1902:3.130	edition_of	urn:cts:greekLit:tlg0656.tlg001.wellmann1906:3.125	proposed				
urn:cts:greekLit:tlg0656.tlg001.berendes1902:3.131	edition_of	urn:cts:greekLit:tlg0656.tlg001.wellmann1906:3.126	proposed				
urn:cts:greekLit:tlg0656.tlg001.berendes1902:3.132	edition_of	urn:cts:greekLit:tlg0656.tlg001.wellmann1906:3.127	proposed				
urn:cts:greekLit:tlg0656.tlg001.berendes1902:3.133	edition_of	urn:cts:greekLit:tlg0656.tlg001.wellmann1906:3.128.1	proposed	0	64		
urn:cts:greekLit:tlg0656.tlg001.berendes1902:3.134	edition_of	urn:cts:greekLit:tlg0656.tlg001.wellmann1906:3.128.2	proposed	64	133		
urn:cts:greekLit:tlg0656.tlg001.berendes1902:3.135	edition_of	urn:cts:greekLit:tlg0656.tlg001.wellmann1906:3.129	proposed				
urn:cts:greekLit:tlg0656.tlg001.berendes1902:3.136	edition_of	urn:cts:greekLit:tlg0656.tlg001.wellmann1906:3.130	proposed				
urn:cts:greekLit:tlg0656.tlg001.berendes1902:3.137	edition_of	urn:cts:greekLit:tlg0656.tlg001.wellmann1906:3.131	proposed				
urn:cts:greekLit:tlg0656.tlg001.berendes1902:3.138	edition_of	urn:cts:greekLit:tlg0656.tlg001.wellmann1906:3.132@132[1]-καὶ[11]	proposed	0	168		132 νυμφαία φύεται
urn:cts:greekLit:tlg0656.tlg001.berendes1902:3.139	edition_of	urn:cts:greekLit:tlg0656.tlg001.wellmann1906:3.132.3@ἄλλη[1]-ποταμόν[1]	proposed	168	210		ἄλλη νυμφαία φύλλα
urn:cts:greekLit:tlg0656.tlg001.berendes1902:3.140	edition_of	urn:cts:greekLit:tlg0656.tlg001.wellmann1906:3.133	proposed				
urn:cts:greekLit:tlg0656.tlg001.berendes1902:3.141	edition_of	urn:cts:greekLit:tlg0656.tlg001.wellmann1906:3.134	proposed				
urn:cts:greekLit:tlg0656.tlg001.berendes1902:3.142	edition_of	urn:cts:greekLit:tlg0656.tlg001.wellmann1906:3.135	proposed				
urn:cts:greekLit:tlg0656.tlg001.berendes1902:3.143	edition_of	urn:cts:greekLit:tlg0656.tlg001.wellmann1906:3.136	proposed				
urn:cts:greekLit:tlg0656.tlg001.berendes1902:3.144	edition_of	urn:cts:greekLit:tlg0656.tlg001.wellmann1906:3.137	proposed				
urn:cts:greekLit:tlg0656.tlg001.berendes1902:3.145	edition_of	urn:cts:greekLit:tlg0656.tlg001.wellmann1906:3.138	proposed				
urn:cts:greekLit:tlg0656.tlg001.berendes1902:3.146	edition_of	urn:cts:greekLit:tlg0656.tlg001.wellmann1906:3.139	proposed				
urn:cts:greekLit:tlg0656.tlg001.berendes1902:3.147	edition_of	urn:cts:greekLit:tlg0656.tlg001.wellmann1906:3.140	proposed				
urn:cts:greekLit:tlg0656.tlg001.berendes1902:3.148	edition_of	urn:cts:greekLit:tlg0656.tlg001.wellmann1906:3.141	proposed				
urn:cts:greekLit:tlg0656.tlg001.berendes1902:3.149	edition_of	urn:cts:greekLit:tlg0656.tlg001.wellmann1906:3.142	proposed				
urn:cts:greekLit:tlg0656.tlg001.berendes1902:3.150	edition_of	urn:cts:greekLit:tlg0656.tlg001.wellmann1906:3.143	proposed				
urn:cts:greekLit:tlg0656.tlg001.berendes1902:3.151	edition_of	urn:cts:greekLit:tlg0656.tlg001.wellmann1906:3.144	proposed				
urn:cts:greekLit:tlg0656.tlg001.berendes1902:3.152	edition_of	urn:cts:greekLit:tlg0656.tlg001.wellmann1906:3.145	proposed				
urn:cts:greekLit:tlg0656.tlg001.berendes1902:3.153	edition_of	urn:cts:greekLit:tlg0656.tlg001.wellmann1906:3.146	proposed				
urn:cts:greekLit:tlg0656.tlg001.berendes1902:3.154	edition_of	urn:cts:greekLit:tlg0656.tlg001.wellmann1906:3.147	proposed				
urn:cts:greekLit:tlg0656.tlg001.berendes1902:3.155	edition_of	urn:cts:greekLit:tlg0656.tlg001.wellmann1906:3.148	proposed				
urn:cts:greekLit:tlg0656.tlg001.berendes1902:3.156	edition_of	urn:cts:greekLit:tlg0656.tlg001.wellmann1906:3.149	proposed				
urn:cts:greekLit:tlg0656.tlg001.berendes1902:3.157	edition_of	urn:cts:greekLit:tlg0656.tlg001.wellmann1906:3.150	proposed				
urn:cts:greekLit:tlg0656.tlg001.berendes1902:3.158	edition_of	urn:cts:greekLit:tlg0656.tlg001.wellmann1906:3.151	proposed				
urn:cts:greekLit:tlg0656.tlg001.berendes1902:3.159	edition_of	urn:cts:greekLit:tlg0656.tlg001.wellmann1906:3.152	proposed				
urn:cts:greekLit:tlg0656.tlg001.berendes1902:3.160	edition_of	urn:cts:greekLit:tlg0656.tlg001.wellmann1906:3.153	proposed				
urn:cts:greekLit:tlg0656.tlg001.berendes1902:3.161	edition_of	urn:cts:greekLit:tlg0656.tlg001.wellmann1906:3.154	proposed				
urn:cts:greekLit:tlg0656.tlg001.berendes1902:3.162	edition_of	urn:cts:greekLit:tlg0656.tlg001.wellmann1906:3.155	proposed				
urn:cts:greekLit:tlg0656.tlg001.berendes1902:3.163	edition_of	urn:cts:greekLit:tlg0656.tlg001.wellmann1906:3.156	proposed				
urn:cts:greekLit:tlg0656.tlg001.berendes1902:3.164	edition_of	urn:cts:greekLit:tlg0656.tlg001.wellmann1906:3.157	proposed				
urn:cts:greekLit:tlg0656.tlg001.berendes1902:3.165	edition_of	urn:cts:greekLit:tlg0656.tlg001.wellmann1906:3.158.1-3.158.2	proposed	0	149		
urn:cts:greekLit:tlg0656.tlg001.berendes1902:3.166	edition_of	urn:cts:greekLit:tlg0656.tlg001.wellmann1906:3.158.3	proposed	149	217		
urn:cts:greekLit:tlg0656.tlg001.berendes1902:4.praef	edition_of	urn:cts:greekLit:tlg0656.tlg001.wellmann1906:4.arg	proposed				
urn:cts:greekLit:tlg0656.tlg001.berendes1902:4.1	edition_of	urn:cts:greekLit:tlg0656.tlg001.wellmann1906:4.1	proposed				
urn:cts:greekLit:tlg0656.tlg001.berendes1902:4.2	edition_of	urn:cts:greekLit:tlg0656.tlg001.wellmann1906:4.2	proposed				
urn:cts:greekLit:tlg0656.tlg001.berendes1902:4.3	edition_of	urn:cts:greekLit:tlg0656.tlg001.wellmann1906:4.3	proposed				
urn:cts:greekLit:tlg0656.tlg001.berendes1902:4.4	edition_of	urn:cts:greekLit:tlg0656.tlg001.wellmann1906:4.4	proposed				
urn:cts:greekLit:tlg0656.tlg001.berendes1902:4.5	edition_of	urn:cts:greekLit:tlg0656.tlg001.wellmann1906:4.5	proposed				
urn:cts:greekLit:tlg0656.tlg001.berendes1902:4.6	edition_of	urn:cts:greekLit:tlg0656.tlg001.wellmann1906:4.6	proposed				
urn:cts:greekLit:tlg0656.tlg001.berendes1902:4.7@Die[1]-Oedland[1]	edition_of	urn:cts:greekLit:tlg0656.tlg001.wellmann1906:4.7	proposed			Die Klematis Einigenennen	
urn:cts:greekLit:tlg0656.tlg001.berendes1902:4.8	edition_of	urn:cts:greekLit:tlg0656.tlg001.wellmann1906:4.8	proposed				
urn:cts:greekLit:tlg0656.tlg001.berendes1902:4.9	edition_of	urn:cts:greekLit:tlg0656.tlg001.wellmann1906:4.9	proposed				
urn:cts:greekLit:tlg0656.tlg001.berendes1902:4.10	edition_of	urn:cts:greekLit:tlg0656.tlg001.wellmann1906:4.10	proposed				
urn:cts:greekLit:tlg0656.tlg001.berendes1902:4.11	edition_of	urn:cts:greekLit:tlg0656.tlg001.wellmann1906:4.11	proposed				
urn:cts:greekLit:tlg0656.tlg001.berendes1902:4.12	edition_of	urn:cts:greekLit:tlg0656.tlg001.wellmann1906:4.12	proposed				
urn:cts:greekLit:tlg0656.tlg001.berendes1902:4.13	edition_of	urn:cts:greekLit:tlg0656.tlg001.wellmann1906:4.13	proposed				
urn:cts:greekLit:tlg0656.tlg001.berendes1902:4.14	edition_of	urn:cts:greekLit:tlg0656.tlg001.wellmann1906:4.14	proposed				
urn:cts:greekLit:tlg0656.tlg001.berendes1902:4.15	edition_of	urn:cts:greekLit:tlg0656.tlg001.wellmann1906:4.15	proposed				
urn:cts:greekLit:tlg0656.tlg001.berendes1902:4.16	edition_of	urn:cts:greekLit:tlg0656.tlg001.wellmann1906:4.16	proposed				
urn:cts:greekLit:tlg0656.tlg001.berendes1902:4.17	edition_of	urn:cts:greekLit:tlg0656.tlg001.wellmann1906:4.17	proposed				
urn:cts:greekLit:tlg0656.tlg001.berendes1902:4.18	edition_of	urn:cts:greekLit:tlg0656.tlg001.wellmann1906:4.18	proposed				
urn:cts:greekLit:tlg0656.tlg001.berendes1902:4.19	edition_of	urn:cts:greekLit:tlg0656.tlg001.wellmann1906:4.19	proposed				
urn:cts:greekLit:tlg0656.tlg001.berendes1902:4.20	edition_of	urn:cts:greekLit:tlg0656.tlg001.wellmann1906:4.20	proposed				
urn:cts:greekLit:tlg0656.tlg001.berendes1902:4.21	edition_of	urn:cts:greekLit:tlg0656.tlg001.wellmann1906:4.21	proposed				
urn:cts:greekLit:tlg0656.tlg001.berendes1902:4.22	edition_of	urn:cts:greekLit:tlg0656.tlg001.wellmann1906:4.22	proposed				
urn:cts:greekLit:tlg0656.tlg001.berendes1902:4.23	edition_of	urn:cts:greekLit:tlg0656.tlg001.wellmann1906:4.23	proposed				
urn:cts:greekLit:tlg0656.tlg001.berendes1902:4.24	edition_of	urn:cts:greekLit:tlg0656.tlg001.wellmann1906:4.24	proposed				
urn:cts:greekLit:tlg0656.tlg001.berendes1902:4.25	edition_of	urn:cts:greekLit:tlg0656.tlg001.wellmann1906:4.25	proposed				
urn:cts:greekLit:tlg0656.tlg001.berendes1902:4.26	edition_of	urn:cts:greekLit:tlg0656.tlg001.wellmann1906:4.26	proposed				
urn:cts:greekLit:tlg0656.tlg001.berendes1902:4.27	edition_of	urn:cts:greekLit:tlg0656.tlg001.wellmann1906:4.27	proposed				
urn:cts:greekLit:tlg0656.tlg001.berendes1902:4.28	edition_of	urn:cts:greekLit:tlg0656.tlg001.wellmann1906:4.28	proposed				
urn:cts:greekLit:tlg0656.tlg001.berendes1902:4.29	edition_of	urn:cts:greekLit:tlg0656.tlg001.wellmann1906:4.141	proposed				
urn:cts:greekLit:tlg0656.tlg001.berendes1902:4.30	edition_of	urn:cts:greekLit:tlg0656.tlg001.wellmann1906:4.29	proposed				
urn:cts:greekLit:tlg0656.tlg001.berendes1902:4.31	edition_of	urn:cts:greekLit:tlg0656.tlg001.wellmann1906:4.30	proposed				
urn:cts:greekLit:tlg0656.tlg001.berendes1902:4.32@Die[1]-denBauchfluss[1]	edition_of	urn:cts:greekLit:tlg0656.tlg001.wellmann1906:4.31	proposed			Die am Parnass	
urn:cts:greekLit:tlg0656.tlg001.berendes1902:4.32@Die[3]-Entzündung[1]	edition_of	urn:cts:greekLit:tlg0656.tlg001.wellmann1906:4.32	proposed			Die aber welche	
urn:cts:greekLit:tlg0656.tlg001.berendes1902:4.33	edition_of	urn:cts:greekLit:tlg0656.tlg001.wellmann1906:4.33	proposed				
urn:cts:greekLit:tlg0656.tlg001.berendes1902:4.34	edition_of	urn:cts:greekLit:tlg0656.tlg001.wellmann1906:4.34	proposed				
urn:cts:greekLit:tlg0656.tlg001.berendes1902:4.35	edition_of	urn:cts:greekLit:tlg0656.tlg001.wellmann1906:4.35	proposed				
urn:cts:greekLit:tlg0656.tlg001.berendes1902:4.36	edition_of	urn:cts:greekLit:tlg0656.tlg001.wellmann1906:4.36	proposed				
urn:cts:greekLit:tlg0656.tlg001.berendes1902:4.37	edition_of	urn:cts:greekLit:tlg0656.tlg001.wellmann1906:4.37	proposed				
urn:cts:greekLit:tlg0656.tlg001.berendes1902:4.38	edition_of	urn:cts:greekLit:tlg0656.tlg001.wellmann1906:4.38	proposed				
urn:cts:greekLit:tlg0656.tlg001.berendes1902:4.39	edition_of	urn:cts:greekLit:tlg0656.tlg001.wellmann1906:4.39	proposed				
urn:cts:greekLit:tlg0656.tlg001.berendes1902:4.40	edition_of	urn:cts:greekLit:tlg0656.tlg001.wellmann1906:4.40	proposed				
urn:cts:greekLit:tlg0656.tlg001.berendes1902:4.41	edition_of	urn:cts:greekLit:tlg0656.tlg001.wellmann1906:4.41	proposed				
urn:cts:greekLit:tlg0656.tlg001.berendes1902:4.42	edition_of	urn:cts:greekLit:tlg0656.tlg001.wellmann1906:4.42	proposed				
urn:cts:greekLit:tlg0656.tlg001.berendes1902:4.43	edition_of	urn:cts:greekLit:tlg0656.tlg001.wellmann1906:4.43	proposed				
urn:cts:greekLit:tlg0656.tlg001.berendes1902:4.44	edition_of	urn:cts:greekLit:tlg0656.tlg001.wellmann1906:4.44	proposed				
urn:cts:greekLit:tlg0656.tlg001.berendes1902:4.45	edition_of	urn:cts:greekLit:tlg0656.tlg001.wellmann1906:4.45	proposed				
urn:cts:greekLit:tlg0656.tlg001.berendes1902:4.46	edition_of	urn:cts:greekLit:tlg0656.tlg001.wellmann1906:4.46	proposed				
urn:cts:greekLit:tlg0656.tlg001.berendes1902:4.47	edition_of	urn:cts:greekLit:tlg0656.tlg001.wellmann1906:4.47	proposed				
urn:cts:greekLit:tlg0656.tlg001.berendes1902:4.48	edition_of	urn:cts:greekLit:tlg0656.tlg001.wellmann1906:4.48	proposed				
urn:cts:greekLit:tlg0656.tlg001.berendes1902:4.49	edition_of	urn:cts:greekLit:tlg0656.tlg001.wellmann1906:4.49	proposed				
urn:cts:greekLit:tlg0656.tlg001.berendes1902:4.50	edition_of	urn:cts:greekLit:tlg0656.tlg001.wellmann1906:4.50	proposed				
urn:cts:greekLit:tlg0656.tlg001.berendes1902:4.51	edition_of	urn:cts:greekLit:tlg0656.tlg001.wellmann1906:4.51	proposed				
urn:cts:greekLit:tlg0656.tlg001.berendes1902:4.52	edition_of	urn:cts:greekLit:tlg0656.tlg001.wellmann1906:4.52	proposed				
urn:cts:greekLit:tlg0656.tlg001.berendes1902:4.53	edition_of	urn:cts:greekLit:tlg0656.tlg001.wellmann1906:4.53	proposed				
urn:cts:greekLit:tlg0656.tlg001.berendes1902:4.54	edition_of	urn:cts:greekLit:tlg0656.tlg001.wellmann1906:4.54	proposed				
urn:cts:greekLit:tlg0656.tlg001.berendes1902:4.55	edition_of	urn:cts:greekLit:tlg0656.tlg001.wellmann1906:4.55	proposed				
urn:cts:greekLit:tlg0656.tlg001.berendes1902:4.56	edition_of	urn:cts:greekLit:tlg0656.tlg001.wellmann1906:4.56	proposed				
urn:cts:greekLit:tlg0656.tlg001.berendes1902:4.57	edition_of	urn:cts:greekLit:tlg0656.tlg001.wellmann1906:4.57	proposed				
urn:cts:greekLit:tlg0656.tlg001.berendes1902:4.58	edition_of	urn:cts:greekLit:tlg0656.tlg001.wellmann1906:4.58RVRV	proposed				
urn:cts:greekLit:tlg0656.tlg001.berendes1902:4.59	edition_of	urn:cts:greekLit:tlg0656.tlg001.wellmann1906:4.58	proposed				
urn:cts:greekLit:tlg0656.tlg001.berendes1902:4.60	edition_of	urn:cts:greekLit:tlg0656.tlg001.wellmann1906:4.59	proposed				
urn:cts:greekLit:tlg0656.tlg001.berendes1902:4.61	edition_of	urn:cts:greekLit:tlg0656.tlg001.wellmann1906:4.60	proposed				
urn:cts:greekLit:tlg0656.tlg001.berendes1902:4.62	edition_of	urn:cts:greekLit:tlg0656.tlg001.wellmann1906:4.61	proposed				
urn:cts:greekLit:tlg0656.tlg001.berendes1902:4.63	edition_of	urn:cts:greekLit:tlg0656.tlg001.wellmann1906:4.62	proposed				
urn:cts:greekLit:tlg0656.tlg001.berendes1902:4.64	edition_of	urn:cts:greekLit:tlg0656.tlg001.wellmann1906:4.63	proposed				
urn:cts:greekLit:tlg0656.tlg001.berendes1902:4.65	edition_of	urn:cts:greekLit:tlg0656.tlg001.wellmann1906:4.64	proposed				
urn:cts:greekLit:tlg0656.tlg001.berendes1902:4.66	edition_of	urn:cts:greekLit:tlg0656.tlg001.wellmann1906:4.65	proposed				
urn:cts:greekLit:tlg0656.tlg001.berendes1902:4.67	edition_of	urn:cts:greekLit:tlg0656.tlg001.wellmann1906:4.66	proposed				
urn:cts:greekLit:tlg0656.tlg001.berendes1902:4.68	edition_of	urn:cts:greekLit:tlg0656.tlg001.wellmann1906:4.67	proposed				
urn:cts:greekLit:tlg0656.tlg001.berendes1902:4.69	edition_of	urn:cts:greekLit:tlg0656.tlg001.wellmann1906:4.68	proposed				
urn:cts:greekLit:tlg0656.tlg001.berendes1902:4.70	edition_of	urn:cts:greekLit:tlg0656.tlg001.wellmann1906:4.69	proposed				
urn:cts:greekLit:tlg0656.tlg001.berendes1902:4.71	edition_of	urn:cts:greekLit:tlg0656.tlg001.wellmann1906:4.70	proposed				
urn:cts:greekLit:tlg0656.tlg001.berendes1902:4.72	edition_of	urn:cts:greekLit:tlg0656.tlg001.wellmann1906:4.71	proposed				
urn:cts:greekLit:tlg0656.tlg001.berendes1902:4.73	edition_of	urn:cts:greekLit:tlg0656.tlg001.wellmann1906:4.72	proposed				
urn:cts:greekLit:tlg0656.tlg001.berendes1902:4.74	edition_of	urn:cts:greekLit:tlg0656.tlg001.wellmann1906:4.73	proposed				
urn:cts:greekLit:tlg0656.tlg001.berendes1902:4.75	edition_of	urn:cts:greekLit:tlg0656.tlg001.wellmann1906:4.74	proposed				
urn:cts:greekLit:tlg0656.tlg001.berendes1902:4.76	edition_of	urn:cts:greekLit:tlg0656.tlg001.wellmann1906:4.75	proposed				
urn:cts:greekLit:tlg0656.tlg001.berendes1902:4.77	edition_of	urn:cts:greekLit:tlg0656.tlg001.wellmann1906:4.76	proposed				
urn:cts:greekLit:tlg0656.tlg001.berendes1902:4.78	edition_of	urn:cts:greekLit:tlg0656.tlg001.wellmann1906:4.77	proposed				
urn:cts:greekLit:tlg0656.tlg001.berendes1902:4.79	edition_of	urn:cts:greekLit:tlg0656.tlg001.wellmann1906:4.78	proposed				
urn:cts:greekLit:tlg0656.tlg001.berendes1902:4.80	edition_of	urn:cts:greekLit:tlg0656.tlg001.wellmann1906:4.79	proposed				
urn:cts:greekLit:tlg0656.tlg001.berendes1902:4.81	edition_of	urn:cts:greekLit:tlg0656.tlg001.wellmann1906:4.80	proposed				
urn:cts:greekLit:tlg0656.tlg001.berendes1902:4.82	edition_of	urn:cts:greekLit:tlg0656.tlg001.wellmann1906:4.81	proposed				
urn:cts:greekLit:tlg0656.tlg001.berendes1902:4.83	edition_of	urn:cts:greekLit:tlg0656.tlg001.wellmann1906:4.82	proposed				
urn:cts:greekLit:tlg0656.tlg001.berendes1902:4.84	edition_of	urn:cts:greekLit:tlg0656.tlg001.wellmann1906:4.83	proposed				
urn:cts:greekLit:tlg0656.tlg001.berendes1902:4.85	edition_of	urn:cts:greekLit:tlg0656.tlg001.wellmann1906:4.84	proposed				
urn:cts:greekLit:tlg0656.tlg001.berendes1902:4.86	edition_of	urn:cts:greekLit:tlg0656.tlg001.wellmann1906:4.85	proposed				
urn:cts:greekLit:tlg0656.tlg001.berendes1902:4.87	edition_of	urn:cts:greekLit:tlg0656.tlg001.wellmann1906:4.87	proposed				
urn:cts:greekLit:tlg0656.tlg001.berendes1902:4.88	edition_of	urn:cts:greekLit:tlg0656.tlg001.wellmann1906:4.88	proposed				
urn:cts:greekLit:tlg0656.tlg001.berendes1902:4.89@Daskleine[1]-Pflanze[1]	edition_of	urn:cts:greekLit:tlg0656.tlg001.wellmann1906:4.89	proposed			Daskleine Aeizoon Einige	
urn:cts:greekLit:tlg0656.tlg001.berendes1902:4.89@Esscheint[1]-Geschwüre[1]	edition_of	urn:cts:greekLit:tlg0656.tlg001.wellmann1906:4.90	proposed			Esscheint noch eine	
urn:cts:greekLit:tlg0656.tlg001.berendes1902:4.90	edition_of	urn:cts:greekLit:tlg0656.tlg001.wellmann1906:4.91	proposed				
urn:cts:greekLit:tlg0656.tlg001.berendes1902:4.91	edition_of	urn:cts:greekLit:tlg0656.tlg001.wellmann1906:4.92	proposed				
urn:cts:greekLit:tlg0656.tlg001.berendes1902:4.92	edition_of	urn:cts:greekLit:tlg0656.tlg001.wellmann1906:4.93	proposed				
urn:cts:greekLit:tlg0656.tlg001.berendes1902:4.93	edition_of	urn:cts:greekLit:tlg0656.tlg001.wellmann1906:4.94	proposed				
urn:cts:greekLit:tlg0656.tlg001.berendes1902:4.94	edition_of	urn:cts:greekLit:tlg0656.tlg001.wellmann1906:4.95	proposed				
urn:cts:greekLit:tlg0656.tlg001.berendes1902:4.95	edition_of	urn:cts:greekLit:tlg0656.tlg001.wellmann1906:4.96	proposed				
urn:cts:greekLit:tlg0656.tlg001.berendes1902:4.96	edition_of	urn:cts:greekLit:tlg0656.tlg001.wellmann1906:4.97	proposed				
urn:cts:greekLit:tlg0656.tlg001.berendes1902:4.97	edition_of	urn:cts:greekLit:tlg0656.tlg001.wellmann1906:4.98	proposed				
urn:cts:greekLit:tlg0656.tlg001.berendes1902:4.98	edition_of	urn:cts:greekLit:tlg0656.tlg001.wellmann1906:4.99	proposed				
urn:cts:greekLit:tlg0656.tlg001.berendes1902:4.99@Das[1]-wächst[1]	edition_of	urn:cts:greekLit:tlg0656.tlg001.wellmann1906:4.100	proposed			Das Potamogeiton Einige	
urn:cts:greekLit:tlg0656.tlg001.berendes1902:4.100	edition_of	urn:cts:greekLit:tlg0656.tlg001.wellmann1906:4.101	proposed				
urn:cts:greekLit:tlg0656.tlg001.berendes1902:4.101	edition_of	urn:cts:greekLit:tlg0656.tlg001.wellmann1906:4.102	proposed				
urn:cts:greekLit:tlg0656.tlg001.berendes1902:4.102	edition_of	urn:cts:greekLit:tlg0656.tlg001.wellmann1906:4.103	proposed				
urn:cts:greekLit:tlg0656.tlg001.berendes1902:4.103	edition_of	urn:cts:greekLit:tlg0656.tlg001.wellmann1906:4.104	proposed				
urn:cts:greekLit:tlg0656.tlg001.berendes1902:4.104	edition_of	urn:cts:greekLit:tlg0656.tlg001.wellmann1906:4.105	proposed				
urn:cts:greekLit:tlg0656.tlg001.berendes1902:4.105	edition_of	urn:cts:greekLit:tlg0656.tlg001.wellmann1906:4.106	proposed				
urn:cts:greekLit:tlg0656.tlg001.berendes1902:4.106	edition_of	urn:cts:greekLit:tlg0656.tlg001.wellmann1906:4.107	proposed				
urn:cts:greekLit:tlg0656.tlg001.berendes1902:4.107	edition_of	urn:cts:greekLit:tlg0656.tlg001.wellmann1906:4.108	proposed				
urn:cts:greekLit:tlg0656.tlg001.berendes1902:4.108	edition_of	urn:cts:greekLit:tlg0656.tlg001.wellmann1906:4.109	proposed				
urn:cts:greekLit:tlg0656.tlg001.berendes1902:4.109	edition_of	urn:cts:greekLit:tlg0656.tlg001.wellmann1906:4.110	proposed				
urn:cts:greekLit:tlg0656.tlg001.berendes1902:4.110	edition_of	urn:cts:greekLit:tlg0656.tlg001.wellmann1906:4.111	proposed				
urn:cts:greekLit:tlg0656.tlg001.berendes1902:4.111	edition_of	urn:cts:greekLit:tlg0656.tlg001.wellmann1906:4.112	proposed				
urn:cts:greekLit:tlg0656.tlg001.berendes1902:4.112	edition_of	urn:cts:greekLit:tlg0656.tlg001.wellmann1906:4.113	proposed				
urn:cts:greekLit:tlg0656.tlg001.berendes1902:4.113	edition_of	urn:cts:greekLit:tlg0656.tlg001.wellmann1906:4.114	proposed				
urn:cts:greekLit:tlg0656.tlg001.berendes1902:4.114	edition_of	urn:cts:greekLit:tlg0656.tlg001.wellmann1906:4.115	proposed				
urn:cts:greekLit:tlg0656.tlg001.berendes1902:4.115	edition_of	urn:cts:greekLit:tlg0656.tlg001.wellmann1906:4.116	proposed				
urn:cts:greekLit:tlg0656.tlg001.berendes1902:4.116	edition_of	urn:cts:greekLit:tlg0656.tlg001.wellmann1906:4.117	proposed				
urn:cts:greekLit:tlg0656.tlg001.berendes1902:4.117	edition_of	urn:cts:greekLit:tlg0656.tlg001.wellmann1906:4.118	proposed				
urn:cts:greekLit:tlg0656.tlg001.berendes1902:4.118	edition_of	urn:cts:greekLit:tlg0656.tlg001.wellmann1906:4.119	proposed				
urn:cts:greekLit:tlg0656.tlg001.berendes1902:4.119	edition_of	urn:cts:greekLit:tlg0656.tlg001.wellmann1906:4.120	proposed				
urn:cts:greekLit:tlg0656.tlg001.berendes1902:4.120	edition_of	urn:cts:greekLit:tlg0656.tlg001.wellmann1906:4.121	proposed				
urn:cts:greekLit:tlg0656.tlg001.berendes1902:4.121	edition_of	urn:cts:greekLit:tlg0656.tlg001.wellmann1906:4.122	proposed				
urn:cts:greekLit:tlg0656.tlg001.berendes1902:4.122	edition_of	urn:cts:greekLit:tlg0656.tlg001.wellmann1906:4.123	proposed				
urn:cts:greekLit:tlg0656.tlg001.berendes1902:4.123	edition_of	urn:cts:greekLit:tlg0656.tlg001.wellmann1906:4.124	proposed				
urn:cts:greekLit:tlg0656.tlg001.berendes1902:4.124	edition_of	urn:cts:greekLit:tlg0656.tlg001.wellmann1906:4.125	proposed				
urn:cts:greekLit:tlg0656.tlg001.berendes1902:4.125	edition_of	urn:cts:greekLit:tlg0656.tlg001.wellmann1906:4.126	proposed				
urn:cts:greekLit:tlg0656.tlg001.berendes1902:4.126	edition_of	urn:cts:greekLit:tlg0656.tlg001.wellmann1906:4.127@βούγλωσσον[1]-εἶναι[1]	proposed	0	22		βούγλωσσον ἔοικε φλόμῳ
urn:cts:greekLit:tlg0656.tlg001.berendes1902:4.127	edition_of	urn:cts:greekLit:tlg0656.tlg001.wellmann1906:4.127@κυνόγλωσσον[1]-μαλακτική[1]	proposed	23	89		κυνόγλωσσον οἱ δὲ
urn:cts:greekLit:tlg0656.tlg001.berendes1902:4.128	edition_of	urn:cts:greekLit:tlg0656.tlg001.wellmann1906:4.128	proposed				
urn:cts:greekLit:tlg0656.tlg001.berendes1902:4.129	edition_of	urn:cts:greekLit:tlg0656.tlg001.wellmann1906:4.133	proposed				
urn:cts:greekLit:tlg0656.tlg001.berendes1902:4.130	edition_of	urn:cts:greekLit:tlg0656.tlg001.wellmann1906:4.129	proposed				
urn:cts:greekLit:tlg0656.tlg001.berendes1902:4.131	edition_of	urn:cts:greekLit:tlg0656.tlg001.wellmann1906:4.130	proposed				
urn:cts:greekLit:tlg0656.tlg001.berendes1902:4.132	edition_of	urn:cts:greekLit:tlg0656.tlg001.wellmann1906:4.131	proposed				
urn:cts:greekLit:tlg0656.tlg001.berendes1902:4.133	edition_of	urn:cts:greekLit:tlg0656.tlg001.wellmann1906:4.132	proposed				
urn:cts:greekLit:tlg0656.tlg001.berendes1902:4.134	edition_of	urn:cts:greekLit:tlg0656.tlg001.wellmann1906:4.134	proposed				
urn:cts:greekLit:tlg0656.tlg001.berendes1902:4.135	edition_of	urn:cts:greekLit:tlg0656.tlg001.wellmann1906:4.135	proposed				
urn:cts:greekLit:tlg0656.tlg001.berendes1902:4.136	edition_of	urn:cts:greekLit:tlg0656.tlg001.wellmann1906:4.136	proposed				
urn:cts:greekLit:tlg0656.tlg001.berendes1902:4.137	edition_of	urn:cts:greekLit:tlg0656.tlg001.wellmann1906:4.137	proposed				
urn:cts:greekLit:tlg0656.tlg001.berendes1902:4.139	edition_of	urn:cts:greekLit:tlg0656.tlg001.wellmann1906:4.138	proposed				
urn:cts:greekLit:tlg0656.tlg001.berendes1902:4.140	edition_of	urn:cts:greekLit:tlg0656.tlg001.wellmann1906:4.139	proposed				
urn:cts:greekLit:tlg0656.tlg001.berendes1902:4.141	edition_of	urn:cts:greekLit:tlg0656.tlg001.wellmann1906:4.140	proposed				
urn:cts:greekLit:tlg0656.tlg001.berendes1902:4.142	edition_of	urn:cts:greekLit:tlg0656.tlg001.wellmann1906:4.142	proposed				
urn:cts:greekLit:tlg0656.tlg001.berendes1902:4.143	edition_of	urn:cts:greekLit:tlg0656.tlg001.wellmann1906:4.143	proposed				
urn:cts:greekLit:tlg0656.tlg001.berendes1902:4.144	edition_of	urn:cts:greekLit:tlg0656.tlg001.wellmann1906:4.144	proposed				
urn:cts:greekLit:tlg0656.tlg001.berendes1902:4.145	edition_of	urn:cts:greekLit:tlg0656.tlg001.wellmann1906:4.145	proposed				
urn:cts:greekLit:tlg0656.tlg001.berendes1902:4.146	edition_of	urn:cts:greekLit:tlg0656.tlg001.wellmann1906:4.146	proposed				
urn:cts:greekLit:tlg0656.tlg001.berendes1902:4.147@DieChamaidaphne[1]-sieLeibschneiden[1]	edition_of	urn:cts:greekLit:tlg0656.tlg001.wellmann1906:4.147	proposed			DieChamaidaphne Einige nennen	
urn:cts:greekLit:tlg0656.tlg001.berendes1902:4.147@Der[1]-dasselbe[1]	edition_of	urn:cts:greekLit:tlg0656.tlg001.wellmann1906:4.147a	proposed			Der Saft mit	
urn:cts:greekLit:tlg0656.tlg001.berendes1902:4.148	edition_of	urn:cts:greekLit:tlg0656.tlg001.wellmann1906:4.148	proposed				
urn:cts:greekLit:tlg0656.tlg001.berendes1902:4.149	edition_of	urn:cts:greekLit:tlg0656.tlg001.wellmann1906:4.162	proposed				
urn:cts:greekLit:tlg0656.tlg001.berendes1902:4.150	edition_of	urn:cts:greekLit:tlg0656.tlg001.wellmann1906:4.149	proposed				
urn:cts:greekLit:tlg0656.tlg001.berendes1902:4.151	edition_of	urn:cts:greekLit:tlg0656.tlg001.wellmann1906:4.163	proposed				
urn:cts:greekLit:tlg0656.tlg001.berendes1902:4.152	edition_of	urn:cts:greekLit:tlg0656.tlg001.wellmann1906:4.150	proposed				
urn:cts:greekLit:tlg0656.tlg001.berendes1902:4.153	edition_of	urn:cts:greekLit:tlg0656.tlg001.wellmann1906:4.152	proposed				
urn:cts:greekLit:tlg0656.tlg001.berendes1902:4.154	edition_of	urn:cts:greekLit:tlg0656.tlg001.wellmann1906:4.153	proposed				
urn:cts:greekLit:tlg0656.tlg001.berendes1902:4.155	edition_of	urn:cts:greekLit:tlg0656.tlg001.wellmann1906:4.154	proposed				
urn:cts:greekLit:tlg0656.tlg001.berendes1902:4.156	edition_of	urn:cts:greekLit:tlg0656.tlg001.wellmann1906:4.155	proposed				
urn:cts:greekLit:tlg0656.tlg001.berendes1902:4.157	edition_of	urn:cts:greekLit:tlg0656.tlg001.wellmann1906:4.157	proposed				
urn:cts:greekLit:tlg0656.tlg001.berendes1902:4.158	edition_of	urn:cts:greekLit:tlg0656.tlg001.wellmann1906:4.158	proposed				
urn:cts:greekLit:tlg0656.tlg001.berendes1902:4.159	edition_of	urn:cts:greekLit:tlg0656.tlg001.wellmann1906:4.159	proposed				
urn:cts:greekLit:tlg0656.tlg001.berendes1902:4.160	edition_of	urn:cts:greekLit:tlg0656.tlg001.wellmann1906:4.160	proposed				
urn:cts:greekLit:tlg0656.tlg001.berendes1902:4.161	edition_of	urn:cts:greekLit:tlg0656.tlg001.wellmann1906:4.161	proposed				
urn:cts:greekLit:tlg0656.tlg001.berendes1902:4.162	edition_of	urn:cts:greekLit:tlg0656.tlg001.wellmann1906:4.164	proposed				
urn:cts:greekLit:tlg0656.tlg001.berendes1902:4.163	edition_of	urn:cts:greekLit:tlg0656.tlg001.wellmann1906:4.165	proposed				
urn:cts:greekLit:tlg0656.tlg001.berendes1902:4.164	edition_of	urn:cts:greekLit:tlg0656.tlg001.wellmann1906:4.166	proposed				
urn:cts:greekLit:tlg0656.tlg001.berendes1902:4.165	edition_of	urn:cts:greekLit:tlg0656.tlg001.wellmann1906:4.167	proposed				
urn:cts:greekLit:tlg0656.tlg001.berendes1902:4.166	edition_of	urn:cts:greekLit:tlg0656.tlg001.wellmann1906:4.168	proposed				
urn:cts:greekLit:tlg0656.tlg001.berendes1902:4.167	edition_of	urn:cts:greekLit:tlg0656.tlg001.wellmann1906:4.169	proposed				
urn:cts:greekLit:tlg0656.tlg001.berendes1902:4.168	edition_of	urn:cts:greekLit:tlg0656.tlg001.wellmann1906:4.170	proposed				
urn:cts:greekLit:tlg0656.tlg001.berendes1902:4.169	edition_of	urn:cts:greekLit:tlg0656.tlg001.wellmann1906:4.171	proposed				
urn:cts:greekLit:tlg0656.tlg001.berendes1902:4.170	edition_of	urn:cts:greekLit:tlg0656.tlg001.wellmann1906:4.172	proposed				
urn:cts:greekLit:tlg0656.tlg001.berendes1902:4.171	edition_of	urn:cts:greekLit:tlg0656.tlg001.wellmann1906:4.173.1	proposed	0	54		
urn:cts:greekLit:tlg0656.tlg001.berendes1902:4.172	edition_of	urn:cts:greekLit:tlg0656.tlg001.wellmann1906:4.173.2-4.173.3	proposed	54	222		
urn:cts:greekLit:tlg0656.tlg001.berendes1902:4.173	edition_of	urn:cts:greekLit:tlg0656.tlg001.wellmann1906:4.174	proposed				
urn:cts:greekLit:tlg0656.tlg001.berendes1902:4.174	edition_of	urn:cts:greekLit:tlg0656.tlg001.wellmann1906:4.175	proposed				
urn:cts:greekLit:tlg0656.tlg001.berendes1902:4.175	edition_of	urn:cts:greekLit:tlg0656.tlg001.wellmann1906:4.176	proposed				
urn:cts:greekLit:tlg0656.tlg001.berendes1902:4.176	edition_of	urn:cts:greekLit:tlg0656.tlg001.wellmann1906:4.177	proposed				
urn:cts:greekLit:tlg0656.tlg001.berendes1902:4.177	edition_of	urn:cts:greekLit:tlg0656.tlg001.wellmann1906:4.178	proposed				
urn:cts:greekLit:tlg0656.tlg001.berendes1902:4.178	edition_of	urn:cts:greekLit:tlg0656.tlg001.wellmann1906:4.179	proposed				
urn:cts:greekLit:tlg0656.tlg001.berendes1902:4.179	edition_of	urn:cts:greekLit:tlg0656.tlg001.wellmann1906:4.180	proposed				
urn:cts:greekLit:tlg0656.tlg001.berendes1902:4.180	edition_of	urn:cts:greekLit:tlg0656.tlg001.wellmann1906:4.181	proposed				
urn:cts:greekLit:tlg0656.tlg001.berendes1902:4.181	edition_of	urn:cts:greekLit:tlg0656.tlg001.wellmann1906:4.182	proposed				
urn:cts:greekLit:tlg0656.tlg001.berendes1902:4.182	edition_of	urn:cts:greekLit:tlg0656.tlg001.wellmann1906:4.183	proposed				
urn:cts:greekLit:tlg0656.tlg001.berendes1902:4.183	edition_of	urn:cts:greekLit:tlg0656.tlg001.wellmann1906:4.184	proposed				
urn:cts:greekLit:tlg0656.tlg001.berendes1902:4.184	edition_of	urn:cts:greekLit:tlg0656.tlg001.wellmann1906:4.185	proposed				
urn:cts:greekLit:tlg0656.tlg001.berendes1902:4.185	edition_of	urn:cts:greekLit:tlg0656.tlg001.wellmann1906:4.186	proposed				
urn:cts:greekLit:tlg0656.tlg001.berendes1902:4.186	edition_of	urn:cts:greekLit:tlg0656.tlg001.wellmann1906:4.187	proposed				
urn:cts:greekLit:tlg0656.tlg001.berendes1902:4.187	edition_of	urn:cts:greekLit:tlg0656.tlg001.wellmann1906:4.188	proposed				
urn:cts:greekLit:tlg0656.tlg001.berendes1902:4.188	edition_of	urn:cts:greekLit:tlg0656.tlg001.wellmann1906:4.189	proposed				
urn:cts:greekLit:tlg0656.tlg001.berendes1902:4.189	edition_of	urn:cts:greekLit:tlg0656.tlg001.wellmann1906:4.190RVRV	proposed				
urn:cts:greekLit:tlg0656.tlg001.berendes1902:4.190	edition_of	urn:cts:greekLit:tlg0656.tlg001.wellmann1906:4.190	proposed				
urn:cts:greekLit:tlg0656.tlg001.berendes1902:4.191	edition_of	urn:cts:greekLit:tlg0656.tlg001.wellmann1906:4.191	proposed				
urn:cts:greekLit:tlg0656.tlg001.berendes1902:4.192	edition_of	urn:cts:greekLit:tlg0656.tlg001.wellmann1906:4.192	proposed				
urn:cts:greekLit:tlg0656.tlg001.berendes1902:5.praef	edition_of	urn:cts:greekLit:tlg0656.tlg001.wellmann1906:5.arg	proposed				
urn:cts:greekLit:tlg0656.tlg001.berendes1902:5.1	edition_of	urn:cts:greekLit:tlg0656.tlg001.wellmann1906:5.1	proposed				
urn:cts:greekLit:tlg0656.tlg001.berendes1902:5.2	edition_of	urn:cts:greekLit:tlg0656.tlg001.wellmann1906:5.2	proposed				
urn:cts:greekLit:tlg0656.tlg001.berendes1902:5.3	edition_of	urn:cts:greekLit:tlg0656.tlg001.wellmann1906:5.3.1-5.3.2	proposed	0	157		
urn:cts:greekLit:tlg0656.tlg001.berendes1902:5.4	edition_of	urn:cts:greekLit:tlg0656.tlg001.wellmann1906:5.3.3	proposed	157	252		
urn:cts:greekLit:tlg0656.tlg001.berendes1902:5.5	edition_of	urn:cts:greekLit:tlg0656.tlg001.wellmann1906:5.4	proposed				
urn:cts:greekLit:tlg0656.tlg001.berendes1902:5.6	edition_of	urn:cts:greekLit:tlg0656.tlg001.wellmann1906:5.5	proposed				
urn:cts:greekLit:tlg0656.tlg001.berendes1902:5.7	edition_of	urn:cts:greekLit:tlg0656.tlg001.wellmann1906:5.6.1	proposed	0	61		
urn:cts:greekLit:tlg0656.tlg001.berendes1902:5.8	edition_of	urn:cts:greekLit:tlg0656.tlg001.wellmann1906:5.6.2@ἔτι[1]-μὲν[2]	proposed	61	112		ἔτι ὁ μὲν
urn:cts:greekLit:tlg0656.tlg001.berendes1902:5.9	edition_of	urn:cts:greekLit:tlg0656.tlg001.wellmann1906:5.6@γὰρ[1]-κακοστόμαχοι[2]	proposed	112	354		γὰρ γλυκὺς οἶνος
urn:cts:greekLit:tlg0656.tlg001.berendes1902:5.10	edition_of	urn:cts:greekLit:tlg0656.tlg001.wellmann1906:5.6.6-5.6.9	proposed	354	593		
urn:cts:greekLit:tlg0656.tlg001.berendes1902:5.11	edition_of	urn:cts:greekLit:tlg0656.tlg001.wellmann1906:5.6.10-5.6.13	proposed	593	915		
urn:cts:greekLit:tlg0656.tlg001.berendes1902:5.12	edition_of	urn:cts:greekLit:tlg0656.tlg001.wellmann1906:5.6@ὀμφακίτης[1]-δευτερίας[1]	proposed	915	992		ὀμφακίτης ὁ δὲ
urn:cts:greekLit:tlg0656.tlg001.berendes1902:5.13	edition_of	urn:cts:greekLit:tlg0656.tlg001.wellmann1906:5.6@ὁ[40]-δὲ[76]	proposed	992	1140		ὁ δὲ καλούμενος
urn:cts:greekLit:tlg0656.tlg001.berendes1902:5.14	edition_of	urn:cts:greekLit:tlg0656.tlg001.wellmann1906:5.6.17@ἐκ[1]-χρῄζει[1]	proposed	1140	1161		ἐκ τῆς ἀγρίας
urn:cts:greekLit:tlg0656.tlg001.berendes1902:5.15	edition_of	urn:cts:greekLit:tlg0656.tlg001.wellmann1906:5.7	proposed				
urn:cts:greekLit:tlg0656.tlg001.berendes1902:5.16	edition_of	urn:cts:greekLit:tlg0656.tlg001.wellmann1906:5.8	proposed				
urn:cts:greekLit:tlg0656.tlg001.berendes1902:5.17	edition_of	urn:cts:greekLit:tlg0656.tlg001.wellmann1906:5.9	proposed				
urn:cts:greekLit:tlg0656.tlg001.berendes1902:5.18	edition_of	urn:cts:greekLit:tlg0656.tlg001.wellmann1906:5.10	proposed				
urn:cts:greekLit:tlg0656.tlg001.berendes1902:5.19	edition_of	urn:cts:greekLit:tlg0656.tlg001.wellmann1906:5.11	proposed				
urn:cts:greekLit:tlg0656.tlg001.berendes1902:5.20	edition_of	urn:cts:greekLit:tlg0656.tlg001.wellmann1906:5.12	proposed				
urn:cts:greekLit:tlg0656.tlg001.berendes1902:5.21	edition_of	urn:cts:greekLit:tlg0656.tlg001.wellmann1906:5.13	proposed				
urn:cts:greekLit:tlg0656.tlg001.berendes1902:5.22	edition_of	urn:cts:greekLit:tlg0656.tlg001.wellmann1906:5.14	proposed				
urn:cts:greekLit:tlg0656.tlg001.berendes1902:5.23	edition_of	urn:cts:greekLit:tlg0656.tlg001.wellmann1906:5.15	proposed				
urn:cts:greekLit:tlg0656.tlg001.berendes1902:5.24	edition_of	urn:cts:greekLit:tlg0656.tlg001.wellmann1906:5.16	proposed				
urn:cts:greekLit:tlg0656.tlg001.berendes1902:5.25	edition_of	urn:cts:greekLit:tlg0656.tlg001.wellmann1906:5.17	proposed				
urn:cts:greekLit:tlg0656.tlg001.berendes1902:5.26	edition_of	urn:cts:greekLit:tlg0656.tlg001.wellmann1906:5.18	proposed				
urn:cts:greekLit:tlg0656.tlg001.berendes1902:5.27	edition_of	urn:cts:greekLit:tlg0656.tlg001.wellmann1906:5.19.1-5.19.2	proposed	0	86		
urn:cts:greekLit:tlg0656.tlg001.berendes1902:5.28@Wir[1]-Wein[1]	edition_of	urn:cts:greekLit:tlg0656.tlg001.wellmann1906:5.19.3	proposed	86	145	Wir glauben dass	
urn:cts:greekLit:tlg0656.tlg001.berendes1902:5.28@DerQuittenwein[1]-gegenHarnverhaltung[1]	edition_of	urn:cts:greekLit:tlg0656.tlg001.wellmann1906:5.20	proposed			DerQuittenwein z B	
urn:cts:greekLit:tlg0656.tlg001.berendes1902:5.29	edition_of	urn:cts:greekLit:tlg0656.tlg001.wellmann1906:5.21	proposed				
urn:cts:greekLit:tlg0656.tlg001.berendes1902:5.30	edition_of	urn:cts:greekLit:tlg0656.tlg001.wellmann1906:5.22	proposed				
urn:cts:greekLit:tlg0656.tlg001.berendes1902:5.31	edition_of	urn:cts:greekLit:tlg0656.tlg001.wellmann1906:5.23	proposed				
urn:cts:greekLit:tlg0656.tlg001.berendes1902:5.32	edition_of	urn:cts:greekLit:tlg0656.tlg001.wellmann1906:5.24	proposed				
urn:cts:greekLit:tlg0656.tlg001.berendes1902:5.33	edition_of	urn:cts:greekLit:tlg0656.tlg001.wellmann1906:5.25	proposed				
urn:cts:greekLit:tlg0656.tlg001.berendes1902:5.34	edition_of	urn:cts:greekLit:tlg0656.tlg001.wellmann1906:5.26	proposed				
urn:cts:greekLit:tlg0656.tlg001.berendes1902:5.35	edition_of	urn:cts:greekLit:tlg0656.tlg001.wellmann1906:5.27	proposed				
urn:cts:greekLit:tlg0656.tlg001.berendes1902:5.36	edition_of	urn:cts:greekLit:tlg0656.tlg001.wellmann1906:5.28	proposed				
urn:cts:greekLit:tlg0656.tlg001.berendes1902:5.37	edition_of	urn:cts:greekLit:tlg0656.tlg001.wellmann1906:5.29@μυρσινίης[1]-ἱδρῶτας[1]	proposed	0	58		μυρσινίης δὲ σκευάζεται
urn:cts:greekLit:tlg0656.tlg001.berendes1902:5.38	edition_of	urn:cts:greekLit:tlg0656.tlg001.wellmann1906:5.30@καὶ[1]-σκευάζεται[1]	proposed	0	8		καὶ ὁ σχίνινος
urn:cts:greekLit:tlg0656.tlg001.berendes1902:5.39	edition_of	urn:cts:greekLit:tlg0656.tlg001.wellmann1906:5.30@καὶ[2]-ἐγκαθιζόμενοι[1]	proposed	8	51		καὶ ὁ τερμίνθινος
urn:cts:greekLit:tlg0656.tlg001.berendes1902:5.40	edition_of	urn:cts:greekLit:tlg0656.tlg001.wellmann1906:5.31	proposed				
urn:cts:greekLit:tlg0656.tlg001.berendes1902:5.41	edition_of	urn:cts:greekLit:tlg0656.tlg001.wellmann1906:5.32	proposed				
urn:cts:greekLit:tlg0656.tlg001.berendes1902:5.42	edition_of	urn:cts:greekLit:tlg0656.tlg001.wellmann1906:5.33	proposed				
urn:cts:greekLit:tlg0656.tlg001.berendes1902:5.43	edition_of	urn:cts:greekLit:tlg0656.tlg001.wellmann1906:5.34	proposed				
urn:cts:greekLit:tlg0656.tlg001.berendes1902:5.44	edition_of	urn:cts:greekLit:tlg0656.tlg001.wellmann1906:5.35	proposed				
urn:cts:greekLit:tlg0656.tlg001.berendes1902:5.45	edition_of	urn:cts:greekLit:tlg0656.tlg001.wellmann1906:5.36@36[1]-μεταγγίζειν[2]	proposed	0	117		36 ὁ δὲ
urn:cts:greekLit:tlg0656.tlg001.berendes1902:5.46	edition_of	urn:cts:greekLit:tlg0656.tlg001.wellmann1906:5.36.2@γίνεται[2]-ποιῶν[1]	proposed	117	131		γίνεται καὶ ὁ
urn:cts:greekLit:tlg0656.tlg001.berendes1902:5.47	edition_of	urn:cts:greekLit:tlg0656.tlg001.wellmann1906:5.37	proposed				
urn:cts:greekLit:tlg0656.tlg001.berendes1902:5.48	edition_of	urn:cts:greekLit:tlg0656.tlg001.wellmann1906:5.38	proposed				
urn:cts:greekLit:tlg0656.tlg001.berendes1902:5.49	edition_of	urn:cts:greekLit:tlg0656.tlg001.wellmann1906:5.39	proposed				
urn:cts:greekLit:tlg0656.tlg001.berendes1902:5.50	edition_of	urn:cts:greekLit:tlg0656.tlg001.wellmann1906:5.40	proposed				
urn:cts:greekLit:tlg0656.tlg001.berendes1902:5.51	edition_of	urn:cts:greekLit:tlg0656.tlg001.wellmann1906:5.41	proposed				
urn:cts:greekLit:tlg0656.tlg001.berendes1902:5.52	edition_of	urn:cts:greekLit:tlg0656.tlg001.wellmann1906:5.42	proposed				
urn:cts:greekLit:tlg0656.tlg001.berendes1902:5.53	edition_of	urn:cts:greekLit:tlg0656.tlg001.wellmann1906:5.43	proposed				
urn:cts:greekLit:tlg0656.tlg001.berendes1902:5.54	edition_of	urn:cts:greekLit:tlg0656.tlg001.wellmann1906:5.44	proposed				
urn:cts:greekLit:tlg0656.tlg001.berendes1902:5.55	edition_of	urn:cts:greekLit:tlg0656.tlg001.wellmann1906:5.45	proposed				
urn:cts:greekLit:tlg0656.tlg001.berendes1902:5.56	edition_of	urn:cts:greekLit:tlg0656.tlg001.wellmann1906:5.46	proposed				
urn:cts:greekLit:tlg0656.tlg001.berendes1902:5.57	edition_of	urn:cts:greekLit:tlg0656.tlg001.wellmann1906:5.47	proposed				
urn:cts:greekLit:tlg0656.tlg001.berendes1902:5.58	edition_of	urn:cts:greekLit:tlg0656.tlg001.wellmann1906:5.48	proposed				
urn:cts:greekLit:tlg0656.tlg001.berendes1902:5.59	edition_of	urn:cts:greekLit:tlg0656.tlg001.wellmann1906:5.49	proposed				
urn:cts:greekLit:tlg0656.tlg001.berendes1902:5.60	edition_of	urn:cts:greekLit:tlg0656.tlg001.wellmann1906:5.50	proposed				
urn:cts:greekLit:tlg0656.tlg001.berendes1902:5.61	edition_of	urn:cts:greekLit:tlg0656.tlg001.wellmann1906:5.51	proposed				
urn:cts:greekLit:tlg0656.tlg001.berendes1902:5.62	edition_of	urn:cts:greekLit:tlg0656.tlg001.wellmann1906:5.52	proposed				
urn:cts:greekLit:tlg0656.tlg001.berendes1902:5.63	edition_of	urn:cts:greekLit:tlg0656.tlg001.wellmann1906:5.53	proposed				
urn:cts:greekLit:tlg0656.tlg001.berendes1902:5.64	edition_of	urn:cts:greekLit:tlg0656.tlg001.wellmann1906:5.54	proposed				
urn:cts:greekLit:tlg0656.tlg001.berendes1902:5.65	edition_of	urn:cts:greekLit:tlg0656.tlg001.wellmann1906:5.55	proposed				
urn:cts:greekLit:tlg0656.tlg001.berendes1902:5.66	edition_of	urn:cts:greekLit:tlg0656.tlg001.wellmann1906:5.56	proposed				
urn:cts:greekLit:tlg0656.tlg001.berendes1902:5.67	edition_of	urn:cts:greekLit:tlg0656.tlg001.wellmann1906:5.57	proposed				
urn:cts:greekLit:tlg0656.tlg001.berendes1902:5.68	edition_of	urn:cts:greekLit:tlg0656.tlg001.wellmann1906:5.58	proposed				
urn:cts:greekLit:tlg0656.tlg001.berendes1902:5.69	edition_of	urn:cts:greekLit:tlg0656.tlg001.wellmann1906:5.59	proposed				
urn:cts:greekLit:tlg0656.tlg001.berendes1902:5.70	edition_of	urn:cts:greekLit:tlg0656.tlg001.wellmann1906:5.60	proposed				
urn:cts:greekLit:tlg0656.tlg001.berendes1902:5.71	edition_of	urn:cts:greekLit:tlg0656.tlg001.wellmann1906:5.61	proposed				
urn:cts:greekLit:tlg0656.tlg001.berendes1902:5.72	edition_of	urn:cts:greekLit:tlg0656.tlg001.wellmann1906:5.62	proposed				
urn:cts:greekLit:tlg0656.tlg001.berendes1902:5.73	edition_of	urn:cts:greekLit:tlg0656.tlg001.wellmann1906:5.63	proposed				
urn:cts:greekLit:tlg0656.tlg001.berendes1902:5.74	edition_of	urn:cts:greekLit:tlg0656.tlg001.wellmann1906:5.64	proposed				
urn:cts:greekLit:tlg0656.tlg001.berendes1902:5.75	edition_of	urn:cts:greekLit:tlg0656.tlg001.wellmann1906:5.65	proposed				
urn:cts:greekLit:tlg0656.tlg001.berendes1902:5.76	edition_of	urn:cts:greekLit:tlg0656.tlg001.wellmann1906:5.66	proposed				
urn:cts:greekLit:tlg0656.tlg001.berendes1902:5.77	edition_of	urn:cts:greekLit:tlg0656.tlg001.wellmann1906:5.67	proposed				
urn:cts:greekLit:tlg0656.tlg001.berendes1902:5.78	edition_of	urn:cts:greekLit:tlg0656.tlg001.wellmann1906:5.68	proposed				
urn:cts:greekLit:tlg0656.tlg001.berendes1902:5.79	edition_of	urn:cts:greekLit:tlg0656.tlg001.wellmann1906:5.69	proposed				
urn:cts:greekLit:tlg0656.tlg001.berendes1902:5.80	edition_of	urn:cts:greekLit:tlg0656.tlg001.wellmann1906:5.70	proposed				
urn:cts:greekLit:tlg0656.tlg001.berendes1902:5.81	edition_of	urn:cts:greekLit:tlg0656.tlg001.wellmann1906:5.71	proposed				
urn:cts:greekLit:tlg0656.tlg001.berendes1902:5.82	edition_of	urn:cts:greekLit:tlg0656.tlg001.wellmann1906:5.72	proposed				
urn:cts:greekLit:tlg0656.tlg001.berendes1902:5.83	edition_of	urn:cts:greekLit:tlg0656.tlg001.wellmann1906:5.73	proposed				
urn:cts:greekLit:tlg0656.tlg001.berendes1902:5.84	edition_of	urn:cts:greekLit:tlg0656.tlg001.wellmann1906:5.74	proposed				
urn:cts:greekLit:tlg0656.tlg001.berendes1902:5.85	edition_of	urn:cts:greekLit:tlg0656.tlg001.wellmann1906:5.75@75[1]-ἀρίστη[1]	proposed	0	748		75 πομφόλυξ σποδίου
urn:cts:greekLit:tlg0656.tlg001.berendes1902:5.86	edition_of	urn:cts:greekLit:tlg0656.tlg001.wellmann1906:5.75@ἐπειδὴ[1]-καίουσιν[1]	proposed	748	903		ἐπειδὴ δὲ καὶ
urn:cts:greekLit:tlg0656.tlg001.berendes1902:5.87	edition_of	urn:cts:greekLit:tlg0656.tlg001.wellmann1906:5.76	proposed				
urn:cts:greekLit:tlg0656.tlg001.berendes1902:5.88	edition_of	urn:cts:greekLit:tlg0656.tlg001.wellmann1906:5.77	proposed				
urn:cts:greekLit:tlg0656.tlg001.berendes1902:5.89	edition_of	urn:cts:greekLit:tlg0656.tlg001.wellmann1906:5.78@78[1]-ἀποτίθενται[1]	proposed	0	223		78 λεπὶς δὲ
urn:cts:greekLit:tlg0656.tlg001.berendes1902:5.90	edition_of	urn:cts:greekLit:tlg0656.tlg001.wellmann1906:5.78.5@λεπίδος[1]-χαλκοῦ[2]	proposed	223	249		λεπίδος δὲ στομώματος
urn:cts:greekLit:tlg0656.tlg001.berendes1902:5.91	edition_of	urn:cts:greekLit:tlg0656.tlg001.wellmann1906:5.79.1-5.79.5	proposed	0	299		
urn:cts:greekLit:tlg0656.tlg001.berendes1902:5.92	edition_of	urn:cts:greekLit:tlg0656.tlg001.wellmann1906:5.79.6-5.79.11	proposed	299	633		
urn:cts:greekLit:tlg0656.tlg001.berendes1902:5.93	edition_of	urn:cts:greekLit:tlg0656.tlg001.wellmann1906:5.80@80[1]-ἀναλελυμένῳ[1]	proposed	0	60		80 ἰὸς δὲ
urn:cts:greekLit:tlg0656.tlg001.berendes1902:5.94	edition_of	urn:cts:greekLit:tlg0656.tlg001.wellmann1906:5.80.2@ἡ[1]-ὀξυμέλιτος[1]	proposed	60	81		ἡ δὲ σκωρία
urn:cts:greekLit:tlg0656.tlg001.berendes1902:5.95	edition_of	urn:cts:greekLit:tlg0656.tlg001.wellmann1906:5.81.1-5.81.3	proposed	0	185		
urn:cts:greekLit:tlg0656.tlg001.berendes1902:5.96	edition_of	urn:cts:greekLit:tlg0656.tlg001.wellmann1906:5.81.4-5.81.6	proposed	185	346		
urn:cts:greekLit:tlg0656.tlg001.berendes1902:5.97	edition_of	urn:cts:greekLit:tlg0656.tlg001.wellmann1906:5.82	proposed				
urn:cts:greekLit:tlg0656.tlg001.berendes1902:5.98	edition_of	urn:cts:greekLit:tlg0656.tlg001.wellmann1906:5.83	proposed				
urn:cts:greekLit:tlg0656.tlg001.berendes1902:5.99	edition_of	urn:cts:greekLit:tlg0656.tlg001.wellmann1906:5.84	proposed				
urn:cts:greekLit:tlg0656.tlg001.berendes1902:5.100	edition_of	urn:cts:greekLit:tlg0656.tlg001.wellmann1906:5.85	proposed				
urn:cts:greekLit:tlg0656.tlg001.berendes1902:5.101	edition_of	urn:cts:greekLit:tlg0656.tlg001.wellmann1906:5.86	proposed				
urn:cts:greekLit:tlg0656.tlg001.berendes1902:5.102	edition_of	urn:cts:greekLit:tlg0656.tlg001.wellmann1906:5.87	proposed				
urn:cts:greekLit:tlg0656.tlg001.berendes1902:5.103	edition_of	urn:cts:greekLit:tlg0656.tlg001.wellmann1906:5.88	proposed				
urn:cts:greekLit:tlg0656.tlg001.berendes1902:5.104	edition_of	urn:cts:greekLit:tlg0656.tlg001.wellmann1906:5.89	proposed				
urn:cts:greekLit:tlg0656.tlg001.berendes1902:5.105	edition_of	urn:cts:greekLit:tlg0656.tlg001.wellmann1906:5.90	proposed				
urn:cts:greekLit:tlg0656.tlg001.berendes1902:5.106	edition_of	urn:cts:greekLit:tlg0656.tlg001.wellmann1906:5.91	proposed				
urn:cts:greekLit:tlg0656.tlg001.berendes1902:5.107	edition_of	urn:cts:greekLit:tlg0656.tlg001.wellmann1906:5.92	proposed				
urn:cts:greekLit:tlg0656.tlg001.berendes1902:5.108	edition_of	urn:cts:greekLit:tlg0656.tlg001.wellmann1906:5.93	proposed				
urn:cts:greekLit:tlg0656.tlg001.berendes1902:5.109	edition_of	urn:cts:greekLit:tlg0656.tlg001.wellmann1906:5.94	proposed				
urn:cts:greekLit:tlg0656.tlg001.berendes1902:5.110	edition_of	urn:cts:greekLit:tlg0656.tlg001.wellmann1906:5.95	proposed				
urn:cts:greekLit:tlg0656.tlg001.berendes1902:5.111	edition_of	urn:cts:greekLit:tlg0656.tlg001.wellmann1906:5.96.1-5.96.2	proposed	0	63		
urn:cts:greekLit:tlg0656.tlg001.berendes1902:5.112	edition_of	urn:cts:greekLit:tlg0656.tlg001.wellmann1906:5.96.3	proposed	63	95		
urn:cts:greekLit:tlg0656.tlg001.berendes1902:5.113	edition_of	urn:cts:greekLit:tlg0656.tlg001.wellmann1906:5.97	proposed				
urn:cts:greekLit:tlg0656.tlg001.berendes1902:5.114	edition_of	urn:cts:greekLit:tlg0656.tlg001.wellmann1906:5.98	proposed				
urn:cts:greekLit:tlg0656.tlg001.berendes1902:5.115	edition_of	urn:cts:greekLit:tlg0656.tlg001.wellmann1906:5.99.1-5.99.2	proposed	0	85		
urn:cts:greekLit:tlg0656.tlg001.berendes1902:5.115bis	edition_of	urn:cts:greekLit:tlg0656.tlg001.wellmann1906:5.99.3-5.99.4	proposed	85	212		
urn:cts:greekLit:tlg0656.tlg001.berendes1902:5.116	edition_of	urn:cts:greekLit:tlg0656.tlg001.wellmann1906:5.100	proposed				
urn:cts:greekLit:tlg0656.tlg001.berendes1902:5.117	edition_of	urn:cts:greekLit:tlg0656.tlg001.wellmann1906:5.101	proposed				
urn:cts:greekLit:tlg0656.tlg001.berendes1902:5.118	edition_of	urn:cts:greekLit:tlg0656.tlg001.wellmann1906:5.102	proposed				
urn:cts:greekLit:tlg0656.tlg001.berendes1902:5.119	edition_of	urn:cts:greekLit:tlg0656.tlg001.wellmann1906:5.103	proposed				
urn:cts:greekLit:tlg0656.tlg001.berendes1902:5.120	edition_of	urn:cts:greekLit:tlg0656.tlg001.wellmann1906:5.104	proposed				
urn:cts:greekLit:tlg0656.tlg001.berendes1902:5.121	edition_of	urn:cts:greekLit:tlg0656.tlg001.wellmann1906:5.105	proposed				
urn:cts:greekLit:tlg0656.tlg001.berendes1902:5.122	edition_of	urn:cts:greekLit:tlg0656.tlg001.wellmann1906:5.106	proposed				
urn:cts:greekLit:tlg0656.tlg001.berendes1902:5.123	edition_of	urn:cts:greekLit:tlg0656.tlg001.wellmann1906:5.107	proposed				
urn:cts:greekLit:tlg0656.tlg001.berendes1902:5.124	edition_of	urn:cts:greekLit:tlg0656.tlg001.wellmann1906:5.108	proposed				
urn:cts:greekLit:tlg0656.tlg001.berendes1902:5.125	edition_of	urn:cts:greekLit:tlg0656.tlg001.wellmann1906:5.109	proposed				
urn:cts:greekLit:tlg0656.tlg001.berendes1902:5.126	edition_of	urn:cts:greekLit:tlg0656.tlg001.wellmann1906:5.110	proposed				
urn:cts:greekLit:tlg0656.tlg001.berendes1902:5.127	edition_of	urn:cts:greekLit:tlg0656.tlg001.wellmann1906:5.111	proposed				
urn:cts:greekLit:tlg0656.tlg001.berendes1902:5.128	edition_of	urn:cts:greekLit:tlg0656.tlg001.wellmann1906:5.112	proposed				
urn:cts:greekLit:tlg0656.tlg001.berendes1902:5.129	edition_of	urn:cts:greekLit:tlg0656.tlg001.wellmann1906:5.113.1@113[1]-Βρυγῶν[1]	proposed	0	22		113 νίτρον δὲ
urn:cts:greekLit:tlg0656.tlg001.berendes1902:5.130	edition_of	urn:cts:greekLit:tlg0656.tlg001.wellmann1906:5.113@ἀφρὸς[1]-ἐκπυρωθῇ[1]	proposed	22	221		ἀφρὸς δὲ νίτρου
urn:cts:greekLit:tlg0656.tlg001.berendes1902:5.131	edition_of	urn:cts:greekLit:tlg0656.tlg001.wellmann1906:5.114	proposed				
urn:cts:greekLit:tlg0656.tlg001.berendes1902:5.132	edition_of	urn:cts:greekLit:tlg0656.tlg001.wellmann1906:5.115	proposed				
urn:cts:greekLit:tlg0656.tlg001.berendes1902:5.133	edition_of	urn:cts:greekLit:tlg0656.tlg001.wellmann1906:5.116	proposed				
urn:cts:greekLit:tlg0656.tlg001.berendes1902:5.134	edition_of	urn:cts:greekLit:tlg0656.tlg001.wellmann1906:5.117	proposed				
urn:cts:greekLit:tlg0656.tlg001.berendes1902:5.135	edition_of	urn:cts:greekLit:tlg0656.tlg001.wellmann1906:5.118	proposed				
urn:cts:greekLit:tlg0656.tlg001.berendes1902:5.136	edition_of	urn:cts:greekLit:tlg0656.tlg001.wellmann1906:5.119	proposed				
urn:cts:greekLit:tlg0656.tlg001.berendes1902:5.137	edition_of	urn:cts:greekLit:tlg0656.tlg001.wellmann1906:5.120	proposed				
urn:cts:greekLit:tlg0656.tlg001.berendes1902:5.138	edition_of	urn:cts:greekLit:tlg0656.tlg001.wellmann1906:5.121	proposed				
urn:cts:greekLit:tlg0656.tlg001.berendes1902:5.139	edition_of	urn:cts:greekLit:tlg0656.tlg001.wellmann1906:5.122	proposed				
urn:cts:greekLit:tlg0656.tlg001.berendes1902:5.140	edition_of	urn:cts:greekLit:tlg0656.tlg001.wellmann1906:5.123	proposed				
urn:cts:greekLit:tlg0656.tlg001.berendes1902:5.141	edition_of	urn:cts:greekLit:tlg0656.tlg001.wellmann1906:5.124	proposed				
urn:cts:greekLit:tlg0656.tlg001.berendes1902:5.142	edition_of	urn:cts:greekLit:tlg0656.tlg001.wellmann1906:5.125	proposed				
urn:cts:greekLit:tlg0656.tlg001.berendes1902:5.143	edition_of	urn:cts:greekLit:tlg0656.tlg001.wellmann1906:5.126	proposed				
urn:cts:greekLit:tlg0656.tlg001.berendes1902:5.144	edition_of	urn:cts:greekLit:tlg0656.tlg001.wellmann1906:5.127	proposed				
urn:cts:greekLit:tlg0656.tlg001.berendes1902:5.145	edition_of	urn:cts:greekLit:tlg0656.tlg001.wellmann1906:5.128	proposed				
urn:cts:greekLit:tlg0656.tlg001.berendes1902:5.146	edition_of	urn:cts:greekLit:tlg0656.tlg001.wellmann1906:5.129	proposed				
urn:cts:greekLit:tlg0656.tlg001.berendes1902:5.147	edition_of	urn:cts:greekLit:tlg0656.tlg001.wellmann1906:5.130	proposed				
urn:cts:greekLit:tlg0656.tlg001.berendes1902:5.148	edition_of	urn:cts:greekLit:tlg0656.tlg001.wellmann1906:5.131	proposed				
urn:cts:greekLit:tlg0656.tlg001.berendes1902:5.149	edition_of	urn:cts:greekLit:tlg0656.tlg001.wellmann1906:5.132	proposed				
urn:cts:greekLit:tlg0656.tlg001.berendes1902:5.150	edition_of	urn:cts:greekLit:tlg0656.tlg001.wellmann1906:5.133	proposed				
urn:cts:greekLit:tlg0656.tlg001.berendes1902:5.151	edition_of	urn:cts:greekLit:tlg0656.tlg001.wellmann1906:5.134	proposed				
urn:cts:greekLit:tlg0656.tlg001.berendes1902:5.152	edition_of	urn:cts:greekLit:tlg0656.tlg001.wellmann1906:5.135	proposed				
urn:cts:greekLit:tlg0656.tlg001.berendes1902:5.153	edition_of	urn:cts:greekLit:tlg0656.tlg001.wellmann1906:5.136	proposed				
urn:cts:greekLit:tlg0656.tlg001.berendes1902:5.154	edition_of	urn:cts:greekLit:tlg0656.tlg001.wellmann1906:5.137	proposed				
urn:cts:greekLit:tlg0656.tlg001.berendes1902:5.155	edition_of	urn:cts:greekLit:tlg0656.tlg001.wellmann1906:5.138	proposed				
urn:cts:greekLit:tlg0656.tlg001.berendes1902:5.156	edition_of	urn:cts:greekLit:tlg0656.tlg001.wellmann1906:5.139	proposed				
urn:cts:greekLit:tlg0656.tlg001.berendes1902:5.157	edition_of	urn:cts:greekLit:tlg0656.tlg001.wellmann1906:5.140	proposed				
urn:cts:greekLit:tlg0656.tlg001.berendes1902:5.158	edition_of	urn:cts:greekLit:tlg0656.tlg001.wellmann1906:5.141	proposed				
urn:cts:greekLit:tlg0656.tlg001.berendes1902:5.159	edition_of	urn:cts:greekLit:tlg0656.tlg001.wellmann1906:5.142	proposed				
urn:cts:greekLit:tlg0656.tlg001.berendes1902:5.161	edition_of	urn:cts:greekLit:tlg0656.tlg001.wellmann1906:5.143	proposed				
urn:cts:greekLit:tlg0656.tlg001.berendes1902:5.162	edition_of	urn:cts:greekLit:tlg0656.tlg001.wellmann1906:5.144	proposed				
urn:cts:greekLit:tlg0656.tlg001.berendes1902:5.163	edition_of	urn:cts:greekLit:tlg0656.tlg001.wellmann1906:5.145	proposed				
urn:cts:greekLit:tlg0656.tlg001.berendes1902:5.164	edition_of	urn:cts:greekLit:tlg0656.tlg001.wellmann1906:5.146	proposed				
urn:cts:greekLit:tlg0656.tlg001.berendes1902:5.165	edition_of	urn:cts:greekLit:tlg0656.tlg001.wellmann1906:5.147	proposed				
urn:cts:greekLit:tlg0656.tlg001.berendes1902:5.166	edition_of	urn:cts:greekLit:tlg0656.tlg001.wellmann1906:5.148	proposed				
urn:cts:greekLit:tlg0656.tlg001.berendes1902:5.167	edition_of	urn:cts:greekLit:tlg0656.tlg001.wellmann1906:5.149	proposed				
urn:cts:greekLit:tlg0656.tlg001.berendes1902:5.168	edition_of	urn:cts:greekLit:tlg0656.tlg001.wellmann1906:5.150	proposed				
urn:cts:greekLit:tlg0656.tlg001.berendes1902:5.169	edition_of	urn:cts:greekLit:tlg0656.tlg001.wellmann1906:5.151	proposed				
urn:cts:greekLit:tlg0656.tlg001.berendes1902:5.170	edition_of	urn:cts:greekLit:tlg0656.tlg001.wellmann1906:5.152	proposed				
urn:cts:greekLit:tlg0656.tlg001.berendes1902:5.171	edition_of	urn:cts:greekLit:tlg0656.tlg001.wellmann1906:5.153	proposed				
urn:cts:greekLit:tlg0656.tlg001.berendes1902:5.172	edition_of	urn:cts:greekLit:tlg0656.tlg001.wellmann1906:5.154	proposed				
urn:cts:greekLit:tlg0656.tlg001.berendes1902:5.173	edition_of	urn:cts:greekLit:tlg0656.tlg001.wellmann1906:5.155.1	proposed	0	52		
urn:cts:greekLit:tlg0656.tlg001.berendes1902:5.174	edition_of	urn:cts:greekLit:tlg0656.tlg001.wellmann1906:5.155.2	proposed	52	76		
urn:cts:greekLit:tlg0656.tlg001.berendes1902:5.175	edition_of	urn:cts:greekLit:tlg0656.tlg001.wellmann1906:5.156	proposed				
urn:cts:greekLit:tlg0656.tlg001.berendes1902:5.176	edition_of	urn:cts:greekLit:tlg0656.tlg001.wellmann1906:5.157	proposed				
urn:cts:greekLit:tlg0656.tlg001.berendes1902:5.177	edition_of	urn:cts:greekLit:tlg0656.tlg001.wellmann1906:5.158@ὄστρακα[1]-διαφορεῖ[1]	proposed	0	25		ὄστρακα δὲ τὰ
urn:cts:greekLit:tlg0656.tlg001.berendes1902:5.178	edition_of	urn:cts:greekLit:tlg0656.tlg001.wellmann1906:5.158@καὶ[3]-ὀστράκοις[1]	proposed	25	40		καὶ ἡ ἐκ
urn:cts:greekLit:tlg0656.tlg001.berendes1902:5.179	edition_of	urn:cts:greekLit:tlg0656.tlg001.wellmann1906:5.159	proposed				
urn:cts:greekLit:tlg0656.tlg001.berendes1902:5.180	edition_of	urn:cts:greekLit:tlg0656.tlg001.wellmann1906:5.160	proposed				
urn:cts:greekLit:tlg0656.tlg001.berendes1902:5.181	edition_of	urn:cts:greekLit:tlg0656.tlg001.wellmann1906:5.161	proposed				
urn:cts:greekLit:tlg0656.tlg001.berendes1902:5.182	edition_of	urn:cts:greekLit:tlg0656.tlg001.wellmann1906:5.162	proposed				
urn:cts:greekLit:tlg0656.tlg001.mattioli1554:1.1	edition_of	urn:cts:greekLit:tlg0656.tlg001.wellmann1906:1.1	proposed				
urn:cts:greekLit:tlg0656.tlg001.mattioli1554:1.2	edition_of	urn:cts:greekLit:tlg0656.tlg001.wellmann1906:1.2	proposed				
urn:cts:greekLit:tlg0656.tlg001.mattioli1554:1.3	edition_of	urn:cts:greekLit:tlg0656.tlg001.wellmann1906:1.3	proposed				
urn:cts:greekLit:tlg0656.tlg001.mattioli1554:1.4.translation@CYPERVS[1]-adijcisolet[1]	edition_of	urn:cts:greekLit:tlg0656.tlg001.wellmann1906:1.4	proposed			CYPERVS quem aliqui	
urn:cts:greekLit:tlg0656.tlg001.mattioli1554:1.4.translation@Aliud[1]-exhibet[1]	edition_of	urn:cts:greekLit:tlg0656.tlg001.wellmann1906:1.5	proposed			Aliud Cyperi genus	
urn:cts:greekLit:tlg0656.tlg001.mattioli1554:1.5	edition_of	urn:cts:greekLit:tlg0656.tlg001.wellmann1906:1.6	proposed				
urn:cts:greekLit:tlg0656.tlg001.mattioli1554:1.6	edition_of	urn:cts:greekLit:tlg0656.tlg001.wellmann1906:1.7	proposed				
urn:cts:greekLit:tlg0656.tlg001.mattioli1554:1.7	edition_of	urn:cts:greekLit:tlg0656.tlg001.wellmann1906:1.8	proposed				
urn:cts:greekLit:tlg0656.tlg001.mattioli1554:1.8	edition_of	urn:cts:greekLit:tlg0656.tlg001.wellmann1906:1.9	proposed				
urn:cts:greekLit:tlg0656.tlg001.mattioli1554:1.9	edition_of	urn:cts:greekLit:tlg0656.tlg001.wellmann1906:1.10	proposed				
urn:cts:greekLit:tlg0656.tlg001.mattioli1554:1.10	edition_of	urn:cts:greekLit:tlg0656.tlg001.wellmann1906:1.11	proposed				
urn:cts:greekLit:tlg0656.tlg001.mattioli1554:1.11	edition_of	urn:cts:greekLit:tlg0656.tlg001.wellmann1906:1.12	proposed				
urn:cts:greekLit:tlg0656.tlg001.mattioli1554:1.12	edition_of	urn:cts:greekLit:tlg0656.tlg001.wellmann1906:1.13	proposed				
urn:cts:greekLit:tlg0656.tlg001.mattioli1554:1.13	edition_of	urn:cts:greekLit:tlg0656.tlg001.wellmann1906:1.14	proposed				
urn:cts:greekLit:tlg0656.tlg001.mattioli1554:1.14	edition_of	urn:cts:greekLit:tlg0656.tlg001.wellmann1906:1.15	proposed				
urn:cts:greekLit:tlg0656.tlg001.mattioli1554:1.15	edition_of	urn:cts:greekLit:tlg0656.tlg001.wellmann1906:1.16	proposed				
urn:cts:greekLit:tlg0656.tlg001.mattioli1554:1.16	edition_of	urn:cts:greekLit:tlg0656.tlg001.wellmann1906:1.17	proposed				
urn:cts:greekLit:tlg0656.tlg001.mattioli1554:1.17	edition_of	urn:cts:greekLit:tlg0656.tlg001.wellmann1906:1.18	proposed				
urn:cts:greekLit:tlg0656.tlg001.mattioli1554:1.18	edition_of	urn:cts:greekLit:tlg0656.tlg001.wellmann1906:1.19	proposed				
urn:cts:greekLit:tlg0656.tlg001.mattioli1554:1.19	edition_of	urn:cts:greekLit:tlg0656.tlg001.wellmann1906:1.20	proposed				
urn:cts:greekLit:tlg0656.tlg001.mattioli1554:1.20	edition_of	urn:cts:greekLit:tlg0656.tlg001.wellmann1906:1.21	proposed				
urn:cts:greekLit:tlg0656.tlg001.mattioli1554:1.21	edition_of	urn:cts:greekLit:tlg0656.tlg001.wellmann1906:1.22	proposed				
urn:cts:greekLit:tlg0656.tlg001.mattioli1554:1.22	edition_of	urn:cts:greekLit:tlg0656.tlg001.wellmann1906:1.23	proposed				
urn:cts:greekLit:tlg0656.tlg001.mattioli1554:1.23	edition_of	urn:cts:greekLit:tlg0656.tlg001.wellmann1906:1.24	proposed				
urn:cts:greekLit:tlg0656.tlg001.mattioli1554:1.24	edition_of	urn:cts:greekLit:tlg0656.tlg001.wellmann1906:1.25	proposed				
urn:cts:greekLit:tlg0656.tlg001.mattioli1554:1.25	edition_of	urn:cts:greekLit:tlg0656.tlg001.wellmann1906:1.26	proposed				
urn:cts:greekLit:tlg0656.tlg001.mattioli1554:1.26	edition_of	urn:cts:greekLit:tlg0656.tlg001.wellmann1906:1.27	proposed				
urn:cts:greekLit:tlg0656.tlg001.mattioli1554:1.27.translation@HELENIVM[1]-est[3]	edition_of	urn:cts:greekLit:tlg0656.tlg001.wellmann1906:1.28	proposed			HELENIVM folia habet	
urn:cts:greekLit:tlg0656.tlg001.mattioli1554:1.27.translation@Alterum[1]-auxiliatur[1]	edition_of	urn:cts:greekLit:tlg0656.tlg001.wellmann1906:1.29	proposed			Alterum Helenij genusin	
urn:cts:greekLit:tlg0656.tlg001.mattioli1554:1.28	edition_of	urn:cts:greekLit:tlg0656.tlg001.wellmann1906:1.30.1-1.30.2	proposed	0	183		
urn:cts:greekLit:tlg0656.tlg001.mattioli1554:1.29	edition_of	urn:cts:greekLit:tlg0656.tlg001.wellmann1906:1.30.3-1.30.4	proposed	183	373		
urn:cts:greekLit:tlg0656.tlg001.mattioli1554:1.30	edition_of	urn:cts:greekLit:tlg0656.tlg001.wellmann1906:1.30.5	proposed	373	457		
urn:cts:greekLit:tlg0656.tlg001.mattioli1554:1.31	edition_of	urn:cts:greekLit:tlg0656.tlg001.wellmann1906:1.30.6	proposed	457	529		
urn:cts:greekLit:tlg0656.tlg001.mattioli1554:1.32	edition_of	urn:cts:greekLit:tlg0656.tlg001.wellmann1906:1.31	proposed				
urn:cts:greekLit:tlg0656.tlg001.mattioli1554:1.33	edition_of	urn:cts:greekLit:tlg0656.tlg001.wellmann1906:1.32	proposed				
urn:cts:greekLit:tlg0656.tlg001.mattioli1554:1.34	edition_of	urn:cts:greekLit:tlg0656.tlg001.wellmann1906:1.33	proposed				
urn:cts:greekLit:tlg0656.tlg001.mattioli1554:1.35	edition_of	urn:cts:greekLit:tlg0656.tlg001.wellmann1906:1.34	proposed				
urn:cts:greekLit:tlg0656.tlg001.mattioli1554:1.36.translation@HYOSCYAMINVM[1]-utile[1]	edition_of	urn:cts:greekLit:tlg0656.tlg001.wellmann1906:1.35	proposed			HYOSCYAMINVM sic fit	
urn:cts:greekLit:tlg0656.tlg001.mattioli1554:1.36.translation@Fit[1]-inualidior[1]	edition_of	urn:cts:greekLit:tlg0656.tlg001.wellmann1906:1.36	proposed			Fit è grano	
urn:cts:greekLit:tlg0656.tlg001.mattioli1554:1.36.translation@Rhaphaninumè[1]-paratur[1]	edition_of	urn:cts:greekLit:tlg0656.tlg001.wellmann1906:1.37	proposed			Rhaphaninumè rhaphani semine	
urn:cts:greekLit:tlg0656.tlg001.mattioli1554:1.36.translation@Tritum[1]-concreuerunt[1]	edition_of	urn:cts:greekLit:tlg0656.tlg001.wellmann1906:1.38	proposed			Tritum sinapis semen	
urn:cts:greekLit:tlg0656.tlg001.mattioli1554:1.37	edition_of	urn:cts:greekLit:tlg0656.tlg001.wellmann1906:1.39	proposed				
urn:cts:greekLit:tlg0656.tlg001.mattioli1554:1.38	edition_of	urn:cts:greekLit:tlg0656.tlg001.wellmann1906:1.40	proposed				
urn:cts:greekLit:tlg0656.tlg001.mattioli1554:1.39	edition_of	urn:cts:greekLit:tlg0656.tlg001.wellmann1906:1.41	proposed				
urn:cts:greekLit:tlg0656.tlg001.mattioli1554:1.40	edition_of	urn:cts:greekLit:tlg0656.tlg001.wellmann1906:1.42.1	proposed	0	48		
urn:cts:greekLit:tlg0656.tlg001.mattioli1554:1.41	edition_of	urn:cts:greekLit:tlg0656.tlg001.wellmann1906:1.42.2	proposed	48	122		
urn:cts:greekLit:tlg0656.tlg001.mattioli1554:1.42	edition_of	urn:cts:greekLit:tlg0656.tlg001.wellmann1906:1.43	proposed				
urn:cts:greekLit:tlg0656.tlg001.mattioli1554:1.43	edition_of	urn:cts:greekLit:tlg0656.tlg001.wellmann1906:1.44	proposed				
urn:cts:greekLit:tlg0656.tlg001.mattioli1554:1.44	edition_of	urn:cts:greekLit:tlg0656.tlg001.wellmann1906:1.45	proposed				
urn:cts:greekLit:tlg0656.tlg001.mattioli1554:1.45	edition_of	urn:cts:greekLit:tlg0656.tlg001.wellmann1906:1.46	proposed				
urn:cts:greekLit:tlg0656.tlg001.mattioli1554:1.46	edition_of	urn:cts:greekLit:tlg0656.tlg001.wellmann1906:1.47	proposed				
urn:cts:greekLit:tlg0656.tlg001.mattioli1554:1.47	edition_of	urn:cts:greekLit:tlg0656.tlg001.wellmann1906:1.48	proposed				
urn:cts:greekLit:tlg0656.tlg001.mattioli1554:1.48	edition_of	urn:cts:greekLit:tlg0656.tlg001.wellmann1906:1.49	proposed				
urn:cts:greekLit:tlg0656.tlg001.mattioli1554:1.49	edition_of	urn:cts:greekLit:tlg0656.tlg001.wellmann1906:1.50	proposed				
urn:cts:greekLit:tlg0656.tlg001.mattioli1554:1.50	edition_of	urn:cts:greekLit:tlg0656.tlg001.wellmann1906:1.51	proposed				
urn:cts:greekLit:tlg0656.tlg001.mattioli1554:1.51	edition_of	urn:cts:greekLit:tlg0656.tlg001.wellmann1906:1.52	proposed				
urn:cts:greekLit:tlg0656.tlg001.mattioli1554:1.52	edition_of	urn:cts:greekLit:tlg0656.tlg001.wellmann1906:1.53	proposed				
urn:cts:greekLit:tlg0656.tlg001.mattioli1554:1.53	edition_of	urn:cts:greekLit:tlg0656.tlg001.wellmann1906:1.54	proposed				
urn:cts:greekLit:tlg0656.tlg001.mattioli1554:1.54	edition_of	urn:cts:greekLit:tlg0656.tlg001.wellmann1906:1.55	proposed				
urn:cts:greekLit:tlg0656.tlg001.mattioli1554:1.55	edition_of	urn:cts:greekLit:tlg0656.tlg001.wellmann1906:1.56	proposed				
urn:cts:greekLit:tlg0656.tlg001.mattioli1554:1.56	edition_of	urn:cts:greekLit:tlg0656.tlg001.wellmann1906:1.57	proposed				
urn:cts:greekLit:tlg0656.tlg001.mattioli1554:1.57	edition_of	urn:cts:greekLit:tlg0656.tlg001.wellmann1906:1.58.1-1.58.2	proposed	0	124		
urn:cts:greekLit:tlg0656.tlg001.mattioli1554:1.58	edition_of	urn:cts:greekLit:tlg0656.tlg001.wellmann1906:1.58.3@τὸ[1]-αὐτοῦ[1]	proposed	124	200		τὸ δὲ μεγάλλειον
urn:cts:greekLit:tlg0656.tlg001.mattioli1554:1.59	edition_of	urn:cts:greekLit:tlg0656.tlg001.wellmann1906:1.58.3@καὶ[4]-τυγχάνει[1]	proposed	200	221		καὶ τὸ καλούμενον
urn:cts:greekLit:tlg0656.tlg001.mattioli1554:1.60	edition_of	urn:cts:greekLit:tlg0656.tlg001.wellmann1906:1.59.1-1.59.2	proposed	0	127		
urn:cts:greekLit:tlg0656.tlg001.mattioli1554:1.61	edition_of	urn:cts:greekLit:tlg0656.tlg001.wellmann1906:1.59.3	proposed	127	173		
urn:cts:greekLit:tlg0656.tlg001.mattioli1554:1.62	edition_of	urn:cts:greekLit:tlg0656.tlg001.wellmann1906:1.60	proposed				
urn:cts:greekLit:tlg0656.tlg001.mattioli1554:1.63	edition_of	urn:cts:greekLit:tlg0656.tlg001.wellmann1906:1.61	proposed				
urn:cts:greekLit:tlg0656.tlg001.mattioli1554:1.64	edition_of	urn:cts:greekLit:tlg0656.tlg001.wellmann1906:1.62	proposed				
urn:cts:greekLit:tlg0656.tlg001.mattioli1554:1.65	edition_of	urn:cts:greekLit:tlg0656.tlg001.wellmann1906:1.63	proposed				
urn:cts:greekLit:tlg0656.tlg001.mattioli1554:1.67.translation@MYRRHA[1]-conueniens[1]	edition_of	urn:cts:greekLit:tlg0656.tlg001.wellmann1906:1.64	proposed			MYRRHA lacryma est	
urn:cts:greekLit:tlg0656.tlg001.mattioli1554:1.67.translation@Bœotica[1]-inseritur[1]	edition_of	urn:cts:greekLit:tlg0656.tlg001.wellmann1906:1.65	proposed			Bœotica myrrha dissecta	
urn:cts:greekLit:tlg0656.tlg001.mattioli1554:1.68	edition_of	urn:cts:greekLit:tlg0656.tlg001.wellmann1906:1.66	proposed				
urn:cts:greekLit:tlg0656.tlg001.mattioli1554:1.69	edition_of	urn:cts:greekLit:tlg0656.tlg001.wellmann1906:1.67	proposed				
urn:cts:greekLit:tlg0656.tlg001.mattioli1554:1.70	edition_of	urn:cts:greekLit:tlg0656.tlg001.wellmann1906:1.68.1-1.68.4	proposed	0	368		
urn:cts:greekLit:tlg0656.tlg001.mattioli1554:1.71	edition_of	urn:cts:greekLit:tlg0656.tlg001.wellmann1906:1.68.5	proposed	368	466		
urn:cts:greekLit:tlg0656.tlg001.mattioli1554:1.72	edition_of	urn:cts:greekLit:tlg0656.tlg001.wellmann1906:1.68.6	proposed	466	528		
urn:cts:greekLit:tlg0656.tlg001.mattioli1554:1.73	edition_of	urn:cts:greekLit:tlg0656.tlg001.wellmann1906:1.68.7-1.68.8	proposed	528	701		
urn:cts:greekLit:tlg0656.tlg001.mattioli1554:1.74	edition_of	urn:cts:greekLit:tlg0656.tlg001.wellmann1906:1.69	proposed				
urn:cts:greekLit:tlg0656.tlg001.mattioli1554:1.75	edition_of	urn:cts:greekLit:tlg0656.tlg001.wellmann1906:1.70	proposed				
urn:cts:greekLit:tlg0656.tlg001.mattioli1554:1.76	edition_of	urn:cts:greekLit:tlg0656.tlg001.wellmann1906:1.71@71[1]-ἐπιτιθεμένη[1]	proposed	0	197		71 τέρμινθος γνώριμον
urn:cts:greekLit:tlg0656.tlg001.mattioli1554:1.77	edition_of	urn:cts:greekLit:tlg0656.tlg001.wellmann1906:1.71@γίνεται[1]-γράφομεν[1]	proposed	197	532		γίνεται δὲ ῥητίνη
urn:cts:greekLit:tlg0656.tlg001.mattioli1554:1.78	edition_of	urn:cts:greekLit:tlg0656.tlg001.wellmann1906:1.72.1-1.72.2	proposed	0	151		
urn:cts:greekLit:tlg0656.tlg001.mattioli1554:1.79	edition_of	urn:cts:greekLit:tlg0656.tlg001.wellmann1906:1.72.3	proposed	151	231		
urn:cts:greekLit:tlg0656.tlg001.mattioli1554:1.80	edition_of	urn:cts:greekLit:tlg0656.tlg001.wellmann1906:1.72.4	proposed	231	316		
urn:cts:greekLit:tlg0656.tlg001.mattioli1554:1.81	edition_of	urn:cts:greekLit:tlg0656.tlg001.wellmann1906:1.72.5@ἡ[1]-χρησίμως[1]	proposed	316	388		ἡ δὲ ξηρὰ
urn:cts:greekLit:tlg0656.tlg001.mattioli1554:1.82	edition_of	urn:cts:greekLit:tlg0656.tlg001.wellmann1906:1.72.5@ζώπισσαν[1]-ὠνόμασαν[1]	proposed	388	421		ζώπισσαν δὲ οἱ
urn:cts:greekLit:tlg0656.tlg001.mattioli1554:1.83	edition_of	urn:cts:greekLit:tlg0656.tlg001.wellmann1906:1.73.1@73[1]-εἶδος[1]	proposed	0	72		73 ἄσφαλτος διαφέρει
urn:cts:greekLit:tlg0656.tlg001.mattioli1554:1.84	edition_of	urn:cts:greekLit:tlg0656.tlg001.wellmann1906:1.73.1@καλεῖται[1]-ἀσφάλτῳ[1]	proposed	72	104		καλεῖται δέ τις
urn:cts:greekLit:tlg0656.tlg001.mattioli1554:1.85	edition_of	urn:cts:greekLit:tlg0656.tlg001.wellmann1906:1.73.2-1.73.3	proposed	104	253		
urn:cts:greekLit:tlg0656.tlg001.mattioli1554:1.86	edition_of	urn:cts:greekLit:tlg0656.tlg001.wellmann1906:1.74	proposed				
urn:cts:greekLit:tlg0656.tlg001.mattioli1554:1.87.translation@IVNIPERI[1]-subueniunt[1]	edition_of	urn:cts:greekLit:tlg0656.tlg001.wellmann1906:1.75	proposed			IVNIPERI genera duo	
urn:cts:greekLit:tlg0656.tlg001.mattioli1554:1.87.translation@Folia[1]-lepraseximit[1]	edition_of	urn:cts:greekLit:tlg0656.tlg001.wellmann1906:1.80@ἧς[1]-ἀφίστησι[1]	proposed	4	28	Folia acrimoniam habent	ἧς τῶν φύλλων
urn:cts:greekLit:tlg0656.tlg001.mattioli1554:1.88	edition_of	urn:cts:greekLit:tlg0656.tlg001.wellmann1906:1.76	proposed				
urn:cts:greekLit:tlg0656.tlg001.mattioli1554:1.89	edition_of	urn:cts:greekLit:tlg0656.tlg001.wellmann1906:1.77	proposed				
urn:cts:greekLit:tlg0656.tlg001.mattioli1554:1.90	edition_of	urn:cts:greekLit:tlg0656.tlg001.wellmann1906:1.78	proposed				
urn:cts:greekLit:tlg0656.tlg001.mattioli1554:1.91	edition_of	urn:cts:greekLit:tlg0656.tlg001.wellmann1906:1.79	proposed				
urn:cts:greekLit:tlg0656.tlg001.mattioli1554:1.92	edition_of	urn:cts:greekLit:tlg0656.tlg001.wellmann1906:1.80@μελία[1]-εἶναι[1]	proposed	0	37		μελία δένδρον ἐστὶ
urn:cts:greekLit:tlg0656.tlg001.mattioli1554:1.93.translation@POTVS[1]-proferre[1]	edition_of	urn:cts:greekLit:tlg0656.tlg001.wellmann1906:1.81	proposed			POTVS albæ populi	
urn:cts:greekLit:tlg0656.tlg001.mattioli1554:1.93.translation@Populi[1]-sistit[1]	edition_of	urn:cts:greekLit:tlg0656.tlg001.wellmann1906:1.83	proposed			Populi nigræ folia	
urn:cts:greekLit:tlg0656.tlg001.mattioli1554:1.94	edition_of	urn:cts:greekLit:tlg0656.tlg001.wellmann1906:1.82	proposed				
urn:cts:greekLit:tlg0656.tlg001.mattioli1554:1.95	edition_of	urn:cts:greekLit:tlg0656.tlg001.wellmann1906:1.84@84[1]-προσοψήματα[1]	proposed	0	95		84 πτελέας τὰ
urn:cts:greekLit:tlg0656.tlg001.mattioli1554:1.96	edition_of	urn:cts:greekLit:tlg0656.tlg001.wellmann1906:1.84.2@ἡ[1]-καταπασσομένη[2]	proposed	95	128		ἡ δὲ ἀπὸ
urn:cts:greekLit:tlg0656.tlg001.mattioli1554:1.97	edition_of	urn:cts:greekLit:tlg0656.tlg001.wellmann1906:1.85	proposed				
urn:cts:greekLit:tlg0656.tlg001.mattioli1554:1.98	edition_of	urn:cts:greekLit:tlg0656.tlg001.wellmann1906:1.86	proposed				
urn:cts:greekLit:tlg0656.tlg001.mattioli1554:1.99	edition_of	urn:cts:greekLit:tlg0656.tlg001.wellmann1906:1.87	proposed				
urn:cts:greekLit:tlg0656.tlg001.mattioli1554:1.100	edition_of	urn:cts:greekLit:tlg0656.tlg001.wellmann1906:1.88	proposed				
urn:cts:greekLit:tlg0656.tlg001.mattioli1554:1.101	edition_of	urn:cts:greekLit:tlg0656.tlg001.wellmann1906:1.89	proposed				
urn:cts:greekLit:tlg0656.tlg001.mattioli1554:1.102.translation@RHAMNVS[1]-similem[1]	edition_of	urn:cts:greekLit:tlg0656.tlg001.wellmann1906:1.90	proposed			RHAMNVS fruticat in	
urn:cts:greekLit:tlg0656.tlg001.mattioli1554:1.102.translation@Omniumfolia[1]-depellere[1]	edition_of	urn:cts:greekLit:tlg0656.tlg001.wellmann1906:1.90a	proposed			Omniumfolia igni sacro	
urn:cts:greekLit:tlg0656.tlg001.mattioli1554:1.103	edition_of	urn:cts:greekLit:tlg0656.tlg001.wellmann1906:1.91	proposed				
urn:cts:greekLit:tlg0656.tlg001.mattioli1554:1.104	edition_of	urn:cts:greekLit:tlg0656.tlg001.wellmann1906:1.92	proposed				
urn:cts:greekLit:tlg0656.tlg001.mattioli1554:1.105	edition_of	urn:cts:greekLit:tlg0656.tlg001.wellmann1906:1.93	proposed				
urn:cts:greekLit:tlg0656.tlg001.mattioli1554:1.106	edition_of	urn:cts:greekLit:tlg0656.tlg001.wellmann1906:1.94	proposed				
urn:cts:greekLit:tlg0656.tlg001.mattioli1554:1.107	edition_of	urn:cts:greekLit:tlg0656.tlg001.wellmann1906:1.95	proposed				
urn:cts:greekLit:tlg0656.tlg001.mattioli1554:1.108	edition_of	urn:cts:greekLit:tlg0656.tlg001.wellmann1906:1.96	proposed				
urn:cts:greekLit:tlg0656.tlg001.mattioli1554:1.109	edition_of	urn:cts:greekLit:tlg0656.tlg001.wellmann1906:1.97.1-1.97.2	proposed	0	144		
urn:cts:greekLit:tlg0656.tlg001.mattioli1554:1.110	edition_of	urn:cts:greekLit:tlg0656.tlg001.wellmann1906:1.97.3-1.97.4	proposed	144	334		
urn:cts:greekLit:tlg0656.tlg001.mattioli1554:1.111	edition_of	urn:cts:greekLit:tlg0656.tlg001.wellmann1906:1.98	proposed				
urn:cts:greekLit:tlg0656.tlg001.mattioli1554:1.112	edition_of	urn:cts:greekLit:tlg0656.tlg001.wellmann1906:1.99.1-1.99.2	proposed	0	140		
urn:cts:greekLit:tlg0656.tlg001.mattioli1554:1.113	edition_of	urn:cts:greekLit:tlg0656.tlg001.wellmann1906:1.99.3	proposed	140	230		
urn:cts:greekLit:tlg0656.tlg001.mattioli1554:1.114	edition_of	urn:cts:greekLit:tlg0656.tlg001.wellmann1906:1.100	proposed				
urn:cts:greekLit:tlg0656.tlg001.mattioli1554:1.115	edition_of	urn:cts:greekLit:tlg0656.tlg001.wellmann1906:1.101	proposed				
urn:cts:greekLit:tlg0656.tlg001.mattioli1554:1.116	edition_of	urn:cts:greekLit:tlg0656.tlg001.wellmann1906:1.103	proposed				
urn:cts:greekLit:tlg0656.tlg001.mattioli1554:1.117	edition_of	urn:cts:greekLit:tlg0656.tlg001.wellmann1906:1.104	proposed				
urn:cts:greekLit:tlg0656.tlg001.mattioli1554:1.118	edition_of	urn:cts:greekLit:tlg0656.tlg001.wellmann1906:1.105.1-1.105.5	proposed	0	376		
urn:cts:greekLit:tlg0656.tlg001.mattioli1554:1.119	edition_of	urn:cts:greekLit:tlg0656.tlg001.wellmann1906:1.105.6	proposed	376	455		
urn:cts:greekLit:tlg0656.tlg001.mattioli1554:1.120	edition_of	urn:cts:greekLit:tlg0656.tlg001.wellmann1906:1.102	proposed				
urn:cts:greekLit:tlg0656.tlg001.mattioli1554:1.121	edition_of	urn:cts:greekLit:tlg0656.tlg001.wellmann1906:1.106@106[1]-κρατύνει[1]	proposed	0	155		106 δρῦς πᾶσα
urn:cts:greekLit:tlg0656.tlg001.mattioli1554:1.122	edition_of	urn:cts:greekLit:tlg0656.tlg001.wellmann1906:1.106.3@αἱ[1]-ἁρμόζει[2]	proposed	155	196		αἱ δὲ Σαρδιαναὶ
urn:cts:greekLit:tlg0656.tlg001.mattioli1554:1.123	edition_of	urn:cts:greekLit:tlg0656.tlg001.wellmann1906:1.107	proposed				
urn:cts:greekLit:tlg0656.tlg001.mattioli1554:1.124	edition_of	urn:cts:greekLit:tlg0656.tlg001.wellmann1906:1.108	proposed				
urn:cts:greekLit:tlg0656.tlg001.mattioli1554:1.125	edition_of	urn:cts:greekLit:tlg0656.tlg001.wellmann1906:1.109.1-1.109.3	proposed	0	213		
urn:cts:greekLit:tlg0656.tlg001.mattioli1554:1.126	edition_of	urn:cts:greekLit:tlg0656.tlg001.wellmann1906:1.109.4-1.109.5	proposed	213	367		
urn:cts:greekLit:tlg0656.tlg001.mattioli1554:1.127.translation@MALVM[1]-euocat[1]	edition_of	urn:cts:greekLit:tlg0656.tlg001.wellmann1906:1.110	proposed			MALVM PVNICVM omne	
urn:cts:greekLit:tlg0656.tlg001.mattioli1554:1.127.translation@Balaustium[1]-cytinus[1]	edition_of	urn:cts:greekLit:tlg0656.tlg001.wellmann1906:1.111	proposed			Balaustium syluestris punicæ	
urn:cts:greekLit:tlg0656.tlg001.mattioli1554:1.128	edition_of	urn:cts:greekLit:tlg0656.tlg001.wellmann1906:1.112	proposed				
urn:cts:greekLit:tlg0656.tlg001.mattioli1554:1.129	edition_of	urn:cts:greekLit:tlg0656.tlg001.wellmann1906:1.113	proposed				
urn:cts:greekLit:tlg0656.tlg001.mattioli1554:1.130	edition_of	urn:cts:greekLit:tlg0656.tlg001.wellmann1906:1.114	proposed				
urn:cts:greekLit:tlg0656.tlg001.mattioli1554:1.131	edition_of	urn:cts:greekLit:tlg0656.tlg001.wellmann1906:1.115	proposed				
urn:cts:greekLit:tlg0656.tlg001.mattioli1554:1.132	edition_of	urn:cts:greekLit:tlg0656.tlg001.wellmann1906:1.116	proposed				
urn:cts:greekLit:tlg0656.tlg001.mattioli1554:1.133	edition_of	urn:cts:greekLit:tlg0656.tlg001.wellmann1906:1.118	proposed				
urn:cts:greekLit:tlg0656.tlg001.mattioli1554:1.134	edition_of	urn:cts:greekLit:tlg0656.tlg001.wellmann1906:1.117	proposed				
urn:cts:greekLit:tlg0656.tlg001.mattioli1554:1.135	edition_of	urn:cts:greekLit:tlg0656.tlg001.wellmann1906:1.119	proposed				
urn:cts:greekLit:tlg0656.tlg001.mattioli1554:1.136	edition_of	urn:cts:greekLit:tlg0656.tlg001.wellmann1906:1.120	proposed				
urn:cts:greekLit:tlg0656.tlg001.mattioli1554:1.137	edition_of	urn:cts:greekLit:tlg0656.tlg001.wellmann1906:1.121	proposed				
urn:cts:greekLit:tlg0656.tlg001.mattioli1554:1.138	edition_of	urn:cts:greekLit:tlg0656.tlg001.wellmann1906:1.122	proposed				
urn:cts:greekLit:tlg0656.tlg001.mattioli1554:1.139	edition_of	urn:cts:greekLit:tlg0656.tlg001.wellmann1906:1.123	proposed				
urn:cts:greekLit:tlg0656.tlg001.mattioli1554:1.140	edition_of	urn:cts:greekLit:tlg0656.tlg001.wellmann1906:1.124	proposed				
urn:cts:greekLit:tlg0656.tlg001.mattioli1554:1.141	edition_of	urn:cts:greekLit:tlg0656.tlg001.wellmann1906:1.125.1-1.125.2	proposed	0	151		
urn:cts:greekLit:tlg0656.tlg001.mattioli1554:1.142	edition_of	urn:cts:greekLit:tlg0656.tlg001.wellmann1906:1.125.3	proposed	151	214		
urn:cts:greekLit:tlg0656.tlg001.mattioli1554:1.143	edition_of	urn:cts:greekLit:tlg0656.tlg001.wellmann1906:1.126	proposed				
urn:cts:greekLit:tlg0656.tlg001.mattioli1554:1.144	edition_of	urn:cts:greekLit:tlg0656.tlg001.wellmann1906:1.127	proposed				
urn:cts:greekLit:tlg0656.tlg001.mattioli1554:1.145	edition_of	urn:cts:greekLit:tlg0656.tlg001.wellmann1906:1.128	proposed				
urn:cts:greekLit:tlg0656.tlg001.mattioli1554:1.146	edition_of	urn:cts:greekLit:tlg0656.tlg001.wellmann1906:1.129	proposed				
urn:cts:greekLit:tlg0656.tlg001.mattioli1554:2.1	edition_of	urn:cts:greekLit:tlg0656.tlg001.wellmann1906:2.1	proposed				
urn:cts:greekLit:tlg0656.tlg001.mattioli1554:2.2	edition_of	urn:cts:greekLit:tlg0656.tlg001.wellmann1906:2.2	proposed				
urn:cts:greekLit:tlg0656.tlg001.mattioli1554:2.3	edition_of	urn:cts:greekLit:tlg0656.tlg001.wellmann1906:2.3	proposed				
urn:cts:greekLit:tlg0656.tlg001.mattioli1554:2.4	edition_of	urn:cts:greekLit:tlg0656.tlg001.wellmann1906:2.4	proposed				
urn:cts:greekLit:tlg0656.tlg001.mattioli1554:2.5	edition_of	urn:cts:greekLit:tlg0656.tlg001.wellmann1906:2.5	proposed				
urn:cts:greekLit:tlg0656.tlg001.mattioli1554:2.6	edition_of	urn:cts:greekLit:tlg0656.tlg001.wellmann1906:2.6@τελλῖναι[1]-φυῆναι[1]	proposed	0	29		τελλῖναι νεαραὶ εὐκοίλιοι
urn:cts:greekLit:tlg0656.tlg001.mattioli1554:2.7	edition_of	urn:cts:greekLit:tlg0656.tlg001.wellmann1906:2.6@καὶ[3]-οἴνου[1]	proposed	29	51		καὶ ὁ ἐκ
urn:cts:greekLit:tlg0656.tlg001.mattioli1554:2.8	edition_of	urn:cts:greekLit:tlg0656.tlg001.wellmann1906:2.8	proposed				
urn:cts:greekLit:tlg0656.tlg001.mattioli1554:2.9	edition_of	urn:cts:greekLit:tlg0656.tlg001.wellmann1906:2.9	proposed				
urn:cts:greekLit:tlg0656.tlg001.mattioli1554:2.10	edition_of	urn:cts:greekLit:tlg0656.tlg001.wellmann1906:2.10	proposed				
urn:cts:greekLit:tlg0656.tlg001.mattioli1554:2.11	edition_of	urn:cts:greekLit:tlg0656.tlg001.wellmann1906:2.11	proposed				
urn:cts:greekLit:tlg0656.tlg001.mattioli1554:2.12	edition_of	urn:cts:greekLit:tlg0656.tlg001.wellmann1906:2.12	proposed				
urn:cts:greekLit:tlg0656.tlg001.mattioli1554:2.13	edition_of	urn:cts:greekLit:tlg0656.tlg001.wellmann1906:2.13	proposed				
urn:cts:greekLit:tlg0656.tlg001.mattioli1554:2.14	edition_of	urn:cts:greekLit:tlg0656.tlg001.wellmann1906:2.14	proposed				
urn:cts:greekLit:tlg0656.tlg001.mattioli1554:2.15	edition_of	urn:cts:greekLit:tlg0656.tlg001.wellmann1906:2.15	proposed				
urn:cts:greekLit:tlg0656.tlg001.mattioli1554:2.16	edition_of	urn:cts:greekLit:tlg0656.tlg001.wellmann1906:2.16	proposed				
urn:cts:greekLit:tlg0656.tlg001.mattioli1554:2.17	edition_of	urn:cts:greekLit:tlg0656.tlg001.wellmann1906:2.17	proposed				
urn:cts:greekLit:tlg0656.tlg001.mattioli1554:2.18.translation@LEPVS[1]-euellit[1]	edition_of	urn:cts:greekLit:tlg0656.tlg001.wellmann1906:2.18	proposed			LEPVS marinus loligini	
urn:cts:greekLit:tlg0656.tlg001.mattioli1554:2.18.translation@Terrestris[1]-sanat[1]	edition_of	urn:cts:greekLit:tlg0656.tlg001.wellmann1906:2.19	proposed			Terrestris leporis inassatum	
urn:cts:greekLit:tlg0656.tlg001.mattioli1554:2.19	edition_of	urn:cts:greekLit:tlg0656.tlg001.wellmann1906:2.20	proposed				
urn:cts:greekLit:tlg0656.tlg001.mattioli1554:2.20	edition_of	urn:cts:greekLit:tlg0656.tlg001.wellmann1906:2.21	proposed				
urn:cts:greekLit:tlg0656.tlg001.mattioli1554:2.21	edition_of	urn:cts:greekLit:tlg0656.tlg001.wellmann1906:2.22	proposed				
urn:cts:greekLit:tlg0656.tlg001.mattioli1554:2.22	edition_of	urn:cts:greekLit:tlg0656.tlg001.wellmann1906:2.23	proposed				
urn:cts:greekLit:tlg0656.tlg001.mattioli1554:2.23	edition_of	urn:cts:greekLit:tlg0656.tlg001.wellmann1906:2.24	proposed				
urn:cts:greekLit:tlg0656.tlg001.mattioli1554:2.24	edition_of	urn:cts:greekLit:tlg0656.tlg001.wellmann1906:2.25	proposed				
urn:cts:greekLit:tlg0656.tlg001.mattioli1554:2.25	edition_of	urn:cts:greekLit:tlg0656.tlg001.wellmann1906:2.26	proposed				
urn:cts:greekLit:tlg0656.tlg001.mattioli1554:2.26	edition_of	urn:cts:greekLit:tlg0656.tlg001.wellmann1906:2.27	proposed				
urn:cts:greekLit:tlg0656.tlg001.mattioli1554:2.27	edition_of	urn:cts:greekLit:tlg0656.tlg001.wellmann1906:2.28	proposed				
urn:cts:greekLit:tlg0656.tlg001.mattioli1554:2.28	edition_of	urn:cts:greekLit:tlg0656.tlg001.wellmann1906:2.29	proposed				
urn:cts:greekLit:tlg0656.tlg001.mattioli1554:2.29	edition_of	urn:cts:greekLit:tlg0656.tlg001.wellmann1906:2.30	proposed				
urn:cts:greekLit:tlg0656.tlg001.mattioli1554:2.30	edition_of	urn:cts:greekLit:tlg0656.tlg001.wellmann1906:2.31	proposed				
urn:cts:greekLit:tlg0656.tlg001.mattioli1554:2.31	edition_of	urn:cts:greekLit:tlg0656.tlg001.wellmann1906:2.32	proposed				
urn:cts:greekLit:tlg0656.tlg001.mattioli1554:2.32	edition_of	urn:cts:greekLit:tlg0656.tlg001.wellmann1906:2.33	proposed				
urn:cts:greekLit:tlg0656.tlg001.mattioli1554:2.33	edition_of	urn:cts:greekLit:tlg0656.tlg001.wellmann1906:2.34	proposed				
urn:cts:greekLit:tlg0656.tlg001.mattioli1554:2.34	edition_of	urn:cts:greekLit:tlg0656.tlg001.wellmann1906:2.35	proposed				
urn:cts:greekLit:tlg0656.tlg001.mattioli1554:2.35	edition_of	urn:cts:greekLit:tlg0656.tlg001.wellmann1906:2.36	proposed				
urn:cts:greekLit:tlg0656.tlg001.mattioli1554:2.36	edition_of	urn:cts:greekLit:tlg0656.tlg001.wellmann1906:2.37	proposed				
urn:cts:greekLit:tlg0656.tlg001.mattioli1554:2.37.translation@SVILLVS[1]-tuetur[1]	edition_of	urn:cts:greekLit:tlg0656.tlg001.wellmann1906:2.38	proposed			SVILLVS agninus ursinusq́ue	
urn:cts:greekLit:tlg0656.tlg001.mattioli1554:2.37.translation@Vulpinus[1]-finit[1]	edition_of	urn:cts:greekLit:tlg0656.tlg001.wellmann1906:2.39	proposed			Vulpinus uerò si	
urn:cts:greekLit:tlg0656.tlg001.mattioli1554:2.38.translation@ASINI[1]-præcipitur[1]	edition_of	urn:cts:greekLit:tlg0656.tlg001.wellmann1906:2.40	proposed			ASINI IECVR inassatum	
urn:cts:greekLit:tlg0656.tlg001.mattioli1554:2.38.translation@Capræ[1]-deprehendi[1]	edition_of	urn:cts:greekLit:tlg0656.tlg001.wellmann1906:2.45	proposed			Capræ uerò inassati	
urn:cts:greekLit:tlg0656.tlg001.mattioli1554:2.38.translation@Aprinum[1]-est[1]	edition_of	urn:cts:greekLit:tlg0656.tlg001.wellmann1906:2.46	proposed			Aprinum recens si	
urn:cts:greekLit:tlg0656.tlg001.mattioli1554:2.38.translation@Iecur[1]-pellit[1]	edition_of	urn:cts:greekLit:tlg0656.tlg001.wellmann1906:2.47	proposed			Iecur canis qui	
urn:cts:greekLit:tlg0656.tlg001.mattioli1554:2.39	edition_of	urn:cts:greekLit:tlg0656.tlg001.wellmann1906:2.41	proposed				
urn:cts:greekLit:tlg0656.tlg001.mattioli1554:2.40.translation@VNGVLARVM[1]-medentur[1]	edition_of	urn:cts:greekLit:tlg0656.tlg001.wellmann1906:2.42	proposed			VNGVLARVM asini cinis	
urn:cts:greekLit:tlg0656.tlg001.mattioli1554:2.40.translation@Caprinarum[1]-sanantur[1]	edition_of	urn:cts:greekLit:tlg0656.tlg001.wellmann1906:2.44	proposed			Caprinarum cinere perunctæ	
urn:cts:greekLit:tlg0656.tlg001.mattioli1554:2.41	edition_of	urn:cts:greekLit:tlg0656.tlg001.wellmann1906:2.43	proposed				
urn:cts:greekLit:tlg0656.tlg001.mattioli1554:2.42	edition_of	urn:cts:greekLit:tlg0656.tlg001.wellmann1906:2.48	proposed				
urn:cts:greekLit:tlg0656.tlg001.mattioli1554:2.43	edition_of	urn:cts:greekLit:tlg0656.tlg001.wellmann1906:2.49	proposed				
urn:cts:greekLit:tlg0656.tlg001.mattioli1554:2.44	edition_of	urn:cts:greekLit:tlg0656.tlg001.wellmann1906:2.50	proposed				
urn:cts:greekLit:tlg0656.tlg001.mattioli1554:2.45	edition_of	urn:cts:greekLit:tlg0656.tlg001.wellmann1906:2.51	proposed				
urn:cts:greekLit:tlg0656.tlg001.mattioli1554:2.46	edition_of	urn:cts:greekLit:tlg0656.tlg001.wellmann1906:2.52	proposed				
urn:cts:greekLit:tlg0656.tlg001.mattioli1554:2.47	edition_of	urn:cts:greekLit:tlg0656.tlg001.wellmann1906:2.53	proposed				
urn:cts:greekLit:tlg0656.tlg001.mattioli1554:2.48	edition_of	urn:cts:greekLit:tlg0656.tlg001.wellmann1906:2.54	proposed				
urn:cts:greekLit:tlg0656.tlg001.mattioli1554:2.49	edition_of	urn:cts:greekLit:tlg0656.tlg001.wellmann1906:2.56	proposed				
urn:cts:greekLit:tlg0656.tlg001.mattioli1554:2.50	edition_of	urn:cts:greekLit:tlg0656.tlg001.wellmann1906:2.57	proposed				
urn:cts:greekLit:tlg0656.tlg001.mattioli1554:2.51	edition_of	urn:cts:greekLit:tlg0656.tlg001.wellmann1906:2.58	proposed				
urn:cts:greekLit:tlg0656.tlg001.mattioli1554:2.52	edition_of	urn:cts:greekLit:tlg0656.tlg001.wellmann1906:2.59	proposed				
urn:cts:greekLit:tlg0656.tlg001.mattioli1554:2.53	edition_of	urn:cts:greekLit:tlg0656.tlg001.wellmann1906:2.60	proposed				
urn:cts:greekLit:tlg0656.tlg001.mattioli1554:2.54	edition_of	urn:cts:greekLit:tlg0656.tlg001.wellmann1906:2.61.1@61[1]-μονοχρώματοι[1]	proposed	0	61		61 κανθαρίδες εἰς
urn:cts:greekLit:tlg0656.tlg001.mattioli1554:2.55	edition_of	urn:cts:greekLit:tlg0656.tlg001.wellmann1906:2.61@ὡσαύτως[1]-ἀνέγραψαν[1]	proposed	61	139		ὡσαύτως δὲ ἀποτίθενται
urn:cts:greekLit:tlg0656.tlg001.mattioli1554:2.56	edition_of	urn:cts:greekLit:tlg0656.tlg001.wellmann1906:2.62	proposed				
urn:cts:greekLit:tlg0656.tlg001.mattioli1554:2.57	edition_of	urn:cts:greekLit:tlg0656.tlg001.wellmann1906:2.63	proposed				
urn:cts:greekLit:tlg0656.tlg001.mattioli1554:2.58	edition_of	urn:cts:greekLit:tlg0656.tlg001.wellmann1906:2.64	proposed				
urn:cts:greekLit:tlg0656.tlg001.mattioli1554:2.59	edition_of	urn:cts:greekLit:tlg0656.tlg001.wellmann1906:2.65	proposed				
urn:cts:greekLit:tlg0656.tlg001.mattioli1554:2.60	edition_of	urn:cts:greekLit:tlg0656.tlg001.wellmann1906:2.66	proposed				
urn:cts:greekLit:tlg0656.tlg001.mattioli1554:2.61	edition_of	urn:cts:greekLit:tlg0656.tlg001.wellmann1906:2.67	proposed				
urn:cts:greekLit:tlg0656.tlg001.mattioli1554:2.62	edition_of	urn:cts:greekLit:tlg0656.tlg001.wellmann1906:2.68	proposed				
urn:cts:greekLit:tlg0656.tlg001.mattioli1554:2.63	edition_of	urn:cts:greekLit:tlg0656.tlg001.wellmann1906:2.69	proposed				
urn:cts:greekLit:tlg0656.tlg001.mattioli1554:2.64	edition_of	urn:cts:greekLit:tlg0656.tlg001.wellmann1906:2.70	proposed				
urn:cts:greekLit:tlg0656.tlg001.mattioli1554:2.65	edition_of	urn:cts:greekLit:tlg0656.tlg001.wellmann1906:2.71	proposed				
urn:cts:greekLit:tlg0656.tlg001.mattioli1554:2.66	edition_of	urn:cts:greekLit:tlg0656.tlg001.wellmann1906:2.72	proposed				
urn:cts:greekLit:tlg0656.tlg001.mattioli1554:2.67.translation@SVCCIDAE[1]-mordeat[1]	edition_of	urn:cts:greekLit:tlg0656.tlg001.wellmann1906:2.73	proposed			SVCCIDAE lanæ molles	
urn:cts:greekLit:tlg0656.tlg001.mattioli1554:2.67.translation@Oesypumvocant[1]-solet[2]	edition_of	urn:cts:greekLit:tlg0656.tlg001.wellmann1906:2.74	proposed			Oesypumvocant Græci succidarum	
urn:cts:greekLit:tlg0656.tlg001.mattioli1554:2.68	edition_of	urn:cts:greekLit:tlg0656.tlg001.wellmann1906:2.75	proposed				
urn:cts:greekLit:tlg0656.tlg001.mattioli1554:2.69	edition_of	urn:cts:greekLit:tlg0656.tlg001.wellmann1906:2.76	proposed				
urn:cts:greekLit:tlg0656.tlg001.mattioli1554:2.70	edition_of	urn:cts:greekLit:tlg0656.tlg001.wellmann1906:2.77	proposed				
urn:cts:greekLit:tlg0656.tlg001.mattioli1554:2.71	edition_of	urn:cts:greekLit:tlg0656.tlg001.wellmann1906:2.78	proposed				
urn:cts:greekLit:tlg0656.tlg001.mattioli1554:2.72	edition_of	urn:cts:greekLit:tlg0656.tlg001.wellmann1906:2.79	proposed				
urn:cts:greekLit:tlg0656.tlg001.mattioli1554:2.73	edition_of	urn:cts:greekLit:tlg0656.tlg001.wellmann1906:2.80	proposed				
urn:cts:greekLit:tlg0656.tlg001.mattioli1554:2.74	edition_of	urn:cts:greekLit:tlg0656.tlg001.wellmann1906:2.81	proposed				
urn:cts:greekLit:tlg0656.tlg001.mattioli1554:2.75	edition_of	urn:cts:greekLit:tlg0656.tlg001.wellmann1906:2.82	proposed				
urn:cts:greekLit:tlg0656.tlg001.mattioli1554:2.76	edition_of	urn:cts:greekLit:tlg0656.tlg001.wellmann1906:2.83	proposed				
urn:cts:greekLit:tlg0656.tlg001.mattioli1554:2.77	edition_of	urn:cts:greekLit:tlg0656.tlg001.wellmann1906:2.84	proposed				
urn:cts:greekLit:tlg0656.tlg001.mattioli1554:2.78	edition_of	urn:cts:greekLit:tlg0656.tlg001.wellmann1906:2.85	proposed				
urn:cts:greekLit:tlg0656.tlg001.mattioli1554:2.79	edition_of	urn:cts:greekLit:tlg0656.tlg001.wellmann1906:2.86	proposed				
urn:cts:greekLit:tlg0656.tlg001.mattioli1554:2.80	edition_of	urn:cts:greekLit:tlg0656.tlg001.wellmann1906:2.87	proposed				
urn:cts:greekLit:tlg0656.tlg001.mattioli1554:2.81	edition_of	urn:cts:greekLit:tlg0656.tlg001.wellmann1906:2.88	proposed				
urn:cts:greekLit:tlg0656.tlg001.mattioli1554:2.82	edition_of	urn:cts:greekLit:tlg0656.tlg001.wellmann1906:2.89	proposed				
urn:cts:greekLit:tlg0656.tlg001.mattioli1554:2.83	edition_of	urn:cts:greekLit:tlg0656.tlg001.wellmann1906:2.90	proposed				
urn:cts:greekLit:tlg0656.tlg001.mattioli1554:2.84	edition_of	urn:cts:greekLit:tlg0656.tlg001.wellmann1906:2.91	proposed				
urn:cts:greekLit:tlg0656.tlg001.mattioli1554:2.85	edition_of	urn:cts:greekLit:tlg0656.tlg001.wellmann1906:2.92	proposed				
urn:cts:greekLit:tlg0656.tlg001.mattioli1554:2.86	edition_of	urn:cts:greekLit:tlg0656.tlg001.wellmann1906:2.93	proposed				
urn:cts:greekLit:tlg0656.tlg001.mattioli1554:2.87	edition_of	urn:cts:greekLit:tlg0656.tlg001.wellmann1906:2.94	proposed				
urn:cts:greekLit:tlg0656.tlg001.mattioli1554:2.88	edition_of	urn:cts:greekLit:tlg0656.tlg001.wellmann1906:2.95	proposed				
urn:cts:greekLit:tlg0656.tlg001.mattioli1554:2.89	edition_of	urn:cts:greekLit:tlg0656.tlg001.wellmann1906:2.96	proposed				
urn:cts:greekLit:tlg0656.tlg001.mattioli1554:2.90	edition_of	urn:cts:greekLit:tlg0656.tlg001.wellmann1906:2.97	proposed				
urn:cts:greekLit:tlg0656.tlg001.mattioli1554:2.91	edition_of	urn:cts:greekLit:tlg0656.tlg001.wellmann1906:2.98	proposed				
urn:cts:greekLit:tlg0656.tlg001.mattioli1554:2.92	edition_of	urn:cts:greekLit:tlg0656.tlg001.wellmann1906:2.99	proposed				
urn:cts:greekLit:tlg0656.tlg001.mattioli1554:2.93	edition_of	urn:cts:greekLit:tlg0656.tlg001.wellmann1906:2.100	proposed				
urn:cts:greekLit:tlg0656.tlg001.mattioli1554:2.94	edition_of	urn:cts:greekLit:tlg0656.tlg001.wellmann1906:2.101	proposed				
urn:cts:greekLit:tlg0656.tlg001.mattioli1554:2.95	edition_of	urn:cts:greekLit:tlg0656.tlg001.wellmann1906:2.102	proposed				
urn:cts:greekLit:tlg0656.tlg001.mattioli1554:2.96	edition_of	urn:cts:greekLit:tlg0656.tlg001.wellmann1906:2.103	proposed				
urn:cts:greekLit:tlg0656.tlg001.mattioli1554:2.97	edition_of	urn:cts:greekLit:tlg0656.tlg001.wellmann1906:2.104	proposed				
urn:cts:greekLit:tlg0656.tlg001.mattioli1554:2.98	edition_of	urn:cts:greekLit:tlg0656.tlg001.wellmann1906:2.105	proposed				
urn:cts:greekLit:tlg0656.tlg001.mattioli1554:2.99	edition_of	urn:cts:greekLit:tlg0656.tlg001.wellmann1906:2.106	proposed				
urn:cts:greekLit:tlg0656.tlg001.mattioli1554:2.100	edition_of	urn:cts:greekLit:tlg0656.tlg001.wellmann1906:2.107	proposed				
urn:cts:greekLit:tlg0656.tlg001.mattioli1554:2.102	edition_of	urn:cts:greekLit:tlg0656.tlg001.wellmann1906:2.108	proposed				
urn:cts:greekLit:tlg0656.tlg001.mattioli1554:2.103	edition_of	urn:cts:greekLit:tlg0656.tlg001.wellmann1906:2.109	proposed				
urn:cts:greekLit:tlg0656.tlg001.mattioli1554:2.104	edition_of	urn:cts:greekLit:tlg0656.tlg001.wellmann1906:2.110	proposed				
urn:cts:greekLit:tlg0656.tlg001.mattioli1554:2.105	edition_of	urn:cts:greekLit:tlg0656.tlg001.wellmann1906:2.111	proposed				
urn:cts:greekLit:tlg0656.tlg001.mattioli1554:2.106	edition_of	urn:cts:greekLit:tlg0656.tlg001.wellmann1906:2.112	proposed				
urn:cts:greekLit:tlg0656.tlg001.mattioli1554:2.107	edition_of	urn:cts:greekLit:tlg0656.tlg001.wellmann1906:2.113	proposed				
urn:cts:greekLit:tlg0656.tlg001.mattioli1554:2.108.translation@EX[1]-ictibusauxiliantur[1]	edition_of	urn:cts:greekLit:tlg0656.tlg001.wellmann1906:2.114	proposed			EX GENERIBVS rumicis	
urn:cts:greekLit:tlg0656.tlg001.mattioli1554:2.108.translation@Hippolapathon[1]-genera[1]	edition_of	urn:cts:greekLit:tlg0656.tlg001.wellmann1906:2.115	proposed			Hippolapathon olus est	
urn:cts:greekLit:tlg0656.tlg001.mattioli1554:2.109	edition_of	urn:cts:greekLit:tlg0656.tlg001.wellmann1906:2.116	proposed				
urn:cts:greekLit:tlg0656.tlg001.mattioli1554:2.110	edition_of	urn:cts:greekLit:tlg0656.tlg001.wellmann1906:2.117	proposed				
urn:cts:greekLit:tlg0656.tlg001.mattioli1554:2.111	edition_of	urn:cts:greekLit:tlg0656.tlg001.wellmann1906:2.118	proposed				
urn:cts:greekLit:tlg0656.tlg001.mattioli1554:2.112	edition_of	urn:cts:greekLit:tlg0656.tlg001.wellmann1906:2.119	proposed				
urn:cts:greekLit:tlg0656.tlg001.mattioli1554:2.113	edition_of	urn:cts:greekLit:tlg0656.tlg001.wellmann1906:2.120	proposed				
urn:cts:greekLit:tlg0656.tlg001.mattioli1554:2.114	edition_of	urn:cts:greekLit:tlg0656.tlg001.wellmann1906:2.121	proposed				
urn:cts:greekLit:tlg0656.tlg001.mattioli1554:2.115	edition_of	urn:cts:greekLit:tlg0656.tlg001.wellmann1906:2.122	proposed				
urn:cts:greekLit:tlg0656.tlg001.mattioli1554:2.116	edition_of	urn:cts:greekLit:tlg0656.tlg001.wellmann1906:2.123	proposed				
urn:cts:greekLit:tlg0656.tlg001.mattioli1554:2.117	edition_of	urn:cts:greekLit:tlg0656.tlg001.wellmann1906:2.124	proposed				
urn:cts:greekLit:tlg0656.tlg001.mattioli1554:2.118	edition_of	urn:cts:greekLit:tlg0656.tlg001.wellmann1906:2.125	proposed				
urn:cts:greekLit:tlg0656.tlg001.mattioli1554:2.119	edition_of	urn:cts:greekLit:tlg0656.tlg001.wellmann1906:2.126	proposed				
urn:cts:greekLit:tlg0656.tlg001.mattioli1554:2.120	edition_of	urn:cts:greekLit:tlg0656.tlg001.wellmann1906:2.127	proposed				
urn:cts:greekLit:tlg0656.tlg001.mattioli1554:2.121	edition_of	urn:cts:greekLit:tlg0656.tlg001.wellmann1906:2.128	proposed				
urn:cts:greekLit:tlg0656.tlg001.mattioli1554:2.122	edition_of	urn:cts:greekLit:tlg0656.tlg001.wellmann1906:2.129	proposed				
urn:cts:greekLit:tlg0656.tlg001.mattioli1554:2.123	edition_of	urn:cts:greekLit:tlg0656.tlg001.wellmann1906:2.130	proposed				
urn:cts:greekLit:tlg0656.tlg001.mattioli1554:2.124	edition_of	urn:cts:greekLit:tlg0656.tlg001.wellmann1906:2.131	proposed				
urn:cts:greekLit:tlg0656.tlg001.mattioli1554:2.125	edition_of	urn:cts:greekLit:tlg0656.tlg001.wellmann1906:2.132	proposed				
urn:cts:greekLit:tlg0656.tlg001.mattioli1554:2.126	edition_of	urn:cts:greekLit:tlg0656.tlg001.wellmann1906:2.133	proposed				
urn:cts:greekLit:tlg0656.tlg001.mattioli1554:2.127	edition_of	urn:cts:greekLit:tlg0656.tlg001.wellmann1906:2.134	proposed				
urn:cts:greekLit:tlg0656.tlg001.mattioli1554:2.128	edition_of	urn:cts:greekLit:tlg0656.tlg001.wellmann1906:2.135	proposed				
urn:cts:greekLit:tlg0656.tlg001.mattioli1554:2.129	edition_of	urn:cts:greekLit:tlg0656.tlg001.wellmann1906:2.136@136[1]-θρίδακος[1]	proposed	0	58		136 θρ ίδαξ
urn:cts:greekLit:tlg0656.tlg001.mattioli1554:2.130	edition_of	urn:cts:greekLit:tlg0656.tlg001.wellmann1906:2.136@ἡ[1]-χυλίσματα[1]	proposed	58	172		ἡ δὲ ἀγρία
urn:cts:greekLit:tlg0656.tlg001.mattioli1554:2.131	edition_of	urn:cts:greekLit:tlg0656.tlg001.wellmann1906:2.137	proposed				
urn:cts:greekLit:tlg0656.tlg001.mattioli1554:2.132	edition_of	urn:cts:greekLit:tlg0656.tlg001.wellmann1906:2.138	proposed				
urn:cts:greekLit:tlg0656.tlg001.mattioli1554:2.133	edition_of	urn:cts:greekLit:tlg0656.tlg001.wellmann1906:2.139	proposed				
urn:cts:greekLit:tlg0656.tlg001.mattioli1554:2.134	edition_of	urn:cts:greekLit:tlg0656.tlg001.wellmann1906:2.140	proposed				
urn:cts:greekLit:tlg0656.tlg001.mattioli1554:2.135	edition_of	urn:cts:greekLit:tlg0656.tlg001.wellmann1906:2.141	proposed				
urn:cts:greekLit:tlg0656.tlg001.mattioli1554:2.136	edition_of	urn:cts:greekLit:tlg0656.tlg001.wellmann1906:2.142	proposed				
urn:cts:greekLit:tlg0656.tlg001.mattioli1554:2.137	edition_of	urn:cts:greekLit:tlg0656.tlg001.wellmann1906:2.143	proposed				
urn:cts:greekLit:tlg0656.tlg001.mattioli1554:2.138	edition_of	urn:cts:greekLit:tlg0656.tlg001.wellmann1906:2.144	proposed				
urn:cts:greekLit:tlg0656.tlg001.mattioli1554:2.139	edition_of	urn:cts:greekLit:tlg0656.tlg001.wellmann1906:2.145	proposed				
urn:cts:greekLit:tlg0656.tlg001.mattioli1554:2.140	edition_of	urn:cts:greekLit:tlg0656.tlg001.wellmann1906:2.146	proposed				
urn:cts:greekLit:tlg0656.tlg001.mattioli1554:2.141	edition_of	urn:cts:greekLit:tlg0656.tlg001.wellmann1906:2.147	proposed				
urn:cts:greekLit:tlg0656.tlg001.mattioli1554:2.142	edition_of	urn:cts:greekLit:tlg0656.tlg001.wellmann1906:2.148	proposed				
urn:cts:greekLit:tlg0656.tlg001.mattioli1554:2.143	edition_of	urn:cts:greekLit:tlg0656.tlg001.wellmann1906:2.149	proposed				
urn:cts:greekLit:tlg0656.tlg001.mattioli1554:2.144	edition_of	urn:cts:greekLit:tlg0656.tlg001.wellmann1906:2.150	proposed				
urn:cts:greekLit:tlg0656.tlg001.mattioli1554:2.145	edition_of	urn:cts:greekLit:tlg0656.tlg001.wellmann1906:2.151	proposed				
urn:cts:greekLit:tlg0656.tlg001.mattioli1554:2.146	edition_of	urn:cts:greekLit:tlg0656.tlg001.wellmann1906:2.152	proposed				
urn:cts:greekLit:tlg0656.tlg001.mattioli1554:2.147	edition_of	urn:cts:greekLit:tlg0656.tlg001.wellmann1906:2.153	proposed				
urn:cts:greekLit:tlg0656.tlg001.mattioli1554:2.148	edition_of	urn:cts:greekLit:tlg0656.tlg001.wellmann1906:2.154	proposed				
urn:cts:greekLit:tlg0656.tlg001.mattioli1554:2.149	edition_of	urn:cts:greekLit:tlg0656.tlg001.wellmann1906:2.155	proposed				
urn:cts:greekLit:tlg0656.tlg001.mattioli1554:2.150	edition_of	urn:cts:greekLit:tlg0656.tlg001.wellmann1906:2.156	proposed				
urn:cts:greekLit:tlg0656.tlg001.mattioli1554:2.151	edition_of	urn:cts:greekLit:tlg0656.tlg001.wellmann1906:2.157	proposed				
urn:cts:greekLit:tlg0656.tlg001.mattioli1554:2.152	edition_of	urn:cts:greekLit:tlg0656.tlg001.wellmann1906:2.158	proposed				
urn:cts:greekLit:tlg0656.tlg001.mattioli1554:2.153	edition_of	urn:cts:greekLit:tlg0656.tlg001.wellmann1906:2.159	proposed				
urn:cts:greekLit:tlg0656.tlg001.mattioli1554:2.154	edition_of	urn:cts:greekLit:tlg0656.tlg001.wellmann1906:2.160	proposed				
urn:cts:greekLit:tlg0656.tlg001.mattioli1554:2.155	edition_of	urn:cts:greekLit:tlg0656.tlg001.wellmann1906:2.161	proposed				
urn:cts:greekLit:tlg0656.tlg001.mattioli1554:2.156	edition_of	urn:cts:greekLit:tlg0656.tlg001.wellmann1906:2.162	proposed				
urn:cts:greekLit:tlg0656.tlg001.mattioli1554:2.157	edition_of	urn:cts:greekLit:tlg0656.tlg001.wellmann1906:2.163	proposed				
urn:cts:greekLit:tlg0656.tlg001.mattioli1554:2.158	edition_of	urn:cts:greekLit:tlg0656.tlg001.wellmann1906:2.164	proposed				
urn:cts:greekLit:tlg0656.tlg001.mattioli1554:2.159	edition_of	urn:cts:greekLit:tlg0656.tlg001.wellmann1906:2.165	proposed				
urn:cts:greekLit:tlg0656.tlg001.mattioli1554:2.160	edition_of	urn:cts:greekLit:tlg0656.tlg001.wellmann1906:2.166.2-2.166.4	proposed	82	290		
urn:cts:greekLit:tlg0656.tlg001.mattioli1554:2.161	edition_of	urn:cts:greekLit:tlg0656.tlg001.wellmann1906:2.166.2-2.166.4	proposed	82	290		
urn:cts:greekLit:tlg0656.tlg001.mattioli1554:2.162	edition_of	urn:cts:greekLit:tlg0656.tlg001.wellmann1906:2.167	proposed				
urn:cts:greekLit:tlg0656.tlg001.mattioli1554:2.163	edition_of	urn:cts:greekLit:tlg0656.tlg001.wellmann1906:2.168	proposed				
urn:cts:greekLit:tlg0656.tlg001.mattioli1554:2.164	edition_of	urn:cts:greekLit:tlg0656.tlg001.wellmann1906:2.169	proposed				
urn:cts:greekLit:tlg0656.tlg001.mattioli1554:2.165	edition_of	urn:cts:greekLit:tlg0656.tlg001.wellmann1906:2.170	proposed				
urn:cts:greekLit:tlg0656.tlg001.mattioli1554:2.166	edition_of	urn:cts:greekLit:tlg0656.tlg001.wellmann1906:4.156	proposed				
urn:cts:greekLit:tlg0656.tlg001.mattioli1554:2.167	edition_of	urn:cts:greekLit:tlg0656.tlg001.wellmann1906:2.171	proposed				
urn:cts:greekLit:tlg0656.tlg001.mattioli1554:2.168	edition_of	urn:cts:greekLit:tlg0656.tlg001.wellmann1906:2.172	proposed				
urn:cts:greekLit:tlg0656.tlg001.mattioli1554:2.169	edition_of	urn:cts:greekLit:tlg0656.tlg001.wellmann1906:2.173	proposed				
urn:cts:greekLit:tlg0656.tlg001.mattioli1554:2.170	edition_of	urn:cts:greekLit:tlg0656.tlg001.wellmann1906:2.174	proposed				
urn:cts:greekLit:tlg0656.tlg001.mattioli1554:2.171	edition_of	urn:cts:greekLit:tlg0656.tlg001.wellmann1906:2.175	proposed				
urn:cts:greekLit:tlg0656.tlg001.mattioli1554:2.172	edition_of	urn:cts:greekLit:tlg0656.tlg001.wellmann1906:2.176	proposed				
urn:cts:greekLit:tlg0656.tlg001.mattioli1554:2.173	edition_of	urn:cts:greekLit:tlg0656.tlg001.wellmann1906:2.177	proposed				
urn:cts:greekLit:tlg0656.tlg001.mattioli1554:2.174	edition_of	urn:cts:greekLit:tlg0656.tlg001.wellmann1906:2.178	proposed				
urn:cts:greekLit:tlg0656.tlg001.mattioli1554:2.175	edition_of	urn:cts:greekLit:tlg0656.tlg001.wellmann1906:2.179	proposed				
urn:cts:greekLit:tlg0656.tlg001.mattioli1554:2.176	edition_of	urn:cts:greekLit:tlg0656.tlg001.wellmann1906:2.180	proposed				
urn:cts:greekLit:tlg0656.tlg001.mattioli1554:2.177	edition_of	urn:cts:greekLit:tlg0656.tlg001.wellmann1906:2.181	proposed				
urn:cts:greekLit:tlg0656.tlg001.mattioli1554:2.178	edition_of	urn:cts:greekLit:tlg0656.tlg001.wellmann1906:2.182	proposed				
urn:cts:greekLit:tlg0656.tlg001.mattioli1554:2.179	edition_of	urn:cts:greekLit:tlg0656.tlg001.wellmann1906:2.183	proposed				
urn:cts:greekLit:tlg0656.tlg001.mattioli1554:2.180.translation@SATIVVM[1]-sanant[1]	edition_of	urn:cts:greekLit:tlg0656.tlg001.wellmann1906:2.184	proposed			SATIVVM Glastum quo	
urn:cts:greekLit:tlg0656.tlg001.mattioli1554:2.180.translation@Syluestre[1]-auxiliatur[1]	edition_of	urn:cts:greekLit:tlg0656.tlg001.wellmann1906:2.185	proposed			Syluestre glastum satiuo	
urn:cts:greekLit:tlg0656.tlg001.mattioli1554:2.181	edition_of	urn:cts:greekLit:tlg0656.tlg001.wellmann1906:2.186	proposed				
urn:cts:greekLit:tlg0656.tlg001.mattioli1554:3.1	edition_of	urn:cts:greekLit:tlg0656.tlg001.wellmann1906:3.1.1-3.1.5	proposed	0	272		
urn:cts:greekLit:tlg0656.tlg001.mattioli1554:3.2	edition_of	urn:cts:greekLit:tlg0656.tlg001.wellmann1906:3.2	proposed				
urn:cts:greekLit:tlg0656.tlg001.mattioli1554:3.3	edition_of	urn:cts:greekLit:tlg0656.tlg001.wellmann1906:3.3	proposed				
urn:cts:greekLit:tlg0656.tlg001.mattioli1554:3.4	edition_of	urn:cts:greekLit:tlg0656.tlg001.wellmann1906:3.4	proposed				
urn:cts:greekLit:tlg0656.tlg001.mattioli1554:3.5	edition_of	urn:cts:greekLit:tlg0656.tlg001.wellmann1906:3.5	proposed				
urn:cts:greekLit:tlg0656.tlg001.mattioli1554:3.6	edition_of	urn:cts:greekLit:tlg0656.tlg001.wellmann1906:3.6	proposed				
urn:cts:greekLit:tlg0656.tlg001.mattioli1554:3.7	edition_of	urn:cts:greekLit:tlg0656.tlg001.wellmann1906:3.7	proposed				
urn:cts:greekLit:tlg0656.tlg001.mattioli1554:3.8	edition_of	urn:cts:greekLit:tlg0656.tlg001.wellmann1906:3.8	proposed				
urn:cts:greekLit:tlg0656.tlg001.mattioli1554:3.9	edition_of	urn:cts:greekLit:tlg0656.tlg001.wellmann1906:3.9	proposed				
urn:cts:greekLit:tlg0656.tlg001.mattioli1554:3.10	edition_of	urn:cts:greekLit:tlg0656.tlg001.wellmann1906:3.10	proposed				
urn:cts:greekLit:tlg0656.tlg001.mattioli1554:3.11	edition_of	urn:cts:greekLit:tlg0656.tlg001.wellmann1906:3.11	proposed				
urn:cts:greekLit:tlg0656.tlg001.mattioli1554:3.12	edition_of	urn:cts:greekLit:tlg0656.tlg001.wellmann1906:3.12	proposed				
urn:cts:greekLit:tlg0656.tlg001.mattioli1554:3.13	edition_of	urn:cts:greekLit:tlg0656.tlg001.wellmann1906:3.13	proposed				
urn:cts:greekLit:tlg0656.tlg001.mattioli1554:3.14	edition_of	urn:cts:greekLit:tlg0656.tlg001.wellmann1906:3.14	proposed				
urn:cts:greekLit:tlg0656.tlg001.mattioli1554:3.15	edition_of	urn:cts:greekLit:tlg0656.tlg001.wellmann1906:3.15	proposed				
urn:cts:greekLit:tlg0656.tlg001.mattioli1554:3.16	edition_of	urn:cts:greekLit:tlg0656.tlg001.wellmann1906:3.16	proposed				
urn:cts:greekLit:tlg0656.tlg001.mattioli1554:3.17	edition_of	urn:cts:greekLit:tlg0656.tlg001.wellmann1906:3.17	proposed				
urn:cts:greekLit:tlg0656.tlg001.mattioli1554:3.18	edition_of	urn:cts:greekLit:tlg0656.tlg001.wellmann1906:3.18	proposed				
urn:cts:greekLit:tlg0656.tlg001.mattioli1554:3.19	edition_of	urn:cts:greekLit:tlg0656.tlg001.wellmann1906:3.19	proposed				
urn:cts:greekLit:tlg0656.tlg001.mattioli1554:3.20	edition_of	urn:cts:greekLit:tlg0656.tlg001.wellmann1906:3.20	proposed				
urn:cts:greekLit:tlg0656.tlg001.mattioli1554:3.21	edition_of	urn:cts:greekLit:tlg0656.tlg001.wellmann1906:3.21	proposed				
urn:cts:greekLit:tlg0656.tlg001.mattioli1554:3.22	edition_of	urn:cts:greekLit:tlg0656.tlg001.wellmann1906:3.22	proposed				
urn:cts:greekLit:tlg0656.tlg001.mattioli1554:3.23	edition_of	urn:cts:greekLit:tlg0656.tlg001.wellmann1906:3.23.1-3.23.4	proposed	0	273		
urn:cts:greekLit:tlg0656.tlg001.mattioli1554:3.24	edition_of	urn:cts:greekLit:tlg0656.tlg001.wellmann1906:3.23.5-3.23.6	proposed	273	390		
urn:cts:greekLit:tlg0656.tlg001.mattioli1554:3.25	edition_of	urn:cts:greekLit:tlg0656.tlg001.wellmann1906:3.24	proposed				
urn:cts:greekLit:tlg0656.tlg001.mattioli1554:3.26	edition_of	urn:cts:greekLit:tlg0656.tlg001.wellmann1906:3.25	proposed				
urn:cts:greekLit:tlg0656.tlg001.mattioli1554:3.27	edition_of	urn:cts:greekLit:tlg0656.tlg001.wellmann1906:3.26	proposed				
urn:cts:greekLit:tlg0656.tlg001.mattioli1554:3.28.translation@ORIGANVM[1]-fugantur[1]	edition_of	urn:cts:greekLit:tlg0656.tlg001.wellmann1906:3.27	proposed			ORIGANVM Heracleoticum quod	
urn:cts:greekLit:tlg0656.tlg001.mattioli1554:3.28.translation@Quæ[1]-inefficacior[1]	edition_of	urn:cts:greekLit:tlg0656.tlg001.wellmann1906:3.28	proposed			Quæ onitis appellatur	
urn:cts:greekLit:tlg0656.tlg001.mattioli1554:3.28.translation@Syluestre[1]-potiauxiliantur[1]	edition_of	urn:cts:greekLit:tlg0656.tlg001.wellmann1906:3.29	proposed			Syluestre origanum aliqui	
urn:cts:greekLit:tlg0656.tlg001.mattioli1554:3.29	edition_of	urn:cts:greekLit:tlg0656.tlg001.wellmann1906:3.30	proposed				
urn:cts:greekLit:tlg0656.tlg001.mattioli1554:3.30	edition_of	urn:cts:greekLit:tlg0656.tlg001.wellmann1906:3.31	proposed				
urn:cts:greekLit:tlg0656.tlg001.mattioli1554:3.31	edition_of	urn:cts:greekLit:tlg0656.tlg001.wellmann1906:3.32.1	proposed	0	73		
urn:cts:greekLit:tlg0656.tlg001.mattioli1554:3.32	edition_of	urn:cts:greekLit:tlg0656.tlg001.wellmann1906:3.32.2@τὸ[1]-ἐνεργοῦν[1]	proposed	73	101		τὸ δὲ ψευδοδίκταμνον
urn:cts:greekLit:tlg0656.tlg001.mattioli1554:3.33	edition_of	urn:cts:greekLit:tlg0656.tlg001.wellmann1906:3.32.2@φέρεται[1]-θηριακαῖς[1]	proposed	101	148		φέρεται δὲ καὶ
urn:cts:greekLit:tlg0656.tlg001.mattioli1554:3.34	edition_of	urn:cts:greekLit:tlg0656.tlg001.wellmann1906:3.33	proposed				
urn:cts:greekLit:tlg0656.tlg001.mattioli1554:3.35	edition_of	urn:cts:greekLit:tlg0656.tlg001.wellmann1906:3.34	proposed				
urn:cts:greekLit:tlg0656.tlg001.mattioli1554:3.36	edition_of	urn:cts:greekLit:tlg0656.tlg001.wellmann1906:3.35	proposed				
urn:cts:greekLit:tlg0656.tlg001.mattioli1554:3.37	edition_of	urn:cts:greekLit:tlg0656.tlg001.wellmann1906:3.36	proposed				
urn:cts:greekLit:tlg0656.tlg001.mattioli1554:3.38	edition_of	urn:cts:greekLit:tlg0656.tlg001.wellmann1906:3.37	proposed				
urn:cts:greekLit:tlg0656.tlg001.mattioli1554:3.39	edition_of	urn:cts:greekLit:tlg0656.tlg001.wellmann1906:3.38	proposed				
urn:cts:greekLit:tlg0656.tlg001.mattioli1554:3.40	edition_of	urn:cts:greekLit:tlg0656.tlg001.wellmann1906:3.39	proposed				
urn:cts:greekLit:tlg0656.tlg001.mattioli1554:3.41	edition_of	urn:cts:greekLit:tlg0656.tlg001.wellmann1906:3.40	proposed				
urn:cts:greekLit:tlg0656.tlg001.mattioli1554:3.42	edition_of	urn:cts:greekLit:tlg0656.tlg001.wellmann1906:3.42	proposed				
urn:cts:greekLit:tlg0656.tlg001.mattioli1554:3.43	edition_of	urn:cts:greekLit:tlg0656.tlg001.wellmann1906:3.43	proposed				
urn:cts:greekLit:tlg0656.tlg001.mattioli1554:3.44	edition_of	urn:cts:greekLit:tlg0656.tlg001.wellmann1906:3.44	proposed				
urn:cts:greekLit:tlg0656.tlg001.mattioli1554:3.45	edition_of	urn:cts:greekLit:tlg0656.tlg001.wellmann1906:3.45	proposed				
urn:cts:greekLit:tlg0656.tlg001.mattioli1554:3.46	edition_of	urn:cts:greekLit:tlg0656.tlg001.wellmann1906:3.46	proposed				
urn:cts:greekLit:tlg0656.tlg001.mattioli1554:3.47	edition_of	urn:cts:greekLit:tlg0656.tlg001.wellmann1906:3.47	proposed				
urn:cts:greekLit:tlg0656.tlg001.mattioli1554:3.48	edition_of	urn:cts:greekLit:tlg0656.tlg001.wellmann1906:3.48	proposed				
urn:cts:greekLit:tlg0656.tlg001.mattioli1554:3.49	edition_of	urn:cts:greekLit:tlg0656.tlg001.wellmann1906:3.49	proposed				
urn:cts:greekLit:tlg0656.tlg001.mattioli1554:3.50	edition_of	urn:cts:greekLit:tlg0656.tlg001.wellmann1906:3.50	proposed				
urn:cts:greekLit:tlg0656.tlg001.mattioli1554:3.51	edition_of	urn:cts:greekLit:tlg0656.tlg001.wellmann1906:3.51	proposed				
urn:cts:greekLit:tlg0656.tlg001.mattioli1554:3.52	edition_of	urn:cts:greekLit:tlg0656.tlg001.wellmann1906:3.52	proposed				
urn:cts:greekLit:tlg0656.tlg001.mattioli1554:3.53	edition_of	urn:cts:greekLit:tlg0656.tlg001.wellmann1906:3.53	proposed				
urn:cts:greekLit:tlg0656.tlg001.mattioli1554:3.54	edition_of	urn:cts:greekLit:tlg0656.tlg001.wellmann1906:3.54	proposed				
urn:cts:greekLit:tlg0656.tlg001.mattioli1554:3.55	edition_of	urn:cts:greekLit:tlg0656.tlg001.wellmann1906:3.55	proposed				
urn:cts:greekLit:tlg0656.tlg001.mattioli1554:3.56	edition_of	urn:cts:greekLit:tlg0656.tlg001.wellmann1906:3.56	proposed				
urn:cts:greekLit:tlg0656.tlg001.mattioli1554:3.57	edition_of	urn:cts:greekLit:tlg0656.tlg001.wellmann1906:3.57	proposed				
urn:cts:greekLit:tlg0656.tlg001.mattioli1554:3.58	edition_of	urn:cts:greekLit:tlg0656.tlg001.wellmann1906:3.58	proposed				
urn:cts:greekLit:tlg0656.tlg001.mattioli1554:3.59	edition_of	urn:cts:greekLit:tlg0656.tlg001.wellmann1906:3.59	proposed				
urn:cts:greekLit:tlg0656.tlg001.mattioli1554:3.60.translation@SYLVESTRE[1]-medetur[1]	edition_of	urn:cts:greekLit:tlg0656.tlg001.wellmann1906:3.60	proposed			SYLVESTRE Cuminum plurimum	
urn:cts:greekLit:tlg0656.tlg001.mattioli1554:3.60.translation@Est[1]-est[4]	edition_of	urn:cts:greekLit:tlg0656.tlg001.wellmann1906:3.61	proposed			Est aliud syluestrisCumini	
urn:cts:greekLit:tlg0656.tlg001.mattioli1554:3.61	edition_of	urn:cts:greekLit:tlg0656.tlg001.wellmann1906:3.62	proposed				
urn:cts:greekLit:tlg0656.tlg001.mattioli1554:3.62	edition_of	urn:cts:greekLit:tlg0656.tlg001.wellmann1906:3.63	proposed				
urn:cts:greekLit:tlg0656.tlg001.mattioli1554:3.63	edition_of	urn:cts:greekLit:tlg0656.tlg001.wellmann1906:3.64RV	proposed				
urn:cts:greekLit:tlg0656.tlg001.mattioli1554:3.64.translation@HORTENSIS[1]-efficax[1]	edition_of	urn:cts:greekLit:tlg0656.tlg001.wellmann1906:3.64	proposed			HORTENSIS Apij herba	
urn:cts:greekLit:tlg0656.tlg001.mattioli1554:3.64.translation@Oreoselinum[1]-petroselinum[1]	edition_of	urn:cts:greekLit:tlg0656.tlg001.wellmann1906:3.65	proposed			Oreoselinum caule est	
urn:cts:greekLit:tlg0656.tlg001.mattioli1554:3.64.translation@Petroselinumin[1]-cientibus[2]	edition_of	urn:cts:greekLit:tlg0656.tlg001.wellmann1906:3.66	proposed			Petroselinumin Macedonia prouenit	
urn:cts:greekLit:tlg0656.tlg001.mattioli1554:3.64.translation@HipposelinumLatini[1]-effectus[1]	edition_of	urn:cts:greekLit:tlg0656.tlg001.wellmann1906:3.67	proposed			HipposelinumLatini olusatrum appellant	
urn:cts:greekLit:tlg0656.tlg001.mattioli1554:3.65	edition_of	urn:cts:greekLit:tlg0656.tlg001.wellmann1906:3.68	proposed				
urn:cts:greekLit:tlg0656.tlg001.mattioli1554:3.66	edition_of	urn:cts:greekLit:tlg0656.tlg001.wellmann1906:3.69	proposed				
urn:cts:greekLit:tlg0656.tlg001.mattioli1554:3.67	edition_of	urn:cts:greekLit:tlg0656.tlg001.wellmann1906:3.70	proposed				
urn:cts:greekLit:tlg0656.tlg001.mattioli1554:3.68	edition_of	urn:cts:greekLit:tlg0656.tlg001.wellmann1906:3.71	proposed				
urn:cts:greekLit:tlg0656.tlg001.mattioli1554:3.69	edition_of	urn:cts:greekLit:tlg0656.tlg001.wellmann1906:3.72	proposed				
urn:cts:greekLit:tlg0656.tlg001.mattioli1554:3.70	edition_of	urn:cts:greekLit:tlg0656.tlg001.wellmann1906:3.73a	proposed				
urn:cts:greekLit:tlg0656.tlg001.mattioli1554:3.71	edition_of	urn:cts:greekLit:tlg0656.tlg001.wellmann1906:3.73b	proposed				
urn:cts:greekLit:tlg0656.tlg001.mattioli1554:3.72	edition_of	urn:cts:greekLit:tlg0656.tlg001.wellmann1906:3.74	proposed				
urn:cts:greekLit:tlg0656.tlg001.mattioli1554:3.73	edition_of	urn:cts:greekLit:tlg0656.tlg001.wellmann1906:3.75	proposed				
urn:cts:greekLit:tlg0656.tlg001.mattioli1554:3.74	edition_of	urn:cts:greekLit:tlg0656.tlg001.wellmann1906:3.76	proposed				
urn:cts:greekLit:tlg0656.tlg001.mattioli1554:3.75	edition_of	urn:cts:greekLit:tlg0656.tlg001.wellmann1906:3.77	proposed				
urn:cts:greekLit:tlg0656.tlg001.mattioli1554:3.76	edition_of	urn:cts:greekLit:tlg0656.tlg001.wellmann1906:3.78	proposed				
urn:cts:greekLit:tlg0656.tlg001.mattioli1554:3.77	edition_of	urn:cts:greekLit:tlg0656.tlg001.wellmann1906:3.79	proposed				
urn:cts:greekLit:tlg0656.tlg001.mattioli1554:3.78	edition_of	urn:cts:greekLit:tlg0656.tlg001.wellmann1906:3.80	proposed				
urn:cts:greekLit:tlg0656.tlg001.mattioli1554:3.79	edition_of	urn:cts:greekLit:tlg0656.tlg001.wellmann1906:3.81	proposed				
urn:cts:greekLit:tlg0656.tlg001.mattioli1554:3.80	edition_of	urn:cts:greekLit:tlg0656.tlg001.wellmann1906:3.82	proposed				
urn:cts:greekLit:tlg0656.tlg001.mattioli1554:3.81	edition_of	urn:cts:greekLit:tlg0656.tlg001.wellmann1906:3.83	proposed				
urn:cts:greekLit:tlg0656.tlg001.mattioli1554:3.82	edition_of	urn:cts:greekLit:tlg0656.tlg001.wellmann1906:3.84	proposed				
urn:cts:greekLit:tlg0656.tlg001.mattioli1554:3.83	edition_of	urn:cts:greekLit:tlg0656.tlg001.wellmann1906:3.85	proposed				
urn:cts:greekLit:tlg0656.tlg001.mattioli1554:3.84	edition_of	urn:cts:greekLit:tlg0656.tlg001.wellmann1906:3.86	proposed				
urn:cts:greekLit:tlg0656.tlg001.mattioli1554:3.85	edition_of	urn:cts:greekLit:tlg0656.tlg001.wellmann1906:3.87	proposed				
urn:cts:greekLit:tlg0656.tlg001.mattioli1554:3.86	edition_of	urn:cts:greekLit:tlg0656.tlg001.wellmann1906:3.88	proposed				
urn:cts:greekLit:tlg0656.tlg001.mattioli1554:3.87	edition_of	urn:cts:greekLit:tlg0656.tlg001.wellmann1906:3.89	proposed				
urn:cts:greekLit:tlg0656.tlg001.mattioli1554:3.88	edition_of	urn:cts:greekLit:tlg0656.tlg001.wellmann1906:3.90	proposed				
urn:cts:greekLit:tlg0656.tlg001.mattioli1554:3.89	edition_of	urn:cts:greekLit:tlg0656.tlg001.wellmann1906:3.91	proposed				
urn:cts:greekLit:tlg0656.tlg001.mattioli1554:3.90	edition_of	urn:cts:greekLit:tlg0656.tlg001.wellmann1906:3.92	proposed				
urn:cts:greekLit:tlg0656.tlg001.mattioli1554:3.91	edition_of	urn:cts:greekLit:tlg0656.tlg001.wellmann1906:3.93	proposed				
urn:cts:greekLit:tlg0656.tlg001.mattioli1554:3.92	edition_of	urn:cts:greekLit:tlg0656.tlg001.wellmann1906:3.94	proposed				
urn:cts:greekLit:tlg0656.tlg001.mattioli1554:3.93	edition_of	urn:cts:greekLit:tlg0656.tlg001.wellmann1906:3.95	proposed				
urn:cts:greekLit:tlg0656.tlg001.mattioli1554:3.94	edition_of	urn:cts:greekLit:tlg0656.tlg001.wellmann1906:3.96	proposed				
urn:cts:greekLit:tlg0656.tlg001.mattioli1554:3.95	edition_of	urn:cts:greekLit:tlg0656.tlg001.wellmann1906:3.97	proposed				
urn:cts:greekLit:tlg0656.tlg001.mattioli1554:3.96	edition_of	urn:cts:greekLit:tlg0656.tlg001.wellmann1906:3.98	proposed				
urn:cts:greekLit:tlg0656.tlg001.mattioli1554:3.97	edition_of	urn:cts:greekLit:tlg0656.tlg001.wellmann1906:3.99	proposed				
urn:cts:greekLit:tlg0656.tlg001.mattioli1554:3.98.translation@LYCHNIS[1]-auxiliatur[1]	edition_of	urn:cts:greekLit:tlg0656.tlg001.wellmann1906:3.100	proposed			LYCHNIS coronaria flore	
urn:cts:greekLit:tlg0656.tlg001.mattioli1554:3.98.translation@Lychnis[1]-reddi[1]	edition_of	urn:cts:greekLit:tlg0656.tlg001.wellmann1906:3.101	proposed			Lychnis syluestris omnia	
urn:cts:greekLit:tlg0656.tlg001.mattioli1554:3.99	edition_of	urn:cts:greekLit:tlg0656.tlg001.wellmann1906:3.102	proposed				
urn:cts:greekLit:tlg0656.tlg001.mattioli1554:3.100	edition_of	urn:cts:greekLit:tlg0656.tlg001.wellmann1906:3.103	proposed				
urn:cts:greekLit:tlg0656.tlg001.mattioli1554:3.101	edition_of	urn:cts:greekLit:tlg0656.tlg001.wellmann1906:3.104	proposed				
urn:cts:greekLit:tlg0656.tlg001.mattioli1554:3.102	edition_of	urn:cts:greekLit:tlg0656.tlg001.wellmann1906:3.105	proposed				
urn:cts:greekLit:tlg0656.tlg001.mattioli1554:3.103	edition_of	urn:cts:greekLit:tlg0656.tlg001.wellmann1906:3.106	proposed				
urn:cts:greekLit:tlg0656.tlg001.mattioli1554:3.104	edition_of	urn:cts:greekLit:tlg0656.tlg001.wellmann1906:3.107	proposed				
urn:cts:greekLit:tlg0656.tlg001.mattioli1554:3.105	edition_of	urn:cts:greekLit:tlg0656.tlg001.wellmann1906:3.108	proposed				
urn:cts:greekLit:tlg0656.tlg001.mattioli1554:3.106	edition_of	urn:cts:greekLit:tlg0656.tlg001.wellmann1906:3.109	proposed				
urn:cts:greekLit:tlg0656.tlg001.mattioli1554:3.107	edition_of	urn:cts:greekLit:tlg0656.tlg001.wellmann1906:3.110	proposed				
urn:cts:greekLit:tlg0656.tlg001.mattioli1554:3.108	edition_of	urn:cts:greekLit:tlg0656.tlg001.wellmann1906:3.111	proposed				
urn:cts:greekLit:tlg0656.tlg001.mattioli1554:3.109	edition_of	urn:cts:greekLit:tlg0656.tlg001.wellmann1906:3.112	proposed				
urn:cts:greekLit:tlg0656.tlg001.mattioli1554:3.110	edition_of	urn:cts:greekLit:tlg0656.tlg001.wellmann1906:3.113	proposed				
urn:cts:greekLit:tlg0656.tlg001.mattioli1554:3.112	edition_of	urn:cts:greekLit:tlg0656.tlg001.wellmann1906:3.114	proposed				
urn:cts:greekLit:tlg0656.tlg001.mattioli1554:3.113	edition_of	urn:cts:greekLit:tlg0656.tlg001.wellmann1906:3.115	proposed				
urn:cts:greekLit:tlg0656.tlg001.mattioli1554:3.114	edition_of	urn:cts:greekLit:tlg0656.tlg001.wellmann1906:3.116	proposed				
urn:cts:greekLit:tlg0656.tlg001.mattioli1554:3.115	edition_of	urn:cts:greekLit:tlg0656.tlg001.wellmann1906:3.117	proposed				
urn:cts:greekLit:tlg0656.tlg001.mattioli1554:3.116	edition_of	urn:cts:greekLit:tlg0656.tlg001.wellmann1906:3.118	proposed				
urn:cts:greekLit:tlg0656.tlg001.mattioli1554:3.117	edition_of	urn:cts:greekLit:tlg0656.tlg001.wellmann1906:3.119	proposed				
urn:cts:greekLit:tlg0656.tlg001.mattioli1554:3.118	edition_of	urn:cts:greekLit:tlg0656.tlg001.wellmann1906:3.120	proposed				
urn:cts:greekLit:tlg0656.tlg001.mattioli1554:3.119	edition_of	urn:cts:greekLit:tlg0656.tlg001.wellmann1906:3.121	proposed				
urn:cts:greekLit:tlg0656.tlg001.mattioli1554:3.120	edition_of	urn:cts:greekLit:tlg0656.tlg001.wellmann1906:3.122	proposed				
urn:cts:greekLit:tlg0656.tlg001.mattioli1554:3.121	edition_of	urn:cts:greekLit:tlg0656.tlg001.wellmann1906:3.123	proposed				
urn:cts:greekLit:tlg0656.tlg001.mattioli1554:3.122	edition_of	urn:cts:greekLit:tlg0656.tlg001.wellmann1906:3.124	proposed				
urn:cts:greekLit:tlg0656.tlg001.mattioli1554:3.123	edition_of	urn:cts:greekLit:tlg0656.tlg001.wellmann1906:3.125	proposed				
urn:cts:greekLit:tlg0656.tlg001.mattioli1554:3.124	edition_of	urn:cts:greekLit:tlg0656.tlg001.wellmann1906:3.126	proposed				
urn:cts:greekLit:tlg0656.tlg001.mattioli1554:3.125	edition_of	urn:cts:greekLit:tlg0656.tlg001.wellmann1906:3.127	proposed				
urn:cts:greekLit:tlg0656.tlg001.mattioli1554:3.126	edition_of	urn:cts:greekLit:tlg0656.tlg001.wellmann1906:3.128.1	proposed	0	64		
urn:cts:greekLit:tlg0656.tlg001.mattioli1554:3.127	edition_of	urn:cts:greekLit:tlg0656.tlg001.wellmann1906:3.128.2	proposed	64	133		
urn:cts:greekLit:tlg0656.tlg001.mattioli1554:3.128	edition_of	urn:cts:greekLit:tlg0656.tlg001.wellmann1906:3.129	proposed				
urn:cts:greekLit:tlg0656.tlg001.mattioli1554:3.129	edition_of	urn:cts:greekLit:tlg0656.tlg001.wellmann1906:3.130	proposed				
urn:cts:greekLit:tlg0656.tlg001.mattioli1554:3.130	edition_of	urn:cts:greekLit:tlg0656.tlg001.wellmann1906:3.131	proposed				
urn:cts:greekLit:tlg0656.tlg001.mattioli1554:3.131	edition_of	urn:cts:greekLit:tlg0656.tlg001.wellmann1906:3.132@132[1]-Ἁλιάρτῳ[1]	proposed	0	166		132 νυμφαία φύεται
urn:cts:greekLit:tlg0656.tlg001.mattioli1554:3.132	edition_of	urn:cts:greekLit:tlg0656.tlg001.wellmann1906:3.132.3@γίνεται[1]-ποταμόν[1]	proposed	166	210		γίνεται καὶ ἄλλη
urn:cts:greekLit:tlg0656.tlg001.mattioli1554:3.133	edition_of	urn:cts:greekLit:tlg0656.tlg001.wellmann1906:3.133	proposed				
urn:cts:greekLit:tlg0656.tlg001.mattioli1554:3.134	edition_of	urn:cts:greekLit:tlg0656.tlg001.wellmann1906:3.134	proposed				
urn:cts:greekLit:tlg0656.tlg001.mattioli1554:3.135	edition_of	urn:cts:greekLit:tlg0656.tlg001.wellmann1906:3.135	proposed				
urn:cts:greekLit:tlg0656.tlg001.mattioli1554:3.136	edition_of	urn:cts:greekLit:tlg0656.tlg001.wellmann1906:3.136	proposed				
urn:cts:greekLit:tlg0656.tlg001.mattioli1554:3.137	edition_of	urn:cts:greekLit:tlg0656.tlg001.wellmann1906:3.137	proposed				
urn:cts:greekLit:tlg0656.tlg001.mattioli1554:3.138	edition_of	urn:cts:greekLit:tlg0656.tlg001.wellmann1906:3.138	proposed				
urn:cts:greekLit:tlg0656.tlg001.mattioli1554:3.139	edition_of	urn:cts:greekLit:tlg0656.tlg001.wellmann1906:3.139	proposed				
urn:cts:greekLit:tlg0656.tlg001.mattioli1554:3.140	edition_of	urn:cts:greekLit:tlg0656.tlg001.wellmann1906:3.140	proposed				
urn:cts:greekLit:tlg0656.tlg001.mattioli1554:3.141	edition_of	urn:cts:greekLit:tlg0656.tlg001.wellmann1906:3.141	proposed				
urn:cts:greekLit:tlg0656.tlg001.mattioli1554:3.142	edition_of	urn:cts:greekLit:tlg0656.tlg001.wellmann1906:3.142	proposed				
urn:cts:greekLit:tlg0656.tlg001.mattioli1554:3.143	edition_of	urn:cts:greekLit:tlg0656.tlg001.wellmann1906:3.143	proposed				
urn:cts:greekLit:tlg0656.tlg001.mattioli1554:3.144	edition_of	urn:cts:greekLit:tlg0656.tlg001.wellmann1906:3.144	proposed				
urn:cts:greekLit:tlg0656.tlg001.mattioli1554:3.145	edition_of	urn:cts:greekLit:tlg0656.tlg001.wellmann1906:3.145	proposed				
urn:cts:greekLit:tlg0656.tlg001.mattioli1554:3.146	edition_of	urn:cts:greekLit:tlg0656.tlg001.wellmann1906:3.146	proposed				
urn:cts:greekLit:tlg0656.tlg001.mattioli1554:3.147	edition_of	urn:cts:greekLit:tlg0656.tlg001.wellmann1906:3.147	proposed				
urn:cts:greekLit:tlg0656.tlg001.mattioli1554:3.148.translation@CANNABIS[1]-instillatur[1]	edition_of	urn:cts:greekLit:tlg0656.tlg001.wellmann1906:3.148	proposed			CANNABIS satiua planta	
urn:cts:greekLit:tlg0656.tlg001.mattioli1554:3.148.translation@Syluestris[1]-accommodatus[1]	edition_of	urn:cts:greekLit:tlg0656.tlg001.wellmann1906:3.149	proposed			Syluestris cannabis uirgas	
urn:cts:greekLit:tlg0656.tlg001.mattioli1554:3.149	edition_of	urn:cts:greekLit:tlg0656.tlg001.wellmann1906:3.150	proposed				
urn:cts:greekLit:tlg0656.tlg001.mattioli1554:3.150	edition_of	urn:cts:greekLit:tlg0656.tlg001.wellmann1906:3.151	proposed				
urn:cts:greekLit:tlg0656.tlg001.mattioli1554:3.151	edition_of	urn:cts:greekLit:tlg0656.tlg001.wellmann1906:3.152	proposed				
urn:cts:greekLit:tlg0656.tlg001.mattioli1554:3.152	edition_of	urn:cts:greekLit:tlg0656.tlg001.wellmann1906:3.153	proposed				
urn:cts:greekLit:tlg0656.tlg001.mattioli1554:3.153	edition_of	urn:cts:greekLit:tlg0656.tlg001.wellmann1906:3.154	proposed				
urn:cts:greekLit:tlg0656.tlg001.mattioli1554:3.154	edition_of	urn:cts:greekLit:tlg0656.tlg001.wellmann1906:3.155@ἄσκυρον[1]-ἐπιπλασθεῖσα[1]	proposed	0	73		ἄσκυρον οἱ δὲ
urn:cts:greekLit:tlg0656.tlg001.mattioli1554:3.155	edition_of	urn:cts:greekLit:tlg0656.tlg001.wellmann1906:3.156	proposed				
urn:cts:greekLit:tlg0656.tlg001.mattioli1554:3.156	edition_of	urn:cts:greekLit:tlg0656.tlg001.wellmann1906:3.157	proposed				
urn:cts:greekLit:tlg0656.tlg001.mattioli1554:3.157	edition_of	urn:cts:greekLit:tlg0656.tlg001.wellmann1906:3.158	proposed				
urn:cts:greekLit:tlg0656.tlg001.mattioli1554:4.1	edition_of	urn:cts:greekLit:tlg0656.tlg001.wellmann1906:4.1	proposed				
urn:cts:greekLit:tlg0656.tlg001.mattioli1554:4.2	edition_of	urn:cts:greekLit:tlg0656.tlg001.wellmann1906:4.2	proposed				
urn:cts:greekLit:tlg0656.tlg001.mattioli1554:4.3	edition_of	urn:cts:greekLit:tlg0656.tlg001.wellmann1906:4.3	proposed				
urn:cts:greekLit:tlg0656.tlg001.mattioli1554:4.4.translation@POLYGONVM[1]-illinuntur[1]	edition_of	urn:cts:greekLit:tlg0656.tlg001.wellmann1906:4.4	proposed			POLYGONVM mas ramos	
urn:cts:greekLit:tlg0656.tlg001.mattioli1554:4.4.translation@Sanguinaria[1]-inefficacior[1]	edition_of	urn:cts:greekLit:tlg0656.tlg001.wellmann1906:4.5	proposed			Sanguinaria fœmina fruticat	
urn:cts:greekLit:tlg0656.tlg001.mattioli1554:4.5	edition_of	urn:cts:greekLit:tlg0656.tlg001.wellmann1906:4.6	proposed				
urn:cts:greekLit:tlg0656.tlg001.mattioli1554:4.6	edition_of	urn:cts:greekLit:tlg0656.tlg001.wellmann1906:4.7	proposed				
urn:cts:greekLit:tlg0656.tlg001.mattioli1554:4.7	edition_of	urn:cts:greekLit:tlg0656.tlg001.wellmann1906:4.180	proposed				
urn:cts:greekLit:tlg0656.tlg001.mattioli1554:4.8	edition_of	urn:cts:greekLit:tlg0656.tlg001.wellmann1906:4.8	proposed				
urn:cts:greekLit:tlg0656.tlg001.mattioli1554:4.9.translation@SYMPHYTON[1]-coalescunt[1]	edition_of	urn:cts:greekLit:tlg0656.tlg001.wellmann1906:4.9	proposed			SYMPHYTON petræon nascitur	
urn:cts:greekLit:tlg0656.tlg001.mattioli1554:4.9.translation@Est[1]-illinuntur[1]	edition_of	urn:cts:greekLit:tlg0656.tlg001.wellmann1906:4.10	proposed			Est alterum symphyton	
urn:cts:greekLit:tlg0656.tlg001.mattioli1554:4.10	edition_of	urn:cts:greekLit:tlg0656.tlg001.wellmann1906:4.11	proposed				
urn:cts:greekLit:tlg0656.tlg001.mattioli1554:4.11	edition_of	urn:cts:greekLit:tlg0656.tlg001.wellmann1906:4.12	proposed				
urn:cts:greekLit:tlg0656.tlg001.mattioli1554:4.12	edition_of	urn:cts:greekLit:tlg0656.tlg001.wellmann1906:4.13	proposed				
urn:cts:greekLit:tlg0656.tlg001.mattioli1554:4.13	edition_of	urn:cts:greekLit:tlg0656.tlg001.wellmann1906:4.14	proposed				
urn:cts:greekLit:tlg0656.tlg001.mattioli1554:4.14	edition_of	urn:cts:greekLit:tlg0656.tlg001.wellmann1906:4.15	proposed				
urn:cts:greekLit:tlg0656.tlg001.mattioli1554:4.16	edition_of	urn:cts:greekLit:tlg0656.tlg001.wellmann1906:4.16	proposed				
urn:cts:greekLit:tlg0656.tlg001.mattioli1554:4.17	edition_of	urn:cts:greekLit:tlg0656.tlg001.wellmann1906:4.17	proposed				
urn:cts:greekLit:tlg0656.tlg001.mattioli1554:4.18	edition_of	urn:cts:greekLit:tlg0656.tlg001.wellmann1906:4.18	proposed				
urn:cts:greekLit:tlg0656.tlg001.mattioli1554:4.19	edition_of	urn:cts:greekLit:tlg0656.tlg001.wellmann1906:4.19	proposed				
urn:cts:greekLit:tlg0656.tlg001.mattioli1554:4.20	edition_of	urn:cts:greekLit:tlg0656.tlg001.wellmann1906:4.20	proposed				
urn:cts:greekLit:tlg0656.tlg001.mattioli1554:4.21	edition_of	urn:cts:greekLit:tlg0656.tlg001.wellmann1906:4.21	proposed				
urn:cts:greekLit:tlg0656.tlg001.mattioli1554:4.22	edition_of	urn:cts:greekLit:tlg0656.tlg001.wellmann1906:4.22	proposed				
urn:cts:greekLit:tlg0656.tlg001.mattioli1554:4.23.translation@ANCHVSA[1]-unguentorumspissamenta[1]	edition_of	urn:cts:greekLit:tlg0656.tlg001.wellmann1906:4.23	proposed			ANCHVSA quæ alio	
urn:cts:greekLit:tlg0656.tlg001.mattioli1554:4.23.translation@Est[1]-necabit[1]	edition_of	urn:cts:greekLit:tlg0656.tlg001.wellmann1906:4.24	proposed			Est altera quam	
urn:cts:greekLit:tlg0656.tlg001.mattioli1554:4.23.translation@Est[2]-tineasexcutit[1]	edition_of	urn:cts:greekLit:tlg0656.tlg001.wellmann1906:4.25	proposed			Est alia huic	
urn:cts:greekLit:tlg0656.tlg001.mattioli1554:4.24	edition_of	urn:cts:greekLit:tlg0656.tlg001.wellmann1906:4.26	proposed				
urn:cts:greekLit:tlg0656.tlg001.mattioli1554:4.25	edition_of	urn:cts:greekLit:tlg0656.tlg001.wellmann1906:4.27	proposed				
urn:cts:greekLit:tlg0656.tlg001.mattioli1554:4.26	edition_of	urn:cts:greekLit:tlg0656.tlg001.wellmann1906:4.28	proposed				
urn:cts:greekLit:tlg0656.tlg001.mattioli1554:4.27	edition_of	urn:cts:greekLit:tlg0656.tlg001.wellmann1906:4.141	proposed				
urn:cts:greekLit:tlg0656.tlg001.mattioli1554:4.28.translation@GRAMEN[1]-comminuit[1]	edition_of	urn:cts:greekLit:tlg0656.tlg001.wellmann1906:4.29	proposed			GRAMEN geniculatis serpit	
urn:cts:greekLit:tlg0656.tlg001.mattioli1554:4.28.translation@Est[1]-nascitur[1]	edition_of	urn:cts:greekLit:tlg0656.tlg001.wellmann1906:4.30	proposed			Est arundinaceum gramen	
urn:cts:greekLit:tlg0656.tlg001.mattioli1554:4.28.translation@Quod[1]-uomitionesq́uesistit[1]	edition_of	urn:cts:greekLit:tlg0656.tlg001.wellmann1906:4.31	proposed			Quod in Parnaso	
urn:cts:greekLit:tlg0656.tlg001.mattioli1554:4.28.translation@Natum[1]-sæpepascantur[1]	edition_of	urn:cts:greekLit:tlg0656.tlg001.wellmann1906:4.32	proposed			Natum in Cilicia	
urn:cts:greekLit:tlg0656.tlg001.mattioli1554:4.29	edition_of	urn:cts:greekLit:tlg0656.tlg001.wellmann1906:4.33	proposed				
urn:cts:greekLit:tlg0656.tlg001.mattioli1554:4.30	edition_of	urn:cts:greekLit:tlg0656.tlg001.wellmann1906:4.34	proposed				
urn:cts:greekLit:tlg0656.tlg001.mattioli1554:4.31	edition_of	urn:cts:greekLit:tlg0656.tlg001.wellmann1906:4.35	proposed				
urn:cts:greekLit:tlg0656.tlg001.mattioli1554:4.32	edition_of	urn:cts:greekLit:tlg0656.tlg001.wellmann1906:4.36	proposed				
urn:cts:greekLit:tlg0656.tlg001.mattioli1554:4.33	edition_of	urn:cts:greekLit:tlg0656.tlg001.wellmann1906:4.37	proposed				
urn:cts:greekLit:tlg0656.tlg001.mattioli1554:4.34	edition_of	urn:cts:greekLit:tlg0656.tlg001.wellmann1906:4.38	proposed				
urn:cts:greekLit:tlg0656.tlg001.mattioli1554:4.35	edition_of	urn:cts:greekLit:tlg0656.tlg001.wellmann1906:4.39	proposed				
urn:cts:greekLit:tlg0656.tlg001.mattioli1554:4.36	edition_of	urn:cts:greekLit:tlg0656.tlg001.wellmann1906:4.40	proposed				
urn:cts:greekLit:tlg0656.tlg001.mattioli1554:4.37	edition_of	urn:cts:greekLit:tlg0656.tlg001.wellmann1906:4.41	proposed				
urn:cts:greekLit:tlg0656.tlg001.mattioli1554:4.38	edition_of	urn:cts:greekLit:tlg0656.tlg001.wellmann1906:4.42	proposed				
urn:cts:greekLit:tlg0656.tlg001.mattioli1554:4.39	edition_of	urn:cts:greekLit:tlg0656.tlg001.wellmann1906:4.43	proposed				
urn:cts:greekLit:tlg0656.tlg001.mattioli1554:4.40	edition_of	urn:cts:greekLit:tlg0656.tlg001.wellmann1906:4.44	proposed				
urn:cts:greekLit:tlg0656.tlg001.mattioli1554:4.41	edition_of	urn:cts:greekLit:tlg0656.tlg001.wellmann1906:4.45	proposed				
urn:cts:greekLit:tlg0656.tlg001.mattioli1554:4.42.translation@EQVISETVM[1]-feruntur[1]	edition_of	urn:cts:greekLit:tlg0656.tlg001.wellmann1906:4.46	proposed			EQVISETVM in riguis	
urn:cts:greekLit:tlg0656.tlg001.mattioli1554:4.42.translation@Alterum[1]-facultate[1]	edition_of	urn:cts:greekLit:tlg0656.tlg001.wellmann1906:4.47	proposed			Alterum Equisetum caulis	
urn:cts:greekLit:tlg0656.tlg001.mattioli1554:4.43	edition_of	urn:cts:greekLit:tlg0656.tlg001.wellmann1906:4.48	proposed				
urn:cts:greekLit:tlg0656.tlg001.mattioli1554:4.44	edition_of	urn:cts:greekLit:tlg0656.tlg001.wellmann1906:4.49	proposed				
urn:cts:greekLit:tlg0656.tlg001.mattioli1554:4.45	edition_of	urn:cts:greekLit:tlg0656.tlg001.wellmann1906:4.50	proposed				
urn:cts:greekLit:tlg0656.tlg001.mattioli1554:4.46	edition_of	urn:cts:greekLit:tlg0656.tlg001.wellmann1906:4.51	proposed				
urn:cts:greekLit:tlg0656.tlg001.mattioli1554:4.47	edition_of	urn:cts:greekLit:tlg0656.tlg001.wellmann1906:4.52	proposed				
urn:cts:greekLit:tlg0656.tlg001.mattioli1554:4.48	edition_of	urn:cts:greekLit:tlg0656.tlg001.wellmann1906:4.53	proposed				
urn:cts:greekLit:tlg0656.tlg001.mattioli1554:4.49	edition_of	urn:cts:greekLit:tlg0656.tlg001.wellmann1906:4.54	proposed				
urn:cts:greekLit:tlg0656.tlg001.mattioli1554:4.50	edition_of	urn:cts:greekLit:tlg0656.tlg001.wellmann1906:4.55	proposed				
urn:cts:greekLit:tlg0656.tlg001.mattioli1554:4.51	edition_of	urn:cts:greekLit:tlg0656.tlg001.wellmann1906:4.56	proposed				
urn:cts:greekLit:tlg0656.tlg001.mattioli1554:4.52	edition_of	urn:cts:greekLit:tlg0656.tlg001.wellmann1906:4.57	proposed				
urn:cts:greekLit:tlg0656.tlg001.mattioli1554:4.53	edition_of	urn:cts:greekLit:tlg0656.tlg001.wellmann1906:4.58RVRV	proposed				
urn:cts:greekLit:tlg0656.tlg001.mattioli1554:4.54	edition_of	urn:cts:greekLit:tlg0656.tlg001.wellmann1906:4.58	proposed				
urn:cts:greekLit:tlg0656.tlg001.mattioli1554:4.55	edition_of	urn:cts:greekLit:tlg0656.tlg001.wellmann1906:4.59	proposed				
urn:cts:greekLit:tlg0656.tlg001.mattioli1554:4.56	edition_of	urn:cts:greekLit:tlg0656.tlg001.wellmann1906:4.60	proposed				
urn:cts:greekLit:tlg0656.tlg001.mattioli1554:4.57	edition_of	urn:cts:greekLit:tlg0656.tlg001.wellmann1906:4.61	proposed				
urn:cts:greekLit:tlg0656.tlg001.mattioli1554:4.58	edition_of	urn:cts:greekLit:tlg0656.tlg001.wellmann1906:4.62	proposed				
urn:cts:greekLit:tlg0656.tlg001.mattioli1554:4.59	edition_of	urn:cts:greekLit:tlg0656.tlg001.wellmann1906:4.63	proposed				
urn:cts:greekLit:tlg0656.tlg001.mattioli1554:4.60	edition_of	urn:cts:greekLit:tlg0656.tlg001.wellmann1906:4.64	proposed				
urn:cts:greekLit:tlg0656.tlg001.mattioli1554:4.61	edition_of	urn:cts:greekLit:tlg0656.tlg001.wellmann1906:4.65	proposed				
urn:cts:greekLit:tlg0656.tlg001.mattioli1554:4.62	edition_of	urn:cts:greekLit:tlg0656.tlg001.wellmann1906:4.66	proposed				
urn:cts:greekLit:tlg0656.tlg001.mattioli1554:4.63	edition_of	urn:cts:greekLit:tlg0656.tlg001.wellmann1906:4.67	proposed				
urn:cts:greekLit:tlg0656.tlg001.mattioli1554:4.64	edition_of	urn:cts:greekLit:tlg0656.tlg001.wellmann1906:4.68	proposed				
urn:cts:greekLit:tlg0656.tlg001.mattioli1554:4.65	edition_of	urn:cts:greekLit:tlg0656.tlg001.wellmann1906:4.69	proposed				
urn:cts:greekLit:tlg0656.tlg001.mattioli1554:4.66	edition_of	urn:cts:greekLit:tlg0656.tlg001.wellmann1906:4.70	proposed				
urn:cts:greekLit:tlg0656.tlg001.mattioli1554:4.67	edition_of	urn:cts:greekLit:tlg0656.tlg001.wellmann1906:4.71	proposed				
urn:cts:greekLit:tlg0656.tlg001.mattioli1554:4.68	edition_of	urn:cts:greekLit:tlg0656.tlg001.wellmann1906:4.72	proposed				
urn:cts:greekLit:tlg0656.tlg001.mattioli1554:4.69	edition_of	urn:cts:greekLit:tlg0656.tlg001.wellmann1906:4.73	proposed				
urn:cts:greekLit:tlg0656.tlg001.mattioli1554:4.70	edition_of	urn:cts:greekLit:tlg0656.tlg001.wellmann1906:4.74	proposed				
urn:cts:greekLit:tlg0656.tlg001.mattioli1554:4.71	edition_of	urn:cts:greekLit:tlg0656.tlg001.wellmann1906:4.75	proposed				
urn:cts:greekLit:tlg0656.tlg001.mattioli1554:4.72	edition_of	urn:cts:greekLit:tlg0656.tlg001.wellmann1906:4.76	proposed				
urn:cts:greekLit:tlg0656.tlg001.mattioli1554:4.73	edition_of	urn:cts:greekLit:tlg0656.tlg001.wellmann1906:4.77	proposed				
urn:cts:greekLit:tlg0656.tlg001.mattioli1554:4.74	edition_of	urn:cts:greekLit:tlg0656.tlg001.wellmann1906:4.78	proposed				
urn:cts:greekLit:tlg0656.tlg001.mattioli1554:4.75	edition_of	urn:cts:greekLit:tlg0656.tlg001.wellmann1906:4.79	proposed				
urn:cts:greekLit:tlg0656.tlg001.mattioli1554:4.76	edition_of	urn:cts:greekLit:tlg0656.tlg001.wellmann1906:4.80	proposed				
urn:cts:greekLit:tlg0656.tlg001.mattioli1554:4.77	edition_of	urn:cts:greekLit:tlg0656.tlg001.wellmann1906:4.81	proposed				
urn:cts:greekLit:tlg0656.tlg001.mattioli1554:4.78	edition_of	urn:cts:greekLit:tlg0656.tlg001.wellmann1906:4.82	proposed				
urn:cts:greekLit:tlg0656.tlg001.mattioli1554:4.79	edition_of	urn:cts:greekLit:tlg0656.tlg001.wellmann1906:4.83	proposed				
urn:cts:greekLit:tlg0656.tlg001.mattioli1554:4.80	edition_of	urn:cts:greekLit:tlg0656.tlg001.wellmann1906:4.84	proposed				
urn:cts:greekLit:tlg0656.tlg001.mattioli1554:4.81	edition_of	urn:cts:greekLit:tlg0656.tlg001.wellmann1906:4.85	proposed				
urn:cts:greekLit:tlg0656.tlg001.mattioli1554:4.82	edition_of	urn:cts:greekLit:tlg0656.tlg001.wellmann1906:4.86	proposed				
urn:cts:greekLit:tlg0656.tlg001.mattioli1554:4.83	edition_of	urn:cts:greekLit:tlg0656.tlg001.wellmann1906:4.87	proposed				
urn:cts:greekLit:tlg0656.tlg001.mattioli1554:4.84	edition_of	urn:cts:greekLit:tlg0656.tlg001.wellmann1906:4.88	proposed				
urn:cts:greekLit:tlg0656.tlg001.mattioli1554:4.85	edition_of	urn:cts:greekLit:tlg0656.tlg001.wellmann1906:4.89	proposed				
urn:cts:greekLit:tlg0656.tlg001.mattioli1554:4.86	edition_of	urn:cts:greekLit:tlg0656.tlg001.wellmann1906:4.90	proposed				
urn:cts:greekLit:tlg0656.tlg001.mattioli1554:4.87	edition_of	urn:cts:greekLit:tlg0656.tlg001.wellmann1906:4.91	proposed				
urn:cts:greekLit:tlg0656.tlg001.mattioli1554:4.88	edition_of	urn:cts:greekLit:tlg0656.tlg001.wellmann1906:4.92	proposed				
urn:cts:greekLit:tlg0656.tlg001.mattioli1554:4.89	edition_of	urn:cts:greekLit:tlg0656.tlg001.wellmann1906:4.93	proposed				
urn:cts:greekLit:tlg0656.tlg001.mattioli1554:4.90	edition_of	urn:cts:greekLit:tlg0656.tlg001.wellmann1906:4.94	proposed				
urn:cts:greekLit:tlg0656.tlg001.mattioli1554:4.91	edition_of	urn:cts:greekLit:tlg0656.tlg001.wellmann1906:4.95	proposed				
urn:cts:greekLit:tlg0656.tlg001.mattioli1554:4.92	edition_of	urn:cts:greekLit:tlg0656.tlg001.wellmann1906:4.96	proposed				
urn:cts:greekLit:tlg0656.tlg001.mattioli1554:4.93	edition_of	urn:cts:greekLit:tlg0656.tlg001.wellmann1906:4.97	proposed				
urn:cts:greekLit:tlg0656.tlg001.mattioli1554:4.94	edition_of	urn:cts:greekLit:tlg0656.tlg001.wellmann1906:4.98	proposed				
urn:cts:greekLit:tlg0656.tlg001.mattioli1554:4.95	edition_of	urn:cts:greekLit:tlg0656.tlg001.wellmann1906:4.99	proposed				
urn:cts:greekLit:tlg0656.tlg001.mattioli1554:4.96	edition_of	urn:cts:greekLit:tlg0656.tlg001.wellmann1906:4.100	proposed				
urn:cts:greekLit:tlg0656.tlg001.mattioli1554:4.97	edition_of	urn:cts:greekLit:tlg0656.tlg001.wellmann1906:4.101	proposed				
urn:cts:greekLit:tlg0656.tlg001.mattioli1554:4.98	edition_of	urn:cts:greekLit:tlg0656.tlg001.wellmann1906:4.102	proposed				
urn:cts:greekLit:tlg0656.tlg001.mattioli1554:4.99	edition_of	urn:cts:greekLit:tlg0656.tlg001.wellmann1906:4.103	proposed				
urn:cts:greekLit:tlg0656.tlg001.mattioli1554:4.100	edition_of	urn:cts:greekLit:tlg0656.tlg001.wellmann1906:4.104	proposed				
urn:cts:greekLit:tlg0656.tlg001.mattioli1554:4.101	edition_of	urn:cts:greekLit:tlg0656.tlg001.wellmann1906:4.105	proposed				
urn:cts:greekLit:tlg0656.tlg001.mattioli1554:4.102	edition_of	urn:cts:greekLit:tlg0656.tlg001.wellmann1906:4.106	proposed				
urn:cts:greekLit:tlg0656.tlg001.mattioli1554:4.103	edition_of	urn:cts:greekLit:tlg0656.tlg001.wellmann1906:4.107	proposed				
urn:cts:greekLit:tlg0656.tlg001.mattioli1554:4.104	edition_of	urn:cts:greekLit:tlg0656.tlg001.wellmann1906:4.108	proposed				
urn:cts:greekLit:tlg0656.tlg001.mattioli1554:4.105	edition_of	urn:cts:greekLit:tlg0656.tlg001.wellmann1906:4.109	proposed				
urn:cts:greekLit:tlg0656.tlg001.mattioli1554:4.106	edition_of	urn:cts:greekLit:tlg0656.tlg001.wellmann1906:4.110	proposed				
urn:cts:greekLit:tlg0656.tlg001.mattioli1554:4.107	edition_of	urn:cts:greekLit:tlg0656.tlg001.wellmann1906:4.111	proposed				
urn:cts:greekLit:tlg0656.tlg001.mattioli1554:4.108	edition_of	urn:cts:greekLit:tlg0656.tlg001.wellmann1906:4.112	proposed				
urn:cts:greekLit:tlg0656.tlg001.mattioli1554:4.109	edition_of	urn:cts:greekLit:tlg0656.tlg001.wellmann1906:4.113	proposed				
urn:cts:greekLit:tlg0656.tlg001.mattioli1554:4.110	edition_of	urn:cts:greekLit:tlg0656.tlg001.wellmann1906:4.114	proposed				
urn:cts:greekLit:tlg0656.tlg001.mattioli1554:4.111	edition_of	urn:cts:greekLit:tlg0656.tlg001.wellmann1906:4.115	proposed				
urn:cts:greekLit:tlg0656.tlg001.mattioli1554:4.112	edition_of	urn:cts:greekLit:tlg0656.tlg001.wellmann1906:4.116	proposed				
urn:cts:greekLit:tlg0656.tlg001.mattioli1554:4.113	edition_of	urn:cts:greekLit:tlg0656.tlg001.wellmann1906:4.117	proposed				
urn:cts:greekLit:tlg0656.tlg001.mattioli1554:4.114	edition_of	urn:cts:greekLit:tlg0656.tlg001.wellmann1906:4.118	proposed				
urn:cts:greekLit:tlg0656.tlg001.mattioli1554:4.115.translation@ASTER[1]-hirsuta[1]	edition_of	urn:cts:greekLit:tlg0656.tlg001.wellmann1906:4.119	proposed			ASTER Atticus cauliculus	
urn:cts:greekLit:tlg0656.tlg001.mattioli1554:4.115.translation@Feruenti[1]-liberat[1]	edition_of	urn:cts:greekLit:tlg0656.tlg001.wellmann1906:4.121@βοηθεῖ[1]-παίδων[1]	proposed	41	69	Feruenti stomacho oculorum	βοηθεῖ δὲ στομάχῳ
urn:cts:greekLit:tlg0656.tlg001.mattioli1554:4.116	edition_of	urn:cts:greekLit:tlg0656.tlg001.wellmann1906:4.120	proposed				
urn:cts:greekLit:tlg0656.tlg001.mattioli1554:4.117	edition_of	urn:cts:greekLit:tlg0656.tlg001.wellmann1906:4.121@ἴον[1]-προπτώσεσι[1]	proposed	0	53		ἴον φύλλον ἔχει
urn:cts:greekLit:tlg0656.tlg001.mattioli1554:4.118	edition_of	urn:cts:greekLit:tlg0656.tlg001.wellmann1906:4.122	proposed				
urn:cts:greekLit:tlg0656.tlg001.mattioli1554:4.119	edition_of	urn:cts:greekLit:tlg0656.tlg001.wellmann1906:4.123	proposed				
urn:cts:greekLit:tlg0656.tlg001.mattioli1554:4.120	edition_of	urn:cts:greekLit:tlg0656.tlg001.wellmann1906:4.124	proposed				
urn:cts:greekLit:tlg0656.tlg001.mattioli1554:4.121	edition_of	urn:cts:greekLit:tlg0656.tlg001.wellmann1906:4.125	proposed				
urn:cts:greekLit:tlg0656.tlg001.mattioli1554:4.122	edition_of	urn:cts:greekLit:tlg0656.tlg001.wellmann1906:4.126	proposed				
urn:cts:greekLit:tlg0656.tlg001.mattioli1554:4.123	edition_of	urn:cts:greekLit:tlg0656.tlg001.wellmann1906:4.127@βούγλωσσον[1]-εἶναι[1]	proposed	0	22		βούγλωσσον ἔοικε φλόμῳ
urn:cts:greekLit:tlg0656.tlg001.mattioli1554:4.124	edition_of	urn:cts:greekLit:tlg0656.tlg001.wellmann1906:4.127@κυνόγλωσσον[1]-μαλακτική[1]	proposed	23	89		κυνόγλωσσον οἱ δὲ
urn:cts:greekLit:tlg0656.tlg001.mattioli1554:4.125	edition_of	urn:cts:greekLit:tlg0656.tlg001.wellmann1906:4.128	proposed				
urn:cts:greekLit:tlg0656.tlg001.mattioli1554:4.126	edition_of	urn:cts:greekLit:tlg0656.tlg001.wellmann1906:4.133	proposed				
urn:cts:greekLit:tlg0656.tlg001.mattioli1554:4.127	edition_of	urn:cts:greekLit:tlg0656.tlg001.wellmann1906:4.129	proposed				
urn:cts:greekLit:tlg0656.tlg001.mattioli1554:4.128	edition_of	urn:cts:greekLit:tlg0656.tlg001.wellmann1906:4.130	proposed				
urn:cts:greekLit:tlg0656.tlg001.mattioli1554:4.129	edition_of	urn:cts:greekLit:tlg0656.tlg001.wellmann1906:4.131	proposed				
urn:cts:greekLit:tlg0656.tlg001.mattioli1554:4.130	edition_of	urn:cts:greekLit:tlg0656.tlg001.wellmann1906:4.132	proposed				
urn:cts:greekLit:tlg0656.tlg001.mattioli1554:4.131	edition_of	urn:cts:greekLit:tlg0656.tlg001.wellmann1906:4.134	proposed				
urn:cts:greekLit:tlg0656.tlg001.mattioli1554:4.132	edition_of	urn:cts:greekLit:tlg0656.tlg001.wellmann1906:4.135	proposed				
urn:cts:greekLit:tlg0656.tlg001.mattioli1554:4.133	edition_of	urn:cts:greekLit:tlg0656.tlg001.wellmann1906:4.136	proposed				
urn:cts:greekLit:tlg0656.tlg001.mattioli1554:4.134	edition_of	urn:cts:greekLit:tlg0656.tlg001.wellmann1906:4.137	proposed				
urn:cts:greekLit:tlg0656.tlg001.mattioli1554:4.136	edition_of	urn:cts:greekLit:tlg0656.tlg001.wellmann1906:4.138	proposed				
urn:cts:greekLit:tlg0656.tlg001.mattioli1554:4.137	edition_of	urn:cts:greekLit:tlg0656.tlg001.wellmann1906:4.139	proposed				
urn:cts:greekLit:tlg0656.tlg001.mattioli1554:4.138	edition_of	urn:cts:greekLit:tlg0656.tlg001.wellmann1906:4.140	proposed				
urn:cts:greekLit:tlg0656.tlg001.mattioli1554:4.139	edition_of	urn:cts:greekLit:tlg0656.tlg001.wellmann1906:4.142	proposed				
urn:cts:greekLit:tlg0656.tlg001.mattioli1554:4.140	edition_of	urn:cts:greekLit:tlg0656.tlg001.wellmann1906:4.143	proposed				
urn:cts:greekLit:tlg0656.tlg001.mattioli1554:4.141	edition_of	urn:cts:greekLit:tlg0656.tlg001.wellmann1906:4.144	proposed				
urn:cts:greekLit:tlg0656.tlg001.mattioli1554:4.142	edition_of	urn:cts:greekLit:tlg0656.tlg001.wellmann1906:4.145	proposed				
urn:cts:greekLit:tlg0656.tlg001.mattioli1554:4.143	edition_of	urn:cts:greekLit:tlg0656.tlg001.wellmann1906:4.146	proposed				
urn:cts:greekLit:tlg0656.tlg001.mattioli1554:4.144.translation@CHAMAEDAPHNE[1]-bibuntur[1]	edition_of	urn:cts:greekLit:tlg0656.tlg001.wellmann1906:4.147	proposed			CHAMAEDAPHNE virgas emittit	
urn:cts:greekLit:tlg0656.tlg001.mattioli1554:4.144.translation@Potus[1]-appositus[1]	edition_of	urn:cts:greekLit:tlg0656.tlg001.wellmann1906:4.147a	proposed			Potus cum vino	
urn:cts:greekLit:tlg0656.tlg001.mattioli1554:4.145	edition_of	urn:cts:greekLit:tlg0656.tlg001.wellmann1906:4.148	proposed				
urn:cts:greekLit:tlg0656.tlg001.mattioli1554:4.146	edition_of	urn:cts:greekLit:tlg0656.tlg001.wellmann1906:4.162	proposed				
urn:cts:greekLit:tlg0656.tlg001.mattioli1554:4.147	edition_of	urn:cts:greekLit:tlg0656.tlg001.wellmann1906:4.149	proposed				
urn:cts:greekLit:tlg0656.tlg001.mattioli1554:4.148	edition_of	urn:cts:greekLit:tlg0656.tlg001.wellmann1906:4.163	proposed				
urn:cts:greekLit:tlg0656.tlg001.mattioli1554:4.149	edition_of	urn:cts:greekLit:tlg0656.tlg001.wellmann1906:4.150	proposed				
urn:cts:greekLit:tlg0656.tlg001.mattioli1554:4.150	edition_of	urn:cts:greekLit:tlg0656.tlg001.wellmann1906:4.152	proposed				
urn:cts:greekLit:tlg0656.tlg001.mattioli1554:4.151	edition_of	urn:cts:greekLit:tlg0656.tlg001.wellmann1906:4.153	proposed				
urn:cts:greekLit:tlg0656.tlg001.mattioli1554:4.152	edition_of	urn:cts:greekLit:tlg0656.tlg001.wellmann1906:4.154	proposed				
urn:cts:greekLit:tlg0656.tlg001.mattioli1554:4.153	edition_of	urn:cts:greekLit:tlg0656.tlg001.wellmann1906:4.155	proposed				
urn:cts:greekLit:tlg0656.tlg001.mattioli1554:4.154	edition_of	urn:cts:greekLit:tlg0656.tlg001.wellmann1906:4.157	proposed				
urn:cts:greekLit:tlg0656.tlg001.mattioli1554:4.155	edition_of	urn:cts:greekLit:tlg0656.tlg001.wellmann1906:4.158	proposed				
urn:cts:greekLit:tlg0656.tlg001.mattioli1554:4.156	edition_of	urn:cts:greekLit:tlg0656.tlg001.wellmann1906:4.159	proposed				
urn:cts:greekLit:tlg0656.tlg001.mattioli1554:4.157	edition_of	urn:cts:greekLit:tlg0656.tlg001.wellmann1906:4.160	proposed				
urn:cts:greekLit:tlg0656.tlg001.mattioli1554:4.158	edition_of	urn:cts:greekLit:tlg0656.tlg001.wellmann1906:4.161	proposed				
urn:cts:greekLit:tlg0656.tlg001.mattioli1554:4.159	edition_of	urn:cts:greekLit:tlg0656.tlg001.wellmann1906:4.164	proposed				
urn:cts:greekLit:tlg0656.tlg001.mattioli1554:4.160	edition_of	urn:cts:greekLit:tlg0656.tlg001.wellmann1906:4.165	proposed				
urn:cts:greekLit:tlg0656.tlg001.mattioli1554:4.161	edition_of	urn:cts:greekLit:tlg0656.tlg001.wellmann1906:4.166	proposed				
urn:cts:greekLit:tlg0656.tlg001.mattioli1554:4.162	edition_of	urn:cts:greekLit:tlg0656.tlg001.wellmann1906:4.167	proposed				
urn:cts:greekLit:tlg0656.tlg001.mattioli1554:4.163	edition_of	urn:cts:greekLit:tlg0656.tlg001.wellmann1906:4.168	proposed				
urn:cts:greekLit:tlg0656.tlg001.mattioli1554:4.164	edition_of	urn:cts:greekLit:tlg0656.tlg001.wellmann1906:4.169	proposed				
urn:cts:greekLit:tlg0656.tlg001.mattioli1554:4.165	edition_of	urn:cts:greekLit:tlg0656.tlg001.wellmann1906:4.170	proposed				
urn:cts:greekLit:tlg0656.tlg001.mattioli1554:4.166	edition_of	urn:cts:greekLit:tlg0656.tlg001.wellmann1906:4.171	proposed				
urn:cts:greekLit:tlg0656.tlg001.mattioli1554:4.167	edition_of	urn:cts:greekLit:tlg0656.tlg001.wellmann1906:4.172	proposed				
urn:cts:greekLit:tlg0656.tlg001.mattioli1554:4.168	edition_of	urn:cts:greekLit:tlg0656.tlg001.wellmann1906:4.173	proposed				
urn:cts:greekLit:tlg0656.tlg001.mattioli1554:4.169	edition_of	urn:cts:greekLit:tlg0656.tlg001.wellmann1906:4.174	proposed				
urn:cts:greekLit:tlg0656.tlg001.mattioli1554:4.170	edition_of	urn:cts:greekLit:tlg0656.tlg001.wellmann1906:4.175	proposed				
urn:cts:greekLit:tlg0656.tlg001.mattioli1554:4.171	edition_of	urn:cts:greekLit:tlg0656.tlg001.wellmann1906:4.176	proposed				
urn:cts:greekLit:tlg0656.tlg001.mattioli1554:4.172	edition_of	urn:cts:greekLit:tlg0656.tlg001.wellmann1906:4.177	proposed				
urn:cts:greekLit:tlg0656.tlg001.mattioli1554:4.173	edition_of	urn:cts:greekLit:tlg0656.tlg001.wellmann1906:4.178	proposed				
urn:cts:greekLit:tlg0656.tlg001.mattioli1554:4.174	edition_of	urn:cts:greekLit:tlg0656.tlg001.wellmann1906:4.179	proposed				
urn:cts:greekLit:tlg0656.tlg001.mattioli1554:4.175	edition_of	urn:cts:greekLit:tlg0656.tlg001.wellmann1906:4.181	proposed				
urn:cts:greekLit:tlg0656.tlg001.mattioli1554:4.176	edition_of	urn:cts:greekLit:tlg0656.tlg001.wellmann1906:4.182	proposed				
urn:cts:greekLit:tlg0656.tlg001.mattioli1554:4.177	edition_of	urn:cts:greekLit:tlg0656.tlg001.wellmann1906:4.183	proposed				
urn:cts:greekLit:tlg0656.tlg001.mattioli1554:4.178	edition_of	urn:cts:greekLit:tlg0656.tlg001.wellmann1906:4.184	proposed				
urn:cts:greekLit:tlg0656.tlg001.mattioli1554:4.179	edition_of	urn:cts:greekLit:tlg0656.tlg001.wellmann1906:4.185	proposed				
urn:cts:greekLit:tlg0656.tlg001.mattioli1554:4.180	edition_of	urn:cts:greekLit:tlg0656.tlg001.wellmann1906:4.186	proposed				
urn:cts:greekLit:tlg0656.tlg001.mattioli1554:4.181	edition_of	urn:cts:greekLit:tlg0656.tlg001.wellmann1906:4.187	proposed				
urn:cts:greekLit:tlg0656.tlg001.mattioli1554:4.182	edition_of	urn:cts:greekLit:tlg0656.tlg001.wellmann1906:4.188	proposed				
urn:cts:greekLit:tlg0656.tlg001.mattioli1554:4.183	edition_of	urn:cts:greekLit:tlg0656.tlg001.wellmann1906:4.189	proposed				
urn:cts:greekLit:tlg0656.tlg001.mattioli1554:4.184	edition_of	urn:cts:greekLit:tlg0656.tlg001.wellmann1906:4.190RVRV	proposed				
urn:cts:greekLit:tlg0656.tlg001.mattioli1554:4.185	edition_of	urn:cts:greekLit:tlg0656.tlg001.wellmann1906:4.190	proposed				
urn:cts:greekLit:tlg0656.tlg001.mattioli1554:4.186	edition_of	urn:cts:greekLit:tlg0656.tlg001.wellmann1906:4.191	proposed				
urn:cts:greekLit:tlg0656.tlg001.mattioli1554:4.187	edition_of	urn:cts:greekLit:tlg0656.tlg001.wellmann1906:4.192	proposed				
urn:cts:greekLit:tlg0656.tlg001.mattioli1554:5.1	edition_of	urn:cts:greekLit:tlg0656.tlg001.wellmann1906:5.1	proposed				
urn:cts:greekLit:tlg0656.tlg001.mattioli1554:5.2	edition_of	urn:cts:greekLit:tlg0656.tlg001.wellmann1906:5.2	proposed				
urn:cts:greekLit:tlg0656.tlg001.mattioli1554:5.3	edition_of	urn:cts:greekLit:tlg0656.tlg001.wellmann1906:5.3.1-5.3.2	proposed	0	157		
urn:cts:greekLit:tlg0656.tlg001.mattioli1554:5.4	edition_of	urn:cts:greekLit:tlg0656.tlg001.wellmann1906:5.3.3	proposed	157	252		
urn:cts:greekLit:tlg0656.tlg001.mattioli1554:5.5	edition_of	urn:cts:greekLit:tlg0656.tlg001.wellmann1906:5.4	proposed				
urn:cts:greekLit:tlg0656.tlg001.mattioli1554:5.6	edition_of	urn:cts:greekLit:tlg0656.tlg001.wellmann1906:5.5	proposed				
urn:cts:greekLit:tlg0656.tlg001.mattioli1554:5.7	edition_of	urn:cts:greekLit:tlg0656.tlg001.wellmann1906:5.6.1-5.6.13	proposed	0	915		
urn:cts:greekLit:tlg0656.tlg001.mattioli1554:5.8	edition_of	urn:cts:greekLit:tlg0656.tlg001.wellmann1906:5.6@ὀμφακίτης[1]-πότιμοι[1]	proposed	915	991		ὀμφακίτης ὁ δὲ
urn:cts:greekLit:tlg0656.tlg001.mattioli1554:5.9	edition_of	urn:cts:greekLit:tlg0656.tlg001.wellmann1906:5.6@δευτερίας[1]-ἐνιαυτόν[2]	proposed	991	1137		δευτερίας ὁ δὲ
urn:cts:greekLit:tlg0656.tlg001.mattioli1554:5.10	edition_of	urn:cts:greekLit:tlg0656.tlg001.wellmann1906:5.6.17@ἀγριοσταφυλίτης[1]-χρῄζει[1]	proposed	1137	1161		ἀγριοσταφυλίτης ὁ δὲ
urn:cts:greekLit:tlg0656.tlg001.mattioli1554:5.11	edition_of	urn:cts:greekLit:tlg0656.tlg001.wellmann1906:5.7	proposed				
urn:cts:greekLit:tlg0656.tlg001.mattioli1554:5.12	edition_of	urn:cts:greekLit:tlg0656.tlg001.wellmann1906:5.8	proposed				
urn:cts:greekLit:tlg0656.tlg001.mattioli1554:5.13	edition_of	urn:cts:greekLit:tlg0656.tlg001.wellmann1906:5.9	proposed				
urn:cts:greekLit:tlg0656.tlg001.mattioli1554:5.14	edition_of	urn:cts:greekLit:tlg0656.tlg001.wellmann1906:5.10	proposed				
urn:cts:greekLit:tlg0656.tlg001.mattioli1554:5.15	edition_of	urn:cts:greekLit:tlg0656.tlg001.wellmann1906:5.11	proposed				
urn:cts:greekLit:tlg0656.tlg001.mattioli1554:5.16	edition_of	urn:cts:greekLit:tlg0656.tlg001.wellmann1906:5.12	proposed				
urn:cts:greekLit:tlg0656.tlg001.mattioli1554:5.17	edition_of	urn:cts:greekLit:tlg0656.tlg001.wellmann1906:5.13	proposed				
urn:cts:greekLit:tlg0656.tlg001.mattioli1554:5.18	edition_of	urn:cts:greekLit:tlg0656.tlg001.wellmann1906:5.14	proposed				
urn:cts:greekLit:tlg0656.tlg001.mattioli1554:5.19	edition_of	urn:cts:greekLit:tlg0656.tlg001.wellmann1906:5.15	proposed				
urn:cts:greekLit:tlg0656.tlg001.mattioli1554:5.20	edition_of	urn:cts:greekLit:tlg0656.tlg001.wellmann1906:5.16	proposed				
urn:cts:greekLit:tlg0656.tlg001.mattioli1554:5.21	edition_of	urn:cts:greekLit:tlg0656.tlg001.wellmann1906:5.17	proposed				
urn:cts:greekLit:tlg0656.tlg001.mattioli1554:5.22	edition_of	urn:cts:greekLit:tlg0656.tlg001.wellmann1906:5.18	proposed				
urn:cts:greekLit:tlg0656.tlg001.mattioli1554:5.23	edition_of	urn:cts:greekLit:tlg0656.tlg001.wellmann1906:5.19	proposed				
urn:cts:greekLit:tlg0656.tlg001.mattioli1554:5.24.translation@CYDONITES[1]-difficultati[1]	edition_of	urn:cts:greekLit:tlg0656.tlg001.wellmann1906:5.20	proposed			CYDONITES nomine alio	
urn:cts:greekLit:tlg0656.tlg001.mattioli1554:5.24.translation@Melomeli[1]-compositio[1]	edition_of	urn:cts:greekLit:tlg0656.tlg001.wellmann1906:5.21	proposed			Melomeli quod cydonomeli	
urn:cts:greekLit:tlg0656.tlg001.mattioli1554:5.25	edition_of	urn:cts:greekLit:tlg0656.tlg001.wellmann1906:5.22	proposed				
urn:cts:greekLit:tlg0656.tlg001.mattioli1554:5.26	edition_of	urn:cts:greekLit:tlg0656.tlg001.wellmann1906:5.23	proposed				
urn:cts:greekLit:tlg0656.tlg001.mattioli1554:5.27	edition_of	urn:cts:greekLit:tlg0656.tlg001.wellmann1906:5.24	proposed				
urn:cts:greekLit:tlg0656.tlg001.mattioli1554:5.28	edition_of	urn:cts:greekLit:tlg0656.tlg001.wellmann1906:5.25	proposed				
urn:cts:greekLit:tlg0656.tlg001.mattioli1554:5.29	edition_of	urn:cts:greekLit:tlg0656.tlg001.wellmann1906:5.26	proposed				
urn:cts:greekLit:tlg0656.tlg001.mattioli1554:5.30	edition_of	urn:cts:greekLit:tlg0656.tlg001.wellmann1906:5.27	proposed				
urn:cts:greekLit:tlg0656.tlg001.mattioli1554:5.31	edition_of	urn:cts:greekLit:tlg0656.tlg001.wellmann1906:5.28	proposed				
urn:cts:greekLit:tlg0656.tlg001.mattioli1554:5.32	edition_of	urn:cts:greekLit:tlg0656.tlg001.wellmann1906:5.29	proposed				
urn:cts:greekLit:tlg0656.tlg001.mattioli1554:5.33	edition_of	urn:cts:greekLit:tlg0656.tlg001.wellmann1906:5.30	proposed				
urn:cts:greekLit:tlg0656.tlg001.mattioli1554:5.34	edition_of	urn:cts:greekLit:tlg0656.tlg001.wellmann1906:5.31	proposed				
urn:cts:greekLit:tlg0656.tlg001.mattioli1554:5.35.translation@CATORCHITES[1]-expleuerint[1]	edition_of	urn:cts:greekLit:tlg0656.tlg001.wellmann1906:5.32	proposed			CATORCHITES aliquibus sycites	
urn:cts:greekLit:tlg0656.tlg001.mattioli1554:5.35.translation@Fit[1]-possit[1]	edition_of	urn:cts:greekLit:tlg0656.tlg001.wellmann1906:5.33	proposed			Fit è sycomoris	
urn:cts:greekLit:tlg0656.tlg001.mattioli1554:5.36	edition_of	urn:cts:greekLit:tlg0656.tlg001.wellmann1906:5.34	proposed				
urn:cts:greekLit:tlg0656.tlg001.mattioli1554:5.37	edition_of	urn:cts:greekLit:tlg0656.tlg001.wellmann1906:5.35	proposed				
urn:cts:greekLit:tlg0656.tlg001.mattioli1554:5.38.translation@ARBORIBVS[1]-ualens[1]	edition_of	urn:cts:greekLit:tlg0656.tlg001.wellmann1906:5.36	proposed			ARBORIBVS AC FRVCTIBVS	
urn:cts:greekLit:tlg0656.tlg001.mattioli1554:5.38.translation@Cedrites[1]-medetur[1]	edition_of	urn:cts:greekLit:tlg0656.tlg001.wellmann1906:5.37	proposed			Cedrites hoc modo	
urn:cts:greekLit:tlg0656.tlg001.mattioli1554:5.39	edition_of	urn:cts:greekLit:tlg0656.tlg001.wellmann1906:5.38	proposed				
urn:cts:greekLit:tlg0656.tlg001.mattioli1554:5.40	edition_of	urn:cts:greekLit:tlg0656.tlg001.wellmann1906:5.39	proposed				
urn:cts:greekLit:tlg0656.tlg001.mattioli1554:5.41	edition_of	urn:cts:greekLit:tlg0656.tlg001.wellmann1906:5.40	proposed				
urn:cts:greekLit:tlg0656.tlg001.mattioli1554:5.42.translation@SIMILI[1]-redditur[1]	edition_of	urn:cts:greekLit:tlg0656.tlg001.wellmann1906:5.41	proposed			SIMILI modo chamædryites	
urn:cts:greekLit:tlg0656.tlg001.mattioli1554:5.42.translation@Stœchadites[1]-sagapeno[1]	edition_of	urn:cts:greekLit:tlg0656.tlg001.wellmann1906:5.42	proposed			Stœchadites non secus	
urn:cts:greekLit:tlg0656.tlg001.mattioli1554:5.42.translation@Fit[1]-effectus[1]	edition_of	urn:cts:greekLit:tlg0656.tlg001.wellmann1906:5.43	proposed			Fit ad eadem	
urn:cts:greekLit:tlg0656.tlg001.mattioli1554:5.42.translation@Fit[2]-utile[1]	edition_of	urn:cts:greekLit:tlg0656.tlg001.wellmann1906:5.44	proposed			Fit vinum è	
urn:cts:greekLit:tlg0656.tlg001.mattioli1554:5.42.translation@Tragoriganites[1]-concoctionibus[1]	edition_of	urn:cts:greekLit:tlg0656.tlg001.wellmann1906:5.45	proposed			Tragoriganites fit quaternis	
urn:cts:greekLit:tlg0656.tlg001.mattioli1554:5.42.translation@E'[1]-fatigatis[1]	edition_of	urn:cts:greekLit:tlg0656.tlg001.wellmann1906:5.46	proposed			E' napis fit	
urn:cts:greekLit:tlg0656.tlg001.mattioli1554:5.42.translation@Dictami[1]-subducit[1]	edition_of	urn:cts:greekLit:tlg0656.tlg001.wellmann1906:5.47	proposed			Dictami drachmasquatuor macerato	
urn:cts:greekLit:tlg0656.tlg001.mattioli1554:5.42.translation@Marrubij[1]-quibusmarrubium[1]	edition_of	urn:cts:greekLit:tlg0656.tlg001.wellmann1906:5.48	proposed			Marrubij adulti folia	
urn:cts:greekLit:tlg0656.tlg001.mattioli1554:5.42.translation@Thymi[1]-locus[1]	edition_of	urn:cts:greekLit:tlg0656.tlg001.wellmann1906:5.49	proposed			Thymi tusi cribrati	
urn:cts:greekLit:tlg0656.tlg001.mattioli1554:5.42.translation@Simili[1]-præstat[1]	edition_of	urn:cts:greekLit:tlg0656.tlg001.wellmann1906:5.50	proposed			Simili modo è	
urn:cts:greekLit:tlg0656.tlg001.mattioli1554:5.42.translation@Sic[1]-thymites[2]	edition_of	urn:cts:greekLit:tlg0656.tlg001.wellmann1906:5.51	proposed			Sic quoque origanitesex	
urn:cts:greekLit:tlg0656.tlg001.mattioli1554:5.42.translation@E'[2]-moueant[1]	edition_of	urn:cts:greekLit:tlg0656.tlg001.wellmann1906:5.52	proposed			E' calamintha pulegio	
urn:cts:greekLit:tlg0656.tlg001.mattioli1554:5.42.translation@Fit[4]-efficax[1]	edition_of	urn:cts:greekLit:tlg0656.tlg001.wellmann1906:5.53	proposed			Fit item è	
urn:cts:greekLit:tlg0656.tlg001.mattioli1554:5.43	edition_of	urn:cts:greekLit:tlg0656.tlg001.wellmann1906:5.54	proposed				
urn:cts:greekLit:tlg0656.tlg001.mattioli1554:5.44.translation@FACTA[1]-mensura[1]	edition_of	urn:cts:greekLit:tlg0656.tlg001.wellmann1906:5.55	proposed			FACTA CAP XLIIII	
urn:cts:greekLit:tlg0656.tlg001.mattioli1554:5.44.translation@Fit[1]-pellit[1]	edition_of	urn:cts:greekLit:tlg0656.tlg001.wellmann1906:5.56	proposed			Fit quoque nectarites	
urn:cts:greekLit:tlg0656.tlg001.mattioli1554:5.44.translation@E'[1]-adijciunt[1]	edition_of	urn:cts:greekLit:tlg0656.tlg001.wellmann1906:5.57	proposed			E' Syriaca nardo	
urn:cts:greekLit:tlg0656.tlg001.mattioli1554:5.44.translation@Asari[1]-conuenit[1]	edition_of	urn:cts:greekLit:tlg0656.tlg001.wellmann1906:5.58	proposed			Asari quadrantem insenos	
urn:cts:greekLit:tlg0656.tlg001.mattioli1554:5.44.translation@Radicis[1]-stomachicis[2]	edition_of	urn:cts:greekLit:tlg0656.tlg001.wellmann1906:5.59	proposed			Radicis syluestris nardi	
urn:cts:greekLit:tlg0656.tlg001.mattioli1554:5.45.translation@RADICIS[1]-vulsisq́ue[1]	edition_of	urn:cts:greekLit:tlg0656.tlg001.wellmann1906:5.60	proposed			RADICIS dauci contusæ	
urn:cts:greekLit:tlg0656.tlg001.mattioli1554:5.45.translation@Saluiæ[1]-menses[2]	edition_of	urn:cts:greekLit:tlg0656.tlg001.wellmann1906:5.61	proposed			Saluiæ vnciam in	
urn:cts:greekLit:tlg0656.tlg001.mattioli1554:5.45.translation@Panacis[1]-auxiliatur[1]	edition_of	urn:cts:greekLit:tlg0656.tlg001.wellmann1906:5.62	proposed			Panacis vnciam in	
urn:cts:greekLit:tlg0656.tlg001.mattioli1554:5.45.translation@Vina[1]-mouent[1]	edition_of	urn:cts:greekLit:tlg0656.tlg001.wellmann1906:5.63	proposed			Vina ex acoro	
urn:cts:greekLit:tlg0656.tlg001.mattioli1554:5.45.translation@Seminis[1]-facit[1]	edition_of	urn:cts:greekLit:tlg0656.tlg001.wellmann1906:5.64	proposed			Seminis apij recentis	
urn:cts:greekLit:tlg0656.tlg001.mattioli1554:5.45.translation@Ex[1]-efficacia[1]	edition_of	urn:cts:greekLit:tlg0656.tlg001.wellmann1906:5.65	proposed			Ex foeniculo anetho	
urn:cts:greekLit:tlg0656.tlg001.mattioli1554:5.45.translation@Fit[1]-prodest[2]	edition_of	urn:cts:greekLit:tlg0656.tlg001.wellmann1906:5.66	proposed			Fit è flore	
urn:cts:greekLit:tlg0656.tlg001.mattioli1554:5.45.translation@Fit[2]-dilutum[1]	edition_of	urn:cts:greekLit:tlg0656.tlg001.wellmann1906:5.67	proposed			Fit etiam uinum	
urn:cts:greekLit:tlg0656.tlg001.mattioli1554:5.45.translation@Ramorum[1]-absumit[1]	edition_of	urn:cts:greekLit:tlg0656.tlg001.wellmann1906:5.68	proposed			Ramorum thymelææ cum	
urn:cts:greekLit:tlg0656.tlg001.mattioli1554:5.45.translation@Chamelæa[1]-purgantur[1]	edition_of	urn:cts:greekLit:tlg0656.tlg001.wellmann1906:5.69	proposed			Chamelæa dum floret	
urn:cts:greekLit:tlg0656.tlg001.mattioli1554:5.45.translation@Chamæpityinum[1]-ciet[2]	edition_of	urn:cts:greekLit:tlg0656.tlg001.wellmann1906:5.70	proposed			Chamæpityinum similimodo fit	
urn:cts:greekLit:tlg0656.tlg001.mattioli1554:5.45.translation@Librum[1]-præstat[1]	edition_of	urn:cts:greekLit:tlg0656.tlg001.wellmann1906:5.71	proposed			Librum radicis mandragoræ	
urn:cts:greekLit:tlg0656.tlg001.mattioli1554:5.45.translation@In[1]-efficax[3]	edition_of	urn:cts:greekLit:tlg0656.tlg001.wellmann1906:5.72	proposed			In congium musti	
urn:cts:greekLit:tlg0656.tlg001.mattioli1554:5.45.translation@Scammonites[1]-extrahit[3]	edition_of	urn:cts:greekLit:tlg0656.tlg001.wellmann1906:5.73	proposed			Scammonites sic fit	
urn:cts:greekLit:tlg0656.tlg001.mattioli1554:5.46	edition_of	urn:cts:greekLit:tlg0656.tlg001.wellmann1906:5.74	proposed				
urn:cts:greekLit:tlg0656.tlg001.mattioli1554:5.47	edition_of	urn:cts:greekLit:tlg0656.tlg001.wellmann1906:5.75	proposed				
urn:cts:greekLit:tlg0656.tlg001.mattioli1554:5.48	edition_of	urn:cts:greekLit:tlg0656.tlg001.wellmann1906:5.76	proposed				
urn:cts:greekLit:tlg0656.tlg001.mattioli1554:5.49	edition_of	urn:cts:greekLit:tlg0656.tlg001.wellmann1906:5.77	proposed				
urn:cts:greekLit:tlg0656.tlg001.mattioli1554:5.50	edition_of	urn:cts:greekLit:tlg0656.tlg001.wellmann1906:5.78@78[1]-ἀποτίθενται[1]	proposed	0	223		78 λεπὶς δὲ
urn:cts:greekLit:tlg0656.tlg001.mattioli1554:5.51	edition_of	urn:cts:greekLit:tlg0656.tlg001.wellmann1906:5.78.5@λεπίδος[1]-χαλκοῦ[2]	proposed	223	249		λεπίδος δὲ στομώματος
urn:cts:greekLit:tlg0656.tlg001.mattioli1554:5.52	edition_of	urn:cts:greekLit:tlg0656.tlg001.wellmann1906:5.79.1-5.79.5	proposed	0	299		
urn:cts:greekLit:tlg0656.tlg001.mattioli1554:5.53	edition_of	urn:cts:greekLit:tlg0656.tlg001.wellmann1906:5.79.6-5.79.11	proposed	299	633		
urn:cts:greekLit:tlg0656.tlg001.mattioli1554:5.54	edition_of	urn:cts:greekLit:tlg0656.tlg001.wellmann1906:5.80	proposed				
urn:cts:greekLit:tlg0656.tlg001.mattioli1554:5.56	edition_of	urn:cts:greekLit:tlg0656.tlg001.wellmann1906:5.81.1-5.81.3	proposed	0	185		
urn:cts:greekLit:tlg0656.tlg001.mattioli1554:5.57	edition_of	urn:cts:greekLit:tlg0656.tlg001.wellmann1906:5.81.4-5.81.6	proposed	185	346		
urn:cts:greekLit:tlg0656.tlg001.mattioli1554:5.58	edition_of	urn:cts:greekLit:tlg0656.tlg001.wellmann1906:5.82	proposed				
urn:cts:greekLit:tlg0656.tlg001.mattioli1554:5.59	edition_of	urn:cts:greekLit:tlg0656.tlg001.wellmann1906:5.83	proposed				
urn:cts:greekLit:tlg0656.tlg001.mattioli1554:5.60	edition_of	urn:cts:greekLit:tlg0656.tlg001.wellmann1906:5.84	proposed				
urn:cts:greekLit:tlg0656.tlg001.mattioli1554:5.61	edition_of	urn:cts:greekLit:tlg0656.tlg001.wellmann1906:5.85	proposed				
urn:cts:greekLit:tlg0656.tlg001.mattioli1554:5.62	edition_of	urn:cts:greekLit:tlg0656.tlg001.wellmann1906:5.86	proposed				
urn:cts:greekLit:tlg0656.tlg001.mattioli1554:5.63	edition_of	urn:cts:greekLit:tlg0656.tlg001.wellmann1906:5.87	proposed				
urn:cts:greekLit:tlg0656.tlg001.mattioli1554:5.64	edition_of	urn:cts:greekLit:tlg0656.tlg001.wellmann1906:5.88	proposed				
urn:cts:greekLit:tlg0656.tlg001.mattioli1554:5.65	edition_of	urn:cts:greekLit:tlg0656.tlg001.wellmann1906:5.89	proposed				
urn:cts:greekLit:tlg0656.tlg001.mattioli1554:5.66	edition_of	urn:cts:greekLit:tlg0656.tlg001.wellmann1906:5.90	proposed				
urn:cts:greekLit:tlg0656.tlg001.mattioli1554:5.67	edition_of	urn:cts:greekLit:tlg0656.tlg001.wellmann1906:5.91	proposed				
urn:cts:greekLit:tlg0656.tlg001.mattioli1554:5.68	edition_of	urn:cts:greekLit:tlg0656.tlg001.wellmann1906:5.92	proposed				
urn:cts:greekLit:tlg0656.tlg001.mattioli1554:5.69	edition_of	urn:cts:greekLit:tlg0656.tlg001.wellmann1906:5.93	proposed				
urn:cts:greekLit:tlg0656.tlg001.mattioli1554:5.70	edition_of	urn:cts:greekLit:tlg0656.tlg001.wellmann1906:5.94	proposed				
urn:cts:greekLit:tlg0656.tlg001.mattioli1554:5.71	edition_of	urn:cts:greekLit:tlg0656.tlg001.wellmann1906:5.95	proposed				
urn:cts:greekLit:tlg0656.tlg001.mattioli1554:5.72	edition_of	urn:cts:greekLit:tlg0656.tlg001.wellmann1906:5.96.1-5.96.2	proposed	0	63		
urn:cts:greekLit:tlg0656.tlg001.mattioli1554:5.73	edition_of	urn:cts:greekLit:tlg0656.tlg001.wellmann1906:5.96.3	proposed	63	95		
urn:cts:greekLit:tlg0656.tlg001.mattioli1554:5.74	edition_of	urn:cts:greekLit:tlg0656.tlg001.wellmann1906:5.97	proposed				
urn:cts:greekLit:tlg0656.tlg001.mattioli1554:5.75	edition_of	urn:cts:greekLit:tlg0656.tlg001.wellmann1906:5.98	proposed				
urn:cts:greekLit:tlg0656.tlg001.mattioli1554:5.76	edition_of	urn:cts:greekLit:tlg0656.tlg001.wellmann1906:5.99	proposed				
urn:cts:greekLit:tlg0656.tlg001.mattioli1554:5.77	edition_of	urn:cts:greekLit:tlg0656.tlg001.wellmann1906:5.100	proposed				
urn:cts:greekLit:tlg0656.tlg001.mattioli1554:5.78	edition_of	urn:cts:greekLit:tlg0656.tlg001.wellmann1906:5.101	proposed				
urn:cts:greekLit:tlg0656.tlg001.mattioli1554:5.79	edition_of	urn:cts:greekLit:tlg0656.tlg001.wellmann1906:5.102	proposed				
urn:cts:greekLit:tlg0656.tlg001.mattioli1554:5.80	edition_of	urn:cts:greekLit:tlg0656.tlg001.wellmann1906:5.103	proposed				
urn:cts:greekLit:tlg0656.tlg001.mattioli1554:5.81	edition_of	urn:cts:greekLit:tlg0656.tlg001.wellmann1906:5.104	proposed				
urn:cts:greekLit:tlg0656.tlg001.mattioli1554:5.82	edition_of	urn:cts:greekLit:tlg0656.tlg001.wellmann1906:5.105	proposed				
urn:cts:greekLit:tlg0656.tlg001.mattioli1554:5.83	edition_of	urn:cts:greekLit:tlg0656.tlg001.wellmann1906:5.106	proposed				
urn:cts:greekLit:tlg0656.tlg001.mattioli1554:5.84	edition_of	urn:cts:greekLit:tlg0656.tlg001.wellmann1906:5.107	proposed				
urn:cts:greekLit:tlg0656.tlg001.mattioli1554:5.85	edition_of	urn:cts:greekLit:tlg0656.tlg001.wellmann1906:5.108	proposed				
urn:cts:greekLit:tlg0656.tlg001.mattioli1554:5.86	edition_of	urn:cts:greekLit:tlg0656.tlg001.wellmann1906:5.109	proposed				
urn:cts:greekLit:tlg0656.tlg001.mattioli1554:5.87	edition_of	urn:cts:greekLit:tlg0656.tlg001.wellmann1906:5.110	proposed				
urn:cts:greekLit:tlg0656.tlg001.mattioli1554:5.88	edition_of	urn:cts:greekLit:tlg0656.tlg001.wellmann1906:5.111	proposed				
urn:cts:greekLit:tlg0656.tlg001.mattioli1554:5.89	edition_of	urn:cts:greekLit:tlg0656.tlg001.wellmann1906:5.112	proposed				
urn:cts:greekLit:tlg0656.tlg001.mattioli1554:5.90	edition_of	urn:cts:greekLit:tlg0656.tlg001.wellmann1906:5.113	proposed				
urn:cts:greekLit:tlg0656.tlg001.mattioli1554:5.91	edition_of	urn:cts:greekLit:tlg0656.tlg001.wellmann1906:5.114	proposed				
urn:cts:greekLit:tlg0656.tlg001.mattioli1554:5.92	edition_of	urn:cts:greekLit:tlg0656.tlg001.wellmann1906:5.115	proposed				
urn:cts:greekLit:tlg0656.tlg001.mattioli1554:5.93	edition_of	urn:cts:greekLit:tlg0656.tlg001.wellmann1906:5.116	proposed				
urn:cts:greekLit:tlg0656.tlg001.mattioli1554:5.94	edition_of	urn:cts:greekLit:tlg0656.tlg001.wellmann1906:5.117	proposed				
urn:cts:greekLit:tlg0656.tlg001.mattioli1554:5.95	edition_of	urn:cts:greekLit:tlg0656.tlg001.wellmann1906:5.118	proposed				
urn:cts:greekLit:tlg0656.tlg001.mattioli1554:5.96	edition_of	urn:cts:greekLit:tlg0656.tlg001.wellmann1906:5.119	proposed				
urn:cts:greekLit:tlg0656.tlg001.mattioli1554:5.97	edition_of	urn:cts:greekLit:tlg0656.tlg001.wellmann1906:5.120	proposed				
urn:cts:greekLit:tlg0656.tlg001.mattioli1554:5.98.translation@CORALLIVM[1]-absumit[1]	edition_of	urn:cts:greekLit:tlg0656.tlg001.wellmann1906:5.121	proposed			CORALLIVM quod aliqui	
urn:cts:greekLit:tlg0656.tlg001.mattioli1554:5.98.translation@Quod[2]-habet[1]	edition_of	urn:cts:greekLit:tlg0656.tlg001.wellmann1906:5.122	proposed			Quod antipathes uocant	
urn:cts:greekLit:tlg0656.tlg001.mattioli1554:5.99	edition_of	urn:cts:greekLit:tlg0656.tlg001.wellmann1906:5.123	proposed				
urn:cts:greekLit:tlg0656.tlg001.mattioli1554:5.100	edition_of	urn:cts:greekLit:tlg0656.tlg001.wellmann1906:5.124	proposed				
urn:cts:greekLit:tlg0656.tlg001.mattioli1554:5.101	edition_of	urn:cts:greekLit:tlg0656.tlg001.wellmann1906:5.125	proposed				
urn:cts:greekLit:tlg0656.tlg001.mattioli1554:5.102	edition_of	urn:cts:greekLit:tlg0656.tlg001.wellmann1906:5.126	proposed				
urn:cts:greekLit:tlg0656.tlg001.mattioli1554:5.103	edition_of	urn:cts:greekLit:tlg0656.tlg001.wellmann1906:5.127	proposed				
urn:cts:greekLit:tlg0656.tlg001.mattioli1554:5.104	edition_of	urn:cts:greekLit:tlg0656.tlg001.wellmann1906:5.128	proposed				
urn:cts:greekLit:tlg0656.tlg001.mattioli1554:5.105	edition_of	urn:cts:greekLit:tlg0656.tlg001.wellmann1906:5.129	proposed				
urn:cts:greekLit:tlg0656.tlg001.mattioli1554:5.106	edition_of	urn:cts:greekLit:tlg0656.tlg001.wellmann1906:5.130	proposed				
urn:cts:greekLit:tlg0656.tlg001.mattioli1554:5.107	edition_of	urn:cts:greekLit:tlg0656.tlg001.wellmann1906:5.131	proposed				
urn:cts:greekLit:tlg0656.tlg001.mattioli1554:5.108	edition_of	urn:cts:greekLit:tlg0656.tlg001.wellmann1906:5.132	proposed				
urn:cts:greekLit:tlg0656.tlg001.mattioli1554:5.109	edition_of	urn:cts:greekLit:tlg0656.tlg001.wellmann1906:5.133	proposed				
urn:cts:greekLit:tlg0656.tlg001.mattioli1554:5.110	edition_of	urn:cts:greekLit:tlg0656.tlg001.wellmann1906:5.134	proposed				
urn:cts:greekLit:tlg0656.tlg001.mattioli1554:5.111	edition_of	urn:cts:greekLit:tlg0656.tlg001.wellmann1906:5.135	proposed				
urn:cts:greekLit:tlg0656.tlg001.mattioli1554:5.112	edition_of	urn:cts:greekLit:tlg0656.tlg001.wellmann1906:5.136	proposed				
urn:cts:greekLit:tlg0656.tlg001.mattioli1554:5.113	edition_of	urn:cts:greekLit:tlg0656.tlg001.wellmann1906:5.137	proposed				
urn:cts:greekLit:tlg0656.tlg001.mattioli1554:5.114	edition_of	urn:cts:greekLit:tlg0656.tlg001.wellmann1906:5.138	proposed				
urn:cts:greekLit:tlg0656.tlg001.mattioli1554:5.115	edition_of	urn:cts:greekLit:tlg0656.tlg001.wellmann1906:5.139	proposed				
urn:cts:greekLit:tlg0656.tlg001.mattioli1554:5.116	edition_of	urn:cts:greekLit:tlg0656.tlg001.wellmann1906:5.140	proposed				
urn:cts:greekLit:tlg0656.tlg001.mattioli1554:5.117	edition_of	urn:cts:greekLit:tlg0656.tlg001.wellmann1906:5.141	proposed				
urn:cts:greekLit:tlg0656.tlg001.mattioli1554:5.118	edition_of	urn:cts:greekLit:tlg0656.tlg001.wellmann1906:5.142	proposed				
urn:cts:greekLit:tlg0656.tlg001.mattioli1554:5.120	edition_of	urn:cts:greekLit:tlg0656.tlg001.wellmann1906:5.143	proposed				
urn:cts:greekLit:tlg0656.tlg001.mattioli1554:5.121	edition_of	urn:cts:greekLit:tlg0656.tlg001.wellmann1906:5.144	proposed				
urn:cts:greekLit:tlg0656.tlg001.mattioli1554:5.122	edition_of	urn:cts:greekLit:tlg0656.tlg001.wellmann1906:5.145	proposed				
urn:cts:greekLit:tlg0656.tlg001.mattioli1554:5.123	edition_of	urn:cts:greekLit:tlg0656.tlg001.wellmann1906:5.146	proposed				
urn:cts:greekLit:tlg0656.tlg001.mattioli1554:5.124	edition_of	urn:cts:greekLit:tlg0656.tlg001.wellmann1906:5.147	proposed				
urn:cts:greekLit:tlg0656.tlg001.mattioli1554:5.125	edition_of	urn:cts:greekLit:tlg0656.tlg001.wellmann1906:5.148	proposed				
urn:cts:greekLit:tlg0656.tlg001.mattioli1554:5.126	edition_of	urn:cts:greekLit:tlg0656.tlg001.wellmann1906:5.149	proposed				
urn:cts:greekLit:tlg0656.tlg001.mattioli1554:5.127	edition_of	urn:cts:greekLit:tlg0656.tlg001.wellmann1906:5.150	proposed				
urn:cts:greekLit:tlg0656.tlg001.mattioli1554:5.128	edition_of	urn:cts:greekLit:tlg0656.tlg001.wellmann1906:5.151	proposed				
urn:cts:greekLit:tlg0656.tlg001.mattioli1554:5.129	edition_of	urn:cts:greekLit:tlg0656.tlg001.wellmann1906:5.152	proposed				
urn:cts:greekLit:tlg0656.tlg001.mattioli1554:5.130	edition_of	urn:cts:greekLit:tlg0656.tlg001.wellmann1906:5.153	proposed				
urn:cts:greekLit:tlg0656.tlg001.mattioli1554:5.131	edition_of	urn:cts:greekLit:tlg0656.tlg001.wellmann1906:5.154	proposed				
urn:cts:greekLit:tlg0656.tlg001.mattioli1554:5.132	edition_of	urn:cts:greekLit:tlg0656.tlg001.wellmann1906:5.155.1	proposed	0	52		
urn:cts:greekLit:tlg0656.tlg001.mattioli1554:5.133	edition_of	urn:cts:greekLit:tlg0656.tlg001.wellmann1906:5.155.2	proposed	52	76		
urn:cts:greekLit:tlg0656.tlg001.mattioli1554:5.134	edition_of	urn:cts:greekLit:tlg0656.tlg001.wellmann1906:5.156	proposed				
urn:cts:greekLit:tlg0656.tlg001.mattioli1554:5.135	edition_of	urn:cts:greekLit:tlg0656.tlg001.wellmann1906:5.157	proposed				
urn:cts:greekLit:tlg0656.tlg001.mattioli1554:5.136	edition_of	urn:cts:greekLit:tlg0656.tlg001.wellmann1906:5.158@ὄστρακα[1]-διαφορεῖ[1]	proposed	0	25		ὄστρακα δὲ τὰ
urn:cts:greekLit:tlg0656.tlg001.mattioli1554:5.137	edition_of	urn:cts:greekLit:tlg0656.tlg001.wellmann1906:5.158@καὶ[3]-ὀστράκοις[1]	proposed	25	40		καὶ ἡ ἐκ
urn:cts:greekLit:tlg0656.tlg001.mattioli1554:5.138	edition_of	urn:cts:greekLit:tlg0656.tlg001.wellmann1906:5.159	proposed				
urn:cts:greekLit:tlg0656.tlg001.mattioli1554:5.139	edition_of	urn:cts:greekLit:tlg0656.tlg001.wellmann1906:5.160	proposed				
urn:cts:greekLit:tlg0656.tlg001.mattioli1554:5.140	edition_of	urn:cts:greekLit:tlg0656.tlg001.wellmann1906:5.161	proposed				
urn:cts:greekLit:tlg0656.tlg001.mattioli1554:5.141	edition_of	urn:cts:greekLit:tlg0656.tlg001.wellmann1906:5.162	proposed				
urn:cts:greekLit:tlg0656.tlg001.mattioli1554:1.praef	edition_of	urn:cts:greekLit:tlg0656.tlg001.wellmann1906:1.praef	proposed				
urn:cts:greekLit:tlg0656.tlg001.mattioli1554:2.praef	edition_of	urn:cts:greekLit:tlg0656.tlg001.wellmann1906:2.arg	proposed				
urn:cts:greekLit:tlg0656.tlg001.mattioli1554:3.praef	edition_of	urn:cts:greekLit:tlg0656.tlg001.wellmann1906:3.arg	proposed				
urn:cts:greekLit:tlg0656.tlg001.mattioli1554:4.praef	edition_of	urn:cts:greekLit:tlg0656.tlg001.wellmann1906:4.arg	proposed				
urn:cts:greekLit:tlg0656.tlg001.mattioli1554:5.praef	edition_of	urn:cts:greekLit:tlg0656.tlg001.wellmann1906:5.arg	proposed				
urn:cts:greekLit:tlg0656.tlg001.gunther1934:1.1	edition_of	urn:cts:greekLit:tlg0656.tlg001.wellmann1906:1.1	proposed				
urn:cts:greekLit:tlg0656.tlg001.gunther1934:1.2	edition_of	urn:cts:greekLit:tlg0656.tlg001.wellmann1906:1.2	proposed				
urn:cts:greekLit:tlg0656.tlg001.gunther1934:1.3	edition_of	urn:cts:greekLit:tlg0656.tlg001.wellmann1906:1.3	proposed				
urn:cts:greekLit:tlg0656.tlg001.gunther1934:1.4@The[1]-ofoyntments[1]	edition_of	urn:cts:greekLit:tlg0656.tlg001.wellmann1906:1.4	proposed			The Romans call	
urn:cts:greekLit:tlg0656.tlg001.gunther1934:1.5	edition_of	urn:cts:greekLit:tlg0656.tlg001.wellmann1906:1.6	proposed				
urn:cts:greekLit:tlg0656.tlg001.gunther1934:1.6	edition_of	urn:cts:greekLit:tlg0656.tlg001.wellmann1906:1.7	proposed				
urn:cts:greekLit:tlg0656.tlg001.gunther1934:1.7	edition_of	urn:cts:greekLit:tlg0656.tlg001.wellmann1906:1.8	proposed				
urn:cts:greekLit:tlg0656.tlg001.gunther1934:1.8	edition_of	urn:cts:greekLit:tlg0656.tlg001.wellmann1906:1.9	proposed				
urn:cts:greekLit:tlg0656.tlg001.gunther1934:1.9	edition_of	urn:cts:greekLit:tlg0656.tlg001.wellmann1906:1.10	proposed				
urn:cts:greekLit:tlg0656.tlg001.gunther1934:1.10	edition_of	urn:cts:greekLit:tlg0656.tlg001.wellmann1906:1.11	proposed				
urn:cts:greekLit:tlg0656.tlg001.gunther1934:1.11	edition_of	urn:cts:greekLit:tlg0656.tlg001.wellmann1906:1.12	proposed				
urn:cts:greekLit:tlg0656.tlg001.gunther1934:1.12	edition_of	urn:cts:greekLit:tlg0656.tlg001.wellmann1906:1.13	proposed				
urn:cts:greekLit:tlg0656.tlg001.gunther1934:1.13	edition_of	urn:cts:greekLit:tlg0656.tlg001.wellmann1906:1.14	proposed				
urn:cts:greekLit:tlg0656.tlg001.gunther1934:1.14	edition_of	urn:cts:greekLit:tlg0656.tlg001.wellmann1906:1.15	proposed				
urn:cts:greekLit:tlg0656.tlg001.gunther1934:1.15	edition_of	urn:cts:greekLit:tlg0656.tlg001.wellmann1906:1.16	proposed				
urn:cts:greekLit:tlg0656.tlg001.gunther1934:1.16	edition_of	urn:cts:greekLit:tlg0656.tlg001.wellmann1906:1.17	proposed				
urn:cts:greekLit:tlg0656.tlg001.gunther1934:1.17	edition_of	urn:cts:greekLit:tlg0656.tlg001.wellmann1906:1.18	proposed				
urn:cts:greekLit:tlg0656.tlg001.gunther1934:1.18	edition_of	urn:cts:greekLit:tlg0656.tlg001.wellmann1906:1.19	proposed				
urn:cts:greekLit:tlg0656.tlg001.gunther1934:1.19	edition_of	urn:cts:greekLit:tlg0656.tlg001.wellmann1906:1.20	proposed				
urn:cts:greekLit:tlg0656.tlg001.gunther1934:1.20	edition_of	urn:cts:greekLit:tlg0656.tlg001.wellmann1906:1.21	proposed				
urn:cts:greekLit:tlg0656.tlg001.gunther1934:1.21	edition_of	urn:cts:greekLit:tlg0656.tlg001.wellmann1906:1.22	proposed				
urn:cts:greekLit:tlg0656.tlg001.gunther1934:1.22	edition_of	urn:cts:greekLit:tlg0656.tlg001.wellmann1906:1.23	proposed				
urn:cts:greekLit:tlg0656.tlg001.gunther1934:1.23	edition_of	urn:cts:greekLit:tlg0656.tlg001.wellmann1906:1.24	proposed				
urn:cts:greekLit:tlg0656.tlg001.gunther1934:1.24	edition_of	urn:cts:greekLit:tlg0656.tlg001.wellmann1906:1.25	proposed				
urn:cts:greekLit:tlg0656.tlg001.gunther1934:1.25	edition_of	urn:cts:greekLit:tlg0656.tlg001.wellmann1906:1.26	proposed				
urn:cts:greekLit:tlg0656.tlg001.gunther1934:1.26	edition_of	urn:cts:greekLit:tlg0656.tlg001.wellmann1906:1.27	proposed				
urn:cts:greekLit:tlg0656.tlg001.gunther1934:1.27	edition_of	urn:cts:greekLit:tlg0656.tlg001.wellmann1906:1.28	proposed				
urn:cts:greekLit:tlg0656.tlg001.gunther1934:1.28	edition_of	urn:cts:greekLit:tlg0656.tlg001.wellmann1906:1.29	proposed				
urn:cts:greekLit:tlg0656.tlg001.gunther1934:1.29	edition_of	urn:cts:greekLit:tlg0656.tlg001.wellmann1906:1.30.1@30[1]-ἐφεκτικόν[1]	proposed	0	52		30 ἔλαιον πρὸς
urn:cts:greekLit:tlg0656.tlg001.gunther1934:1.30	edition_of	urn:cts:greekLit:tlg0656.tlg001.wellmann1906:1.30@τὸ[5]-δύναμιν[1]	proposed	52	183		τὸ δὲ λιπαρώτερον
urn:cts:greekLit:tlg0656.tlg001.gunther1934:1.31	edition_of	urn:cts:greekLit:tlg0656.tlg001.wellmann1906:1.30.3@τὸ[1]-ἐπαλειφόμενον[1]	proposed	183	226		τὸ δὲ ἐκ
urn:cts:greekLit:tlg0656.tlg001.gunther1934:1.32	edition_of	urn:cts:greekLit:tlg0656.tlg001.wellmann1906:1.30@λευκαίνεται[1]-γένηται[1]	proposed	226	373		λευκαίνεται δὲ ἔλαιον
urn:cts:greekLit:tlg0656.tlg001.gunther1934:1.33	edition_of	urn:cts:greekLit:tlg0656.tlg001.wellmann1906:1.30.5	proposed	373	457		
urn:cts:greekLit:tlg0656.tlg001.gunther1934:1.34	edition_of	urn:cts:greekLit:tlg0656.tlg001.wellmann1906:1.30.6@ὁ[1]-διαχρίστοις[1]	proposed	457	475		ὁ δὲ ἐπὶ
urn:cts:greekLit:tlg0656.tlg001.gunther1934:1.35	edition_of	urn:cts:greekLit:tlg0656.tlg001.wellmann1906:1.30.6@ὁ[2]-ἐπιτιθέμενος[2]	proposed	475	501		ὁ δὲ ἐκ
urn:cts:greekLit:tlg0656.tlg001.gunther1934:1.36	edition_of	urn:cts:greekLit:tlg0656.tlg001.wellmann1906:1.30.6@καὶ[3]-ἁρμόζει[1]	proposed	501	529		καὶ ὁ ἐν
urn:cts:greekLit:tlg0656.tlg001.gunther1934:1.37	edition_of	urn:cts:greekLit:tlg0656.tlg001.wellmann1906:1.31	proposed				
urn:cts:greekLit:tlg0656.tlg001.gunther1934:1.38	edition_of	urn:cts:greekLit:tlg0656.tlg001.wellmann1906:1.32	proposed				
urn:cts:greekLit:tlg0656.tlg001.gunther1934:1.39	edition_of	urn:cts:greekLit:tlg0656.tlg001.wellmann1906:1.33	proposed				
urn:cts:greekLit:tlg0656.tlg001.gunther1934:1.40	edition_of	urn:cts:greekLit:tlg0656.tlg001.wellmann1906:1.34@ἐοικότως[1]-δὲ[5]	proposed	0	35		ἐοικότως δὲ καὶ
urn:cts:greekLit:tlg0656.tlg001.gunther1934:1.41	edition_of	urn:cts:greekLit:tlg0656.tlg001.wellmann1906:1.34@σκευάζεται[1]-βαλανίνῳ[1]	proposed	35	59		σκευάζεται τοῖς προειρημένοις
urn:cts:greekLit:tlg0656.tlg001.gunther1934:1.42	edition_of	urn:cts:greekLit:tlg0656.tlg001.wellmann1906:1.35	proposed				
urn:cts:greekLit:tlg0656.tlg001.gunther1934:1.43	edition_of	urn:cts:greekLit:tlg0656.tlg001.wellmann1906:1.36@ὁμοίως[1]-πινόμενον[1]	proposed	0	18		ὁμοίως δὲ καὶ
urn:cts:greekLit:tlg0656.tlg001.gunther1934:1.44	edition_of	urn:cts:greekLit:tlg0656.tlg001.wellmann1906:1.36@ὡσαύτως[1]-μᾶλλον[1]	proposed	18	35		ὡσαύτως δὲ καὶ
urn:cts:greekLit:tlg0656.tlg001.gunther1934:1.45	edition_of	urn:cts:greekLit:tlg0656.tlg001.wellmann1906:1.37@τὸ[1]-αὐτό[1]	proposed	0	36		τὸ δὲ ῥαφάνινον
urn:cts:greekLit:tlg0656.tlg001.gunther1934:1.46	edition_of	urn:cts:greekLit:tlg0656.tlg001.wellmann1906:1.37@καὶ[3]-ῥαφανίνῳ[1]	proposed	36	48		καὶ τὸ μελάνθινον
urn:cts:greekLit:tlg0656.tlg001.gunther1934:1.47	edition_of	urn:cts:greekLit:tlg0656.tlg001.wellmann1906:1.38	proposed				
urn:cts:greekLit:tlg0656.tlg001.gunther1934:1.48	edition_of	urn:cts:greekLit:tlg0656.tlg001.wellmann1906:1.39	proposed				
urn:cts:greekLit:tlg0656.tlg001.gunther1934:1.49	edition_of	urn:cts:greekLit:tlg0656.tlg001.wellmann1906:1.40	proposed				
urn:cts:greekLit:tlg0656.tlg001.gunther1934:1.50	edition_of	urn:cts:greekLit:tlg0656.tlg001.wellmann1906:1.41	proposed				
urn:cts:greekLit:tlg0656.tlg001.gunther1934:1.51	edition_of	urn:cts:greekLit:tlg0656.tlg001.wellmann1906:1.42.1	proposed	0	48		
urn:cts:greekLit:tlg0656.tlg001.gunther1934:1.52	edition_of	urn:cts:greekLit:tlg0656.tlg001.wellmann1906:1.42.2	proposed	48	122		
urn:cts:greekLit:tlg0656.tlg001.gunther1934:1.53	edition_of	urn:cts:greekLit:tlg0656.tlg001.wellmann1906:1.43	proposed				
urn:cts:greekLit:tlg0656.tlg001.gunther1934:1.54	edition_of	urn:cts:greekLit:tlg0656.tlg001.wellmann1906:1.44	proposed				
urn:cts:greekLit:tlg0656.tlg001.gunther1934:1.55	edition_of	urn:cts:greekLit:tlg0656.tlg001.wellmann1906:1.45	proposed				
urn:cts:greekLit:tlg0656.tlg001.gunther1934:1.56	edition_of	urn:cts:greekLit:tlg0656.tlg001.wellmann1906:1.46	proposed				
urn:cts:greekLit:tlg0656.tlg001.gunther1934:1.57	edition_of	urn:cts:greekLit:tlg0656.tlg001.wellmann1906:1.47	proposed				
urn:cts:greekLit:tlg0656.tlg001.gunther1934:1.58	edition_of	urn:cts:greekLit:tlg0656.tlg001.wellmann1906:1.48	proposed				
urn:cts:greekLit:tlg0656.tlg001.gunther1934:1.59	edition_of	urn:cts:greekLit:tlg0656.tlg001.wellmann1906:1.49	proposed				
urn:cts:greekLit:tlg0656.tlg001.gunther1934:1.60	edition_of	urn:cts:greekLit:tlg0656.tlg001.wellmann1906:1.50	proposed				
urn:cts:greekLit:tlg0656.tlg001.gunther1934:1.61	edition_of	urn:cts:greekLit:tlg0656.tlg001.wellmann1906:1.51	proposed				
urn:cts:greekLit:tlg0656.tlg001.gunther1934:1.62	edition_of	urn:cts:greekLit:tlg0656.tlg001.wellmann1906:1.52	proposed				
urn:cts:greekLit:tlg0656.tlg001.gunther1934:1.63	edition_of	urn:cts:greekLit:tlg0656.tlg001.wellmann1906:1.53	proposed				
urn:cts:greekLit:tlg0656.tlg001.gunther1934:1.64	edition_of	urn:cts:greekLit:tlg0656.tlg001.wellmann1906:1.54	proposed				
urn:cts:greekLit:tlg0656.tlg001.gunther1934:1.65	edition_of	urn:cts:greekLit:tlg0656.tlg001.wellmann1906:1.55	proposed				
urn:cts:greekLit:tlg0656.tlg001.gunther1934:1.66	edition_of	urn:cts:greekLit:tlg0656.tlg001.wellmann1906:1.56	proposed				
urn:cts:greekLit:tlg0656.tlg001.gunther1934:1.67	edition_of	urn:cts:greekLit:tlg0656.tlg001.wellmann1906:1.57	proposed				
urn:cts:greekLit:tlg0656.tlg001.gunther1934:1.68	edition_of	urn:cts:greekLit:tlg0656.tlg001.wellmann1906:1.58.1-1.58.2	proposed	0	124		
urn:cts:greekLit:tlg0656.tlg001.gunther1934:1.69	edition_of	urn:cts:greekLit:tlg0656.tlg001.wellmann1906:1.58.3@τὸ[1]-αὐτοῦ[1]	proposed	124	200		τὸ δὲ μεγάλλειον
urn:cts:greekLit:tlg0656.tlg001.gunther1934:1.70	edition_of	urn:cts:greekLit:tlg0656.tlg001.wellmann1906:1.58.3@καὶ[4]-τυγχάνει[1]	proposed	200	221		καὶ τὸ καλούμενον
urn:cts:greekLit:tlg0656.tlg001.gunther1934:1.71	edition_of	urn:cts:greekLit:tlg0656.tlg001.wellmann1906:1.59.1-1.59.2	proposed	0	127		
urn:cts:greekLit:tlg0656.tlg001.gunther1934:1.72	edition_of	urn:cts:greekLit:tlg0656.tlg001.wellmann1906:1.59.3	proposed	127	173		
urn:cts:greekLit:tlg0656.tlg001.gunther1934:1.73	edition_of	urn:cts:greekLit:tlg0656.tlg001.wellmann1906:1.60	proposed				
urn:cts:greekLit:tlg0656.tlg001.gunther1934:1.74	edition_of	urn:cts:greekLit:tlg0656.tlg001.wellmann1906:1.61	proposed				
urn:cts:greekLit:tlg0656.tlg001.gunther1934:1.75	edition_of	urn:cts:greekLit:tlg0656.tlg001.wellmann1906:1.62	proposed				
urn:cts:greekLit:tlg0656.tlg001.gunther1934:1.76	edition_of	urn:cts:greekLit:tlg0656.tlg001.wellmann1906:1.63	proposed				
urn:cts:greekLit:tlg0656.tlg001.gunther1934:1.77	edition_of	urn:cts:greekLit:tlg0656.tlg001.wellmann1906:1.64	proposed				
urn:cts:greekLit:tlg0656.tlg001.gunther1934:1.78	edition_of	urn:cts:greekLit:tlg0656.tlg001.wellmann1906:1.65	proposed				
urn:cts:greekLit:tlg0656.tlg001.gunther1934:1.79	edition_of	urn:cts:greekLit:tlg0656.tlg001.wellmann1906:1.66	proposed				
urn:cts:greekLit:tlg0656.tlg001.gunther1934:1.80	edition_of	urn:cts:greekLit:tlg0656.tlg001.wellmann1906:1.67	proposed				
urn:cts:greekLit:tlg0656.tlg001.gunther1934:1.81	edition_of	urn:cts:greekLit:tlg0656.tlg001.wellmann1906:1.68.1-1.68.4	proposed	0	368		
urn:cts:greekLit:tlg0656.tlg001.gunther1934:1.82	edition_of	urn:cts:greekLit:tlg0656.tlg001.wellmann1906:1.68.5	proposed	368	466		
urn:cts:greekLit:tlg0656.tlg001.gunther1934:1.83	edition_of	urn:cts:greekLit:tlg0656.tlg001.wellmann1906:1.68.6	proposed	466	528		
urn:cts:greekLit:tlg0656.tlg001.gunther1934:1.84	edition_of	urn:cts:greekLit:tlg0656.tlg001.wellmann1906:1.68@αἰθάλην[1]-καρκινωμάτων[1]	proposed	528	669		αἰθάλην δὲ λιβανωτοῦ
urn:cts:greekLit:tlg0656.tlg001.gunther1934:1.85	edition_of	urn:cts:greekLit:tlg0656.tlg001.wellmann1906:1.68.8@τὸν[1]-λάμβανε[1]	proposed	669	701		τὸν αὐτὸν τρόπον
urn:cts:greekLit:tlg0656.tlg001.gunther1934:1.86	edition_of	urn:cts:greekLit:tlg0656.tlg001.wellmann1906:1.69@69[1]-δακρύοντας[1]	proposed	0	174		69 πίτυς γνώριμον
urn:cts:greekLit:tlg0656.tlg001.gunther1934:1.87	edition_of	urn:cts:greekLit:tlg0656.tlg001.wellmann1906:1.69.3@πιτυίδες[1]-λαμβανόμεναι[1]	proposed	174	209		πιτυίδες δὲ καλοῦνται
urn:cts:greekLit:tlg0656.tlg001.gunther1934:1.88	edition_of	urn:cts:greekLit:tlg0656.tlg001.wellmann1906:1.69.4	proposed	209	276		
urn:cts:greekLit:tlg0656.tlg001.gunther1934:1.89	edition_of	urn:cts:greekLit:tlg0656.tlg001.wellmann1906:1.70.1-1.70.2	proposed	0	156		
urn:cts:greekLit:tlg0656.tlg001.gunther1934:1.90	edition_of	urn:cts:greekLit:tlg0656.tlg001.wellmann1906:1.70.3	proposed	156	242		
urn:cts:greekLit:tlg0656.tlg001.gunther1934:1.91	edition_of	urn:cts:greekLit:tlg0656.tlg001.wellmann1906:1.71@71[1]-ἐπιτιθεμένη[1]	proposed	0	197		71 τέρμινθος γνώριμον
urn:cts:greekLit:tlg0656.tlg001.gunther1934:1.92	edition_of	urn:cts:greekLit:tlg0656.tlg001.wellmann1906:1.71@γίνεται[1]-τερμινθίνῃ[1]	proposed	197	369		γίνεται δὲ ῥητίνη
urn:cts:greekLit:tlg0656.tlg001.gunther1934:1.93	edition_of	urn:cts:greekLit:tlg0656.tlg001.wellmann1906:1.71.5-1.71.6	proposed	369	532		
urn:cts:greekLit:tlg0656.tlg001.gunther1934:1.94	edition_of	urn:cts:greekLit:tlg0656.tlg001.wellmann1906:1.72.1-1.72.2	proposed	0	151		
urn:cts:greekLit:tlg0656.tlg001.gunther1934:1.95	edition_of	urn:cts:greekLit:tlg0656.tlg001.wellmann1906:1.72.3	proposed	151	231		
urn:cts:greekLit:tlg0656.tlg001.gunther1934:1.96	edition_of	urn:cts:greekLit:tlg0656.tlg001.wellmann1906:1.72.4	proposed	231	316		
urn:cts:greekLit:tlg0656.tlg001.gunther1934:1.97	edition_of	urn:cts:greekLit:tlg0656.tlg001.wellmann1906:1.72.5@ἡ[1]-χρησίμως[1]	proposed	316	388		ἡ δὲ ξηρὰ
urn:cts:greekLit:tlg0656.tlg001.gunther1934:1.98	edition_of	urn:cts:greekLit:tlg0656.tlg001.wellmann1906:1.72.5@ζώπισσαν[1]-ὠνόμασαν[1]	proposed	388	421		ζώπισσαν δὲ οἱ
urn:cts:greekLit:tlg0656.tlg001.gunther1934:1.99	edition_of	urn:cts:greekLit:tlg0656.tlg001.wellmann1906:1.73.1@73[1]-εἶδος[1]	proposed	0	72		73 ἄσφαλτος διαφέρει
urn:cts:greekLit:tlg0656.tlg001.gunther1934:1.100	edition_of	urn:cts:greekLit:tlg0656.tlg001.wellmann1906:1.73.1@καλεῖται[1]-ἀσφάλτῳ[1]	proposed	72	104		καλεῖται δέ τις
urn:cts:greekLit:tlg0656.tlg001.gunther1934:1.101	edition_of	urn:cts:greekLit:tlg0656.tlg001.wellmann1906:1.73.2-1.73.3	proposed	104	253		
urn:cts:greekLit:tlg0656.tlg001.gunther1934:1.102	edition_of	urn:cts:greekLit:tlg0656.tlg001.wellmann1906:1.74	proposed				
urn:cts:greekLit:tlg0656.tlg001.gunther1934:1.103	edition_of	urn:cts:greekLit:tlg0656.tlg001.wellmann1906:1.75	proposed				
urn:cts:greekLit:tlg0656.tlg001.gunther1934:1.104	edition_of	urn:cts:greekLit:tlg0656.tlg001.wellmann1906:1.76	proposed				
urn:cts:greekLit:tlg0656.tlg001.gunther1934:1.105	edition_of	urn:cts:greekLit:tlg0656.tlg001.wellmann1906:1.77	proposed				
urn:cts:greekLit:tlg0656.tlg001.gunther1934:1.106	edition_of	urn:cts:greekLit:tlg0656.tlg001.wellmann1906:1.78	proposed				
urn:cts:greekLit:tlg0656.tlg001.gunther1934:1.107	edition_of	urn:cts:greekLit:tlg0656.tlg001.wellmann1906:1.79	proposed				
urn:cts:greekLit:tlg0656.tlg001.gunther1934:1.108	edition_of	urn:cts:greekLit:tlg0656.tlg001.wellmann1906:1.80	proposed				
urn:cts:greekLit:tlg0656.tlg001.gunther1934:1.109	edition_of	urn:cts:greekLit:tlg0656.tlg001.wellmann1906:1.81	proposed				
urn:cts:greekLit:tlg0656.tlg001.gunther1934:1.110	edition_of	urn:cts:greekLit:tlg0656.tlg001.wellmann1906:1.82	proposed				
urn:cts:greekLit:tlg0656.tlg001.gunther1934:1.111	edition_of	urn:cts:greekLit:tlg0656.tlg001.wellmann1906:1.84@84[1]-προσοψήματα[1]	proposed	0	95		84 πτελέας τὰ
urn:cts:greekLit:tlg0656.tlg001.gunther1934:1.112	edition_of	urn:cts:greekLit:tlg0656.tlg001.wellmann1906:1.84.2@ἡ[1]-καταπασσομένη[2]	proposed	95	128		ἡ δὲ ἀπὸ
urn:cts:greekLit:tlg0656.tlg001.gunther1934:1.113	edition_of	urn:cts:greekLit:tlg0656.tlg001.wellmann1906:1.83	proposed				
urn:cts:greekLit:tlg0656.tlg001.gunther1934:1.114	edition_of	urn:cts:greekLit:tlg0656.tlg001.wellmann1906:1.85@καλάμων[1]-ποιεῖν[1]	proposed	0	120		καλάμων ὁ μέν
urn:cts:greekLit:tlg0656.tlg001.gunther1934:1.115	edition_of	urn:cts:greekLit:tlg0656.tlg001.wellmann1906:1.86	proposed				
urn:cts:greekLit:tlg0656.tlg001.gunther1934:1.116	edition_of	urn:cts:greekLit:tlg0656.tlg001.wellmann1906:1.87	proposed				
urn:cts:greekLit:tlg0656.tlg001.gunther1934:1.117	edition_of	urn:cts:greekLit:tlg0656.tlg001.wellmann1906:1.88	proposed				
urn:cts:greekLit:tlg0656.tlg001.gunther1934:1.118	edition_of	urn:cts:greekLit:tlg0656.tlg001.wellmann1906:1.89	proposed				
urn:cts:greekLit:tlg0656.tlg001.gunther1934:1.119@Christ’[1]-verticilum[1]	edition_of	urn:cts:greekLit:tlg0656.tlg001.wellmann1906:1.90	proposed			Christ’ s ThornRhamnus	
urn:cts:greekLit:tlg0656.tlg001.gunther1934:1.119@The[1]-assalts[1]	edition_of	urn:cts:greekLit:tlg0656.tlg001.wellmann1906:1.90a	proposed			The leaues of	
urn:cts:greekLit:tlg0656.tlg001.gunther1934:1.120	edition_of	urn:cts:greekLit:tlg0656.tlg001.wellmann1906:1.91	proposed				
urn:cts:greekLit:tlg0656.tlg001.gunther1934:1.121	edition_of	urn:cts:greekLit:tlg0656.tlg001.wellmann1906:1.92	proposed				
urn:cts:greekLit:tlg0656.tlg001.gunther1934:1.122	edition_of	urn:cts:greekLit:tlg0656.tlg001.wellmann1906:1.93	proposed				
urn:cts:greekLit:tlg0656.tlg001.gunther1934:1.123	edition_of	urn:cts:greekLit:tlg0656.tlg001.wellmann1906:1.94	proposed				
urn:cts:greekLit:tlg0656.tlg001.gunther1934:1.124	edition_of	urn:cts:greekLit:tlg0656.tlg001.wellmann1906:1.95	proposed				
urn:cts:greekLit:tlg0656.tlg001.gunther1934:1.125	edition_of	urn:cts:greekLit:tlg0656.tlg001.wellmann1906:1.96	proposed				
urn:cts:greekLit:tlg0656.tlg001.gunther1934:1.126	edition_of	urn:cts:greekLit:tlg0656.tlg001.wellmann1906:1.97.1	proposed	0	69		
urn:cts:greekLit:tlg0656.tlg001.gunther1934:1.127	edition_of	urn:cts:greekLit:tlg0656.tlg001.wellmann1906:1.97.2	proposed	69	144		
urn:cts:greekLit:tlg0656.tlg001.gunther1934:1.128	edition_of	urn:cts:greekLit:tlg0656.tlg001.wellmann1906:1.97.3-1.97.4	proposed	144	334		
urn:cts:greekLit:tlg0656.tlg001.gunther1934:1.129	edition_of	urn:cts:greekLit:tlg0656.tlg001.wellmann1906:1.98	proposed				
urn:cts:greekLit:tlg0656.tlg001.gunther1934:1.130	edition_of	urn:cts:greekLit:tlg0656.tlg001.wellmann1906:1.99.1-1.99.2	proposed	0	140		
urn:cts:greekLit:tlg0656.tlg001.gunther1934:1.131	edition_of	urn:cts:greekLit:tlg0656.tlg001.wellmann1906:1.99.3	proposed	140	230		
urn:cts:greekLit:tlg0656.tlg001.gunther1934:1.132	edition_of	urn:cts:greekLit:tlg0656.tlg001.wellmann1906:1.100	proposed				
urn:cts:greekLit:tlg0656.tlg001.gunther1934:1.133	edition_of	urn:cts:greekLit:tlg0656.tlg001.wellmann1906:1.101	proposed				
urn:cts:greekLit:tlg0656.tlg001.gunther1934:1.134	edition_of	urn:cts:greekLit:tlg0656.tlg001.wellmann1906:1.102	proposed				
urn:cts:greekLit:tlg0656.tlg001.gunther1934:1.135	edition_of	urn:cts:greekLit:tlg0656.tlg001.wellmann1906:1.103	proposed				
urn:cts:greekLit:tlg0656.tlg001.gunther1934:1.136	edition_of	urn:cts:greekLit:tlg0656.tlg001.wellmann1906:1.104	proposed				
urn:cts:greekLit:tlg0656.tlg001.gunther1934:1.137	edition_of	urn:cts:greekLit:tlg0656.tlg001.wellmann1906:1.105@105[1]-ἡγητέον[1]	proposed	0	212		105 ἄγριελαία ἣν
urn:cts:greekLit:tlg0656.tlg001.gunther1934:1.138	edition_of	urn:cts:greekLit:tlg0656.tlg001.wellmann1906:1.105@δύναται[1]-δὲ[18]	proposed	212	276		δύναται δὲ τὰ
urn:cts:greekLit:tlg0656.tlg001.gunther1934:1.139	edition_of	urn:cts:greekLit:tlg0656.tlg001.wellmann1906:1.105.5@τὸ[1]-φανῇ[1]	proposed	335	376		τὸ δʼ ἐκ
urn:cts:greekLit:tlg0656.tlg001.gunther1934:1.140	edition_of	urn:cts:greekLit:tlg0656.tlg001.wellmann1906:1.105.5@τὸ[1]-φανῇ[1]	proposed	335	376		τὸ δʼ ἐκ
urn:cts:greekLit:tlg0656.tlg001.gunther1934:1.141	edition_of	urn:cts:greekLit:tlg0656.tlg001.wellmann1906:1.105.6	proposed	376	455		
urn:cts:greekLit:tlg0656.tlg001.gunther1934:1.142	edition_of	urn:cts:greekLit:tlg0656.tlg001.wellmann1906:1.106.1@106[1]-γυναιξί[1]	proposed	0	44		106 δρῦς πᾶσα
urn:cts:greekLit:tlg0656.tlg001.gunther1934:1.143	edition_of	urn:cts:greekLit:tlg0656.tlg001.wellmann1906:1.106@καὶ[6]-εἰσί[1]	proposed	44	107		καὶ αἱ βάλανοι
urn:cts:greekLit:tlg0656.tlg001.gunther1934:1.144	edition_of	urn:cts:greekLit:tlg0656.tlg001.wellmann1906:1.106@καὶ[13]-κρατύνει[1]	proposed	107	155		καὶ ἡ φηγὸς
urn:cts:greekLit:tlg0656.tlg001.gunther1934:1.145	edition_of	urn:cts:greekLit:tlg0656.tlg001.wellmann1906:1.106.3@αἱ[1]-ἁρμόζει[2]	proposed	155	196		αἱ δὲ Σαρδιαναὶ
urn:cts:greekLit:tlg0656.tlg001.gunther1934:1.146	edition_of	urn:cts:greekLit:tlg0656.tlg001.wellmann1906:1.107	proposed				
urn:cts:greekLit:tlg0656.tlg001.gunther1934:1.147	edition_of	urn:cts:greekLit:tlg0656.tlg001.wellmann1906:1.108	proposed				
urn:cts:greekLit:tlg0656.tlg001.gunther1934:1.148	edition_of	urn:cts:greekLit:tlg0656.tlg001.wellmann1906:1.109@109[1]-ἰῶνται[1]	proposed	0	98		109 φοῖνιξ ἐν
urn:cts:greekLit:tlg0656.tlg001.gunther1934:1.149	edition_of	urn:cts:greekLit:tlg0656.tlg001.wellmann1906:1.109@τῶν[2]-φοινίκων[2]	proposed	98	213		τῶν δὲ Θηβαικῶν
urn:cts:greekLit:tlg0656.tlg001.gunther1934:1.150	edition_of	urn:cts:greekLit:tlg0656.tlg001.wellmann1906:1.109.4-1.109.5	proposed	213	367		
urn:cts:greekLit:tlg0656.tlg001.gunther1934:1.151	edition_of	urn:cts:greekLit:tlg0656.tlg001.wellmann1906:1.110@110[1]-ὀξείας[2]	proposed	0	115		110 ῥόα πᾶσα
urn:cts:greekLit:tlg0656.tlg001.gunther1934:1.152	edition_of	urn:cts:greekLit:tlg0656.tlg001.wellmann1906:1.110@τὰ[4]-ὑποκιστίς[1]	proposed	115	176		τὰ δὲ ἄνθη
urn:cts:greekLit:tlg0656.tlg001.gunther1934:1.153	edition_of	urn:cts:greekLit:tlg0656.tlg001.wellmann1906:1.110.3@καὶ[1]-ἀποκτείνει[1]	proposed	176	210		καὶ τὰ λέπη
urn:cts:greekLit:tlg0656.tlg001.gunther1934:1.154	edition_of	urn:cts:greekLit:tlg0656.tlg001.wellmann1906:1.111	proposed				
urn:cts:greekLit:tlg0656.tlg001.gunther1934:1.155	edition_of	urn:cts:greekLit:tlg0656.tlg001.wellmann1906:1.112@112[1]-ἀδυνατεῖ[1]	proposed	0	302		112 μυρσίνη ἡ
urn:cts:greekLit:tlg0656.tlg001.gunther1934:1.156	edition_of	urn:cts:greekLit:tlg0656.tlg001.wellmann1906:1.112.4@τὸ[1]-δεομένοις[1]	proposed	302	357		τὸ δὲ μυρτίδανον
urn:cts:greekLit:tlg0656.tlg001.gunther1934:1.157	edition_of	urn:cts:greekLit:tlg0656.tlg001.wellmann1906:1.113	proposed				
urn:cts:greekLit:tlg0656.tlg001.gunther1934:1.158	edition_of	urn:cts:greekLit:tlg0656.tlg001.wellmann1906:1.114	proposed				
urn:cts:greekLit:tlg0656.tlg001.gunther1934:1.159	edition_of	urn:cts:greekLit:tlg0656.tlg001.wellmann1906:1.115.1@115[1]-ἐμπνευματοῦντα[1]	proposed	0	39		115 μηλέας πάσης
urn:cts:greekLit:tlg0656.tlg001.gunther1934:1.160	edition_of	urn:cts:greekLit:tlg0656.tlg001.wellmann1906:1.115@τὰ[4]-πινόμενα[1]	proposed	39	239		τὰ δὲ κυδώνια
urn:cts:greekLit:tlg0656.tlg001.gunther1934:1.161	edition_of	urn:cts:greekLit:tlg0656.tlg001.wellmann1906:1.115.3@τὰ[5]-γλυκύμηλα[1]	proposed	239	257		τὰ δὲ μελίμηλα
urn:cts:greekLit:tlg0656.tlg001.gunther1934:1.162	edition_of	urn:cts:greekLit:tlg0656.tlg001.wellmann1906:1.115.4@τὰ[1]-ἐστίν[1]	proposed	257	274		τὰ δὲ Ἠπειρωτικὰ
urn:cts:greekLit:tlg0656.tlg001.gunther1934:1.163	edition_of	urn:cts:greekLit:tlg0656.tlg001.wellmann1906:1.115.4@τὰ[2]-χρῆσθαι[1]	proposed	274	291		τὰ δὲ ἄγρ
urn:cts:greekLit:tlg0656.tlg001.gunther1934:1.164	edition_of	urn:cts:greekLit:tlg0656.tlg001.wellmann1906:1.115.4@τὰ[4]-ἵστησιν[1]	proposed	291	321		τὰ δὲ Περσικ
urn:cts:greekLit:tlg0656.tlg001.gunther1934:1.165	edition_of	urn:cts:greekLit:tlg0656.tlg001.wellmann1906:1.115.5@τὰ[1]-ἐστίν[1]	proposed	321	334		τὰ δὲ μικρότερα
urn:cts:greekLit:tlg0656.tlg001.gunther1934:1.166	edition_of	urn:cts:greekLit:tlg0656.tlg001.wellmann1906:1.115.5@τὰ[2]-κιβωτίοις[1]	proposed	334	411		τὰ δὲ Μηδικὰ
urn:cts:greekLit:tlg0656.tlg001.gunther1934:1.167	edition_of	urn:cts:greekLit:tlg0656.tlg001.wellmann1906:1.116@ἀπίου[1]-νήστεις[1]	proposed	0	30		ἀπίου δὲ πολλὰ
urn:cts:greekLit:tlg0656.tlg001.gunther1934:1.168	edition_of	urn:cts:greekLit:tlg0656.tlg001.wellmann1906:1.116@ἡ[1]-γίνεσθαι[1]	proposed	30	82		ἡ δὲ ἀχρὰς
urn:cts:greekLit:tlg0656.tlg001.gunther1934:1.169	edition_of	urn:cts:greekLit:tlg0656.tlg001.wellmann1906:1.118@μέσπιλον[1]-στεγνωτικός[1]	proposed	0	41		μέσπιλον τὸ δένδρον
urn:cts:greekLit:tlg0656.tlg001.gunther1934:1.170	edition_of	urn:cts:greekLit:tlg0656.tlg001.wellmann1906:1.118@ἐστιν[2]-βραδέως[1]	proposed	37	80		ἐστιν εὐστόμαχος κοιλίας
urn:cts:greekLit:tlg0656.tlg001.gunther1934:1.171	edition_of	urn:cts:greekLit:tlg0656.tlg001.wellmann1906:1.117	proposed				
urn:cts:greekLit:tlg0656.tlg001.gunther1934:1.172	edition_of	urn:cts:greekLit:tlg0656.tlg001.wellmann1906:1.119	proposed				
urn:cts:greekLit:tlg0656.tlg001.gunther1934:1.173	edition_of	urn:cts:greekLit:tlg0656.tlg001.wellmann1906:1.120	proposed				
urn:cts:greekLit:tlg0656.tlg001.gunther1934:1.174	edition_of	urn:cts:greekLit:tlg0656.tlg001.wellmann1906:1.121	proposed				
urn:cts:greekLit:tlg0656.tlg001.gunther1934:1.175	edition_of	urn:cts:greekLit:tlg0656.tlg001.wellmann1906:1.122	proposed				
urn:cts:greekLit:tlg0656.tlg001.gunther1934:1.176	edition_of	urn:cts:greekLit:tlg0656.tlg001.wellmann1906:1.123	proposed				
urn:cts:greekLit:tlg0656.tlg001.gunther1934:1.177	edition_of	urn:cts:greekLit:tlg0656.tlg001.wellmann1906:1.124	proposed				
urn:cts:greekLit:tlg0656.tlg001.gunther1934:1.178	edition_of	urn:cts:greekLit:tlg0656.tlg001.wellmann1906:1.125.1-1.125.2	proposed	0	151		
urn:cts:greekLit:tlg0656.tlg001.gunther1934:1.179	edition_of	urn:cts:greekLit:tlg0656.tlg001.wellmann1906:1.125.3	proposed	151	214		
urn:cts:greekLit:tlg0656.tlg001.gunther1934:1.180	edition_of	urn:cts:greekLit:tlg0656.tlg001.wellmann1906:1.126	proposed				
urn:cts:greekLit:tlg0656.tlg001.gunther1934:1.181	edition_of	urn:cts:greekLit:tlg0656.tlg001.wellmann1906:1.127@127[1]-ὁ[4]	proposed	0	165		127 συκόμορον ἔνιοι
urn:cts:greekLit:tlg0656.tlg001.gunther1934:1.182	edition_of	urn:cts:greekLit:tlg0656.tlg001.wellmann1906:1.127.3@γίνεται[1]-προειρημένοις[1]	proposed	166	197		γίνεται δὲ καὶ
urn:cts:greekLit:tlg0656.tlg001.gunther1934:1.183	edition_of	urn:cts:greekLit:tlg0656.tlg001.wellmann1906:1.128@128[1]-σαρκός[1]	proposed	0	307		128 σῦκα πέπειρα
urn:cts:greekLit:tlg0656.tlg001.gunther1934:1.184	edition_of	urn:cts:greekLit:tlg0656.tlg001.wellmann1906:1.128@τὰ[6]-παρασκευάζουσιν[1]	proposed	307	375		τὰ αὐτὰ δὲ
urn:cts:greekLit:tlg0656.tlg001.gunther1934:1.185	edition_of	urn:cts:greekLit:tlg0656.tlg001.wellmann1906:1.128@οἱ[1]-ἁρμόζουσι[1]	proposed	375	482		οἱ δὲ ὄλυ
urn:cts:greekLit:tlg0656.tlg001.gunther1934:1.186	edition_of	urn:cts:greekLit:tlg0656.tlg001.wellmann1906:1.128@γίνεται[1]-πάσαι[1]	proposed	482	622		γίνεται δὲ καὶ
urn:cts:greekLit:tlg0656.tlg001.gunther1934:1.187	edition_of	urn:cts:greekLit:tlg0656.tlg001.wellmann1906:1.129@περσαία[1]-γενέσθαι[1]	proposed	0	48		περσαία δένδρον ἐστὶν
urn:cts:greekLit:tlg0656.tlg001.gunther1934:2.1	edition_of	urn:cts:greekLit:tlg0656.tlg001.wellmann1906:2.1	proposed				
urn:cts:greekLit:tlg0656.tlg001.gunther1934:2.2	edition_of	urn:cts:greekLit:tlg0656.tlg001.wellmann1906:2.2	proposed				
urn:cts:greekLit:tlg0656.tlg001.gunther1934:2.3	edition_of	urn:cts:greekLit:tlg0656.tlg001.wellmann1906:2.3	proposed				
urn:cts:greekLit:tlg0656.tlg001.gunther1934:2.4	edition_of	urn:cts:greekLit:tlg0656.tlg001.wellmann1906:2.4.1@4[1]-ἀπουλωτικήν[1]	proposed	0	15		4 πορφύρα καεῖσα
urn:cts:greekLit:tlg0656.tlg001.gunther1934:2.5	edition_of	urn:cts:greekLit:tlg0656.tlg001.wellmann1906:2.4@τὰ[1]-132[1]	proposed	15	71		τὰ δὲ αὐτὰ
urn:cts:greekLit:tlg0656.tlg001.gunther1934:2.6	edition_of	urn:cts:greekLit:tlg0656.tlg001.wellmann1906:2.4.2@κιόνια[1]-μαλάσσουσιν[1]	proposed	71	117		κιόνια δὲ καλεῖται
urn:cts:greekLit:tlg0656.tlg001.gunther1934:2.7	edition_of	urn:cts:greekLit:tlg0656.tlg001.wellmann1906:2.5	proposed				
urn:cts:greekLit:tlg0656.tlg001.gunther1934:2.8	edition_of	urn:cts:greekLit:tlg0656.tlg001.wellmann1906:2.6@τελλῖναι[1]-φυῆναι[1]	proposed	0	29		τελλῖναι νεαραὶ εὐκοίλιοι
urn:cts:greekLit:tlg0656.tlg001.gunther1934:2.9	edition_of	urn:cts:greekLit:tlg0656.tlg001.wellmann1906:2.6@καὶ[3]-οἴνου[1]	proposed	29	51		καὶ ὁ ἐκ
urn:cts:greekLit:tlg0656.tlg001.gunther1934:2.10	edition_of	urn:cts:greekLit:tlg0656.tlg001.wellmann1906:2.8	proposed				
urn:cts:greekLit:tlg0656.tlg001.gunther1934:2.11	edition_of	urn:cts:greekLit:tlg0656.tlg001.wellmann1906:2.9	proposed				
urn:cts:greekLit:tlg0656.tlg001.gunther1934:2.12	edition_of	urn:cts:greekLit:tlg0656.tlg001.wellmann1906:2.10	proposed				
urn:cts:greekLit:tlg0656.tlg001.gunther1934:2.13	edition_of	urn:cts:greekLit:tlg0656.tlg001.wellmann1906:2.11	proposed				
urn:cts:greekLit:tlg0656.tlg001.gunther1934:2.14	edition_of	urn:cts:greekLit:tlg0656.tlg001.wellmann1906:2.12	proposed				
urn:cts:greekLit:tlg0656.tlg001.gunther1934:2.15	edition_of	urn:cts:greekLit:tlg0656.tlg001.wellmann1906:2.13	proposed				
urn:cts:greekLit:tlg0656.tlg001.gunther1934:2.16	edition_of	urn:cts:greekLit:tlg0656.tlg001.wellmann1906:2.14	proposed				
urn:cts:greekLit:tlg0656.tlg001.gunther1934:2.17	edition_of	urn:cts:greekLit:tlg0656.tlg001.wellmann1906:2.15	proposed				
urn:cts:greekLit:tlg0656.tlg001.gunther1934:2.18	edition_of	urn:cts:greekLit:tlg0656.tlg001.wellmann1906:2.16	proposed				
urn:cts:greekLit:tlg0656.tlg001.gunther1934:2.19	edition_of	urn:cts:greekLit:tlg0656.tlg001.wellmann1906:2.17	proposed				
urn:cts:greekLit:tlg0656.tlg001.gunther1934:2.20	edition_of	urn:cts:greekLit:tlg0656.tlg001.wellmann1906:2.18	proposed				
urn:cts:greekLit:tlg0656.tlg001.gunther1934:2.21	edition_of	urn:cts:greekLit:tlg0656.tlg001.wellmann1906:2.19	proposed				
urn:cts:greekLit:tlg0656.tlg001.gunther1934:2.22	edition_of	urn:cts:greekLit:tlg0656.tlg001.wellmann1906:2.20	proposed				
urn:cts:greekLit:tlg0656.tlg001.gunther1934:2.23	edition_of	urn:cts:greekLit:tlg0656.tlg001.wellmann1906:2.21	proposed				
urn:cts:greekLit:tlg0656.tlg001.gunther1934:2.24	edition_of	urn:cts:greekLit:tlg0656.tlg001.wellmann1906:2.22	proposed				
urn:cts:greekLit:tlg0656.tlg001.gunther1934:2.25	edition_of	urn:cts:greekLit:tlg0656.tlg001.wellmann1906:2.23	proposed				
urn:cts:greekLit:tlg0656.tlg001.gunther1934:2.26	edition_of	urn:cts:greekLit:tlg0656.tlg001.wellmann1906:2.24	proposed				
urn:cts:greekLit:tlg0656.tlg001.gunther1934:2.27	edition_of	urn:cts:greekLit:tlg0656.tlg001.wellmann1906:2.25	proposed				
urn:cts:greekLit:tlg0656.tlg001.gunther1934:2.28	edition_of	urn:cts:greekLit:tlg0656.tlg001.wellmann1906:2.26	proposed				
urn:cts:greekLit:tlg0656.tlg001.gunther1934:2.29	edition_of	urn:cts:greekLit:tlg0656.tlg001.wellmann1906:2.27	proposed				
urn:cts:greekLit:tlg0656.tlg001.gunther1934:2.30	edition_of	urn:cts:greekLit:tlg0656.tlg001.wellmann1906:2.28	proposed				
urn:cts:greekLit:tlg0656.tlg001.gunther1934:2.31	edition_of	urn:cts:greekLit:tlg0656.tlg001.wellmann1906:2.29	proposed				
urn:cts:greekLit:tlg0656.tlg001.gunther1934:2.32	edition_of	urn:cts:greekLit:tlg0656.tlg001.wellmann1906:2.30	proposed				
urn:cts:greekLit:tlg0656.tlg001.gunther1934:2.33	edition_of	urn:cts:greekLit:tlg0656.tlg001.wellmann1906:2.31	proposed				
urn:cts:greekLit:tlg0656.tlg001.gunther1934:2.34	edition_of	urn:cts:greekLit:tlg0656.tlg001.wellmann1906:2.32	proposed				
urn:cts:greekLit:tlg0656.tlg001.gunther1934:2.35	edition_of	urn:cts:greekLit:tlg0656.tlg001.wellmann1906:2.33	proposed				
urn:cts:greekLit:tlg0656.tlg001.gunther1934:2.36	edition_of	urn:cts:greekLit:tlg0656.tlg001.wellmann1906:2.34	proposed				
urn:cts:greekLit:tlg0656.tlg001.gunther1934:2.37	edition_of	urn:cts:greekLit:tlg0656.tlg001.wellmann1906:2.35	proposed				
urn:cts:greekLit:tlg0656.tlg001.gunther1934:2.38	edition_of	urn:cts:greekLit:tlg0656.tlg001.wellmann1906:2.36	proposed				
urn:cts:greekLit:tlg0656.tlg001.gunther1934:2.39	edition_of	urn:cts:greekLit:tlg0656.tlg001.wellmann1906:2.37	proposed				
urn:cts:greekLit:tlg0656.tlg001.gunther1934:2.40	edition_of	urn:cts:greekLit:tlg0656.tlg001.wellmann1906:2.38	proposed				
urn:cts:greekLit:tlg0656.tlg001.gunther1934:2.41	edition_of	urn:cts:greekLit:tlg0656.tlg001.wellmann1906:2.39	proposed				
urn:cts:greekLit:tlg0656.tlg001.gunther1934:2.42	edition_of	urn:cts:greekLit:tlg0656.tlg001.wellmann1906:2.40	proposed				
urn:cts:greekLit:tlg0656.tlg001.gunther1934:2.43	edition_of	urn:cts:greekLit:tlg0656.tlg001.wellmann1906:2.41	proposed				
urn:cts:greekLit:tlg0656.tlg001.gunther1934:2.44	edition_of	urn:cts:greekLit:tlg0656.tlg001.wellmann1906:2.42	proposed				
urn:cts:greekLit:tlg0656.tlg001.gunther1934:2.45	edition_of	urn:cts:greekLit:tlg0656.tlg001.wellmann1906:2.43	proposed				
urn:cts:greekLit:tlg0656.tlg001.gunther1934:2.46	edition_of	urn:cts:greekLit:tlg0656.tlg001.wellmann1906:2.44	proposed				
urn:cts:greekLit:tlg0656.tlg001.gunther1934:2.47	edition_of	urn:cts:greekLit:tlg0656.tlg001.wellmann1906:2.45	proposed				
urn:cts:greekLit:tlg0656.tlg001.gunther1934:2.48	edition_of	urn:cts:greekLit:tlg0656.tlg001.wellmann1906:2.46	proposed				
urn:cts:greekLit:tlg0656.tlg001.gunther1934:2.49	edition_of	urn:cts:greekLit:tlg0656.tlg001.wellmann1906:2.47	proposed				
urn:cts:greekLit:tlg0656.tlg001.gunther1934:2.50	edition_of	urn:cts:greekLit:tlg0656.tlg001.wellmann1906:2.55	proposed				
urn:cts:greekLit:tlg0656.tlg001.gunther1934:2.51	edition_of	urn:cts:greekLit:tlg0656.tlg001.wellmann1906:2.48	proposed				
urn:cts:greekLit:tlg0656.tlg001.gunther1934:2.52	edition_of	urn:cts:greekLit:tlg0656.tlg001.wellmann1906:2.49.1@49[1]-καὶ[2]	proposed	0	17		49 ἀλεκτορίδες ἀνασχισθεῖσαι
urn:cts:greekLit:tlg0656.tlg001.gunther1934:2.53	edition_of	urn:cts:greekLit:tlg0656.tlg001.wellmann1906:2.49@καὶ[2]-στόμαχον[2]	proposed	16	131		καὶ ὁ ἐγκέφαλος
urn:cts:greekLit:tlg0656.tlg001.gunther1934:2.54	edition_of	urn:cts:greekLit:tlg0656.tlg001.wellmann1906:2.50@ᾠὸν[1]-προσενεχθεῖσα[1]	proposed	0	49		ᾠὸν τὸ ἁπαλὸν
urn:cts:greekLit:tlg0656.tlg001.gunther1934:2.55	edition_of	urn:cts:greekLit:tlg0656.tlg001.wellmann1906:2.50@τὸ[3]-ἁρμόζει[1]	proposed	49	122		τὸ δὲ λευκὸν
urn:cts:greekLit:tlg0656.tlg001.gunther1934:2.56	edition_of	urn:cts:greekLit:tlg0656.tlg001.wellmann1906:2.51	proposed				
urn:cts:greekLit:tlg0656.tlg001.gunther1934:2.57	edition_of	urn:cts:greekLit:tlg0656.tlg001.wellmann1906:2.52	proposed				
urn:cts:greekLit:tlg0656.tlg001.gunther1934:2.58	edition_of	urn:cts:greekLit:tlg0656.tlg001.wellmann1906:2.53	proposed				
urn:cts:greekLit:tlg0656.tlg001.gunther1934:2.59	edition_of	urn:cts:greekLit:tlg0656.tlg001.wellmann1906:2.54	proposed				
urn:cts:greekLit:tlg0656.tlg001.gunther1934:2.60	edition_of	urn:cts:greekLit:tlg0656.tlg001.wellmann1906:2.56	proposed				
urn:cts:greekLit:tlg0656.tlg001.gunther1934:2.61	edition_of	urn:cts:greekLit:tlg0656.tlg001.wellmann1906:2.57	proposed				
urn:cts:greekLit:tlg0656.tlg001.gunther1934:2.62	edition_of	urn:cts:greekLit:tlg0656.tlg001.wellmann1906:2.58	proposed				
urn:cts:greekLit:tlg0656.tlg001.gunther1934:2.63	edition_of	urn:cts:greekLit:tlg0656.tlg001.wellmann1906:2.59	proposed				
urn:cts:greekLit:tlg0656.tlg001.gunther1934:2.64	edition_of	urn:cts:greekLit:tlg0656.tlg001.wellmann1906:2.60	proposed				
urn:cts:greekLit:tlg0656.tlg001.gunther1934:2.65	edition_of	urn:cts:greekLit:tlg0656.tlg001.wellmann1906:2.61.1@61[1]-μονοχρώματοι[1]	proposed	0	61		61 κανθαρίδες εἰς
urn:cts:greekLit:tlg0656.tlg001.gunther1934:2.66	edition_of	urn:cts:greekLit:tlg0656.tlg001.wellmann1906:2.61@ὡσαύτως[1]-ἀνέγραψαν[1]	proposed	61	139		ὡσαύτως δὲ ἀποτίθενται
urn:cts:greekLit:tlg0656.tlg001.gunther1934:2.67	edition_of	urn:cts:greekLit:tlg0656.tlg001.wellmann1906:2.62	proposed				
urn:cts:greekLit:tlg0656.tlg001.gunther1934:2.68	edition_of	urn:cts:greekLit:tlg0656.tlg001.wellmann1906:2.63	proposed				
urn:cts:greekLit:tlg0656.tlg001.gunther1934:2.69	edition_of	urn:cts:greekLit:tlg0656.tlg001.wellmann1906:2.64	proposed				
urn:cts:greekLit:tlg0656.tlg001.gunther1934:2.70	edition_of	urn:cts:greekLit:tlg0656.tlg001.wellmann1906:2.65	proposed				
urn:cts:greekLit:tlg0656.tlg001.gunther1934:2.71	edition_of	urn:cts:greekLit:tlg0656.tlg001.wellmann1906:2.66	proposed				
urn:cts:greekLit:tlg0656.tlg001.gunther1934:2.72	edition_of	urn:cts:greekLit:tlg0656.tlg001.wellmann1906:2.67	proposed				
urn:cts:greekLit:tlg0656.tlg001.gunther1934:2.73	edition_of	urn:cts:greekLit:tlg0656.tlg001.wellmann1906:2.68	proposed				
urn:cts:greekLit:tlg0656.tlg001.gunther1934:2.74	edition_of	urn:cts:greekLit:tlg0656.tlg001.wellmann1906:2.69	proposed				
urn:cts:greekLit:tlg0656.tlg001.gunther1934:2.75	edition_of	urn:cts:greekLit:tlg0656.tlg001.wellmann1906:2.70@70[1]-ὠφελεῖ[1]	proposed	0	214		70 γάλα κοινῶς
urn:cts:greekLit:tlg0656.tlg001.gunther1934:2.76	edition_of	urn:cts:greekLit:tlg0656.tlg001.wellmann1906:2.70.3@ἔχει[1]-σῶμα[1]	proposed	214	247		ἔχει δὲ πᾶν
urn:cts:greekLit:tlg0656.tlg001.gunther1934:2.77	edition_of	urn:cts:greekLit:tlg0656.tlg001.wellmann1906:2.70.4-2.70.5	proposed	247	427		
urn:cts:greekLit:tlg0656.tlg001.gunther1934:2.78	edition_of	urn:cts:greekLit:tlg0656.tlg001.wellmann1906:2.70.6	proposed	427	513		
urn:cts:greekLit:tlg0656.tlg001.gunther1934:2.79	edition_of	urn:cts:greekLit:tlg0656.tlg001.wellmann1906:2.71@τυρὸς[1]-τροφιμώτατος[1]	proposed	0	67		τυρὸς νεαρὸς δίχα
urn:cts:greekLit:tlg0656.tlg001.gunther1934:2.80	edition_of	urn:cts:greekLit:tlg0656.tlg001.wellmann1906:2.71@ἡ[1]-πιτύαν[1]	proposed	67	87		ἡ δὲ καλουμένη
urn:cts:greekLit:tlg0656.tlg001.gunther1934:2.81	edition_of	urn:cts:greekLit:tlg0656.tlg001.wellmann1906:2.72	proposed				
urn:cts:greekLit:tlg0656.tlg001.gunther1934:2.82	edition_of	urn:cts:greekLit:tlg0656.tlg001.wellmann1906:2.73.1@73[1]-ῥοδίνῳ[1]	proposed	0	55		73 ἔρια οἰσυπηρὰ
urn:cts:greekLit:tlg0656.tlg001.gunther1934:2.83	edition_of	urn:cts:greekLit:tlg0656.tlg001.wellmann1906:2.73@τὰ[3]-στύφῃ[1]	proposed	55	196		τὰ δὲ κεκαυμένα
urn:cts:greekLit:tlg0656.tlg001.gunther1934:2.84	edition_of	urn:cts:greekLit:tlg0656.tlg001.wellmann1906:2.74	proposed				
urn:cts:greekLit:tlg0656.tlg001.gunther1934:2.85	edition_of	urn:cts:greekLit:tlg0656.tlg001.wellmann1906:2.75	proposed				
urn:cts:greekLit:tlg0656.tlg001.gunther1934:2.86	edition_of	urn:cts:greekLit:tlg0656.tlg001.wellmann1906:2.76@76[1]-δὲ[7]	proposed	0	135		76 στέαρ πρὸς
urn:cts:greekLit:tlg0656.tlg001.gunther1934:2.87	edition_of	urn:cts:greekLit:tlg0656.tlg001.wellmann1906:2.76@καὶ[9]-τόπον[2]	proposed	135	265		καὶ ἄρκειον θεραπεύεται
urn:cts:greekLit:tlg0656.tlg001.gunther1934:2.88	edition_of	urn:cts:greekLit:tlg0656.tlg001.wellmann1906:2.76@τράγειον[1]-ὑείου[2]	proposed	265	369		τράγειον δὲ καὶ
urn:cts:greekLit:tlg0656.tlg001.gunther1934:2.89	edition_of	urn:cts:greekLit:tlg0656.tlg001.wellmann1906:2.76@καὶ[29]-ἀποβάλῃ[2]	proposed	369	455		καὶ τοῦ βοείου
urn:cts:greekLit:tlg0656.tlg001.gunther1934:2.90	edition_of	urn:cts:greekLit:tlg0656.tlg001.wellmann1906:2.76@τὸ[15]-ὅμοια[1]	proposed	455	600		τὸ δὲ ταύρειον
urn:cts:greekLit:tlg0656.tlg001.gunther1934:2.91	edition_of	urn:cts:greekLit:tlg0656.tlg001.wellmann1906:2.76@ἀρωματιστέον[1]-σαμψουχίζεται[1]	proposed	600	1145		ἀρωματιστέον δὲ στέαρ
urn:cts:greekLit:tlg0656.tlg001.gunther1934:2.92	edition_of	urn:cts:greekLit:tlg0656.tlg001.wellmann1906:2.76@δὲ[45]-τόπῳ[2]	proposed	1145	1264		δὲ στέαρ οὕτως
urn:cts:greekLit:tlg0656.tlg001.gunther1934:2.93	edition_of	urn:cts:greekLit:tlg0656.tlg001.wellmann1906:2.76.16	proposed	1264	1329		
urn:cts:greekLit:tlg0656.tlg001.gunther1934:2.94	edition_of	urn:cts:greekLit:tlg0656.tlg001.wellmann1906:2.76.17-2.76.19	proposed	1329	1546		
urn:cts:greekLit:tlg0656.tlg001.gunther1934:2.95	edition_of	urn:cts:greekLit:tlg0656.tlg001.wellmann1906:2.77	proposed				
urn:cts:greekLit:tlg0656.tlg001.gunther1934:2.96	edition_of	urn:cts:greekLit:tlg0656.tlg001.wellmann1906:2.78	proposed				
urn:cts:greekLit:tlg0656.tlg001.gunther1934:2.97	edition_of	urn:cts:greekLit:tlg0656.tlg001.wellmann1906:2.79	proposed				
urn:cts:greekLit:tlg0656.tlg001.gunther1934:2.98	edition_of	urn:cts:greekLit:tlg0656.tlg001.wellmann1906:2.80	proposed				
urn:cts:greekLit:tlg0656.tlg001.gunther1934:2.99	edition_of	urn:cts:greekLit:tlg0656.tlg001.wellmann1906:2.81@81[1]-ἐνσταζόμενον[1]	proposed	0	195		81 οὖρον ἀνθρώπου
urn:cts:greekLit:tlg0656.tlg001.gunther1934:2.100	edition_of	urn:cts:greekLit:tlg0656.tlg001.wellmann1906:2.81.3@τὸ[1]-ὑγιάζειν[1]	proposed	195	238		τὸ δὲ τῆς
urn:cts:greekLit:tlg0656.tlg001.gunther1934:2.101	edition_of	urn:cts:greekLit:tlg0656.tlg001.wellmann1906:2.82@82[1]-θερινόν[1]	proposed	0	182		82 μέλι πρωτεύει
urn:cts:greekLit:tlg0656.tlg001.gunther1934:2.102	edition_of	urn:cts:greekLit:tlg0656.tlg001.wellmann1906:2.82@τὸ[9]-καταχρισθέν[1]	proposed	182	213		τὸ δὲ χειμερινὸν
urn:cts:greekLit:tlg0656.tlg001.gunther1934:2.103	edition_of	urn:cts:greekLit:tlg0656.tlg001.wellmann1906:2.82@γεννᾶται[1]-αἴρει[1]	proposed	213	269		γεννᾶται δὲ ταὶ
urn:cts:greekLit:tlg0656.tlg001.gunther1934:2.104	edition_of	urn:cts:greekLit:tlg0656.tlg001.wellmann1906:2.82.5@καλεῖται[1]-ἐγχριόμενον[1]	proposed	269	321		καλεῖται δέ τι
urn:cts:greekLit:tlg0656.tlg001.gunther1934:2.105	edition_of	urn:cts:greekLit:tlg0656.tlg001.wellmann1906:2.83	proposed				
urn:cts:greekLit:tlg0656.tlg001.gunther1934:2.106	edition_of	urn:cts:greekLit:tlg0656.tlg001.wellmann1906:2.84	proposed				
urn:cts:greekLit:tlg0656.tlg001.gunther1934:2.107	edition_of	urn:cts:greekLit:tlg0656.tlg001.wellmann1906:2.85	proposed				
urn:cts:greekLit:tlg0656.tlg001.gunther1934:2.108	edition_of	urn:cts:greekLit:tlg0656.tlg001.wellmann1906:2.86	proposed				
urn:cts:greekLit:tlg0656.tlg001.gunther1934:2.109	edition_of	urn:cts:greekLit:tlg0656.tlg001.wellmann1906:2.87	proposed				
urn:cts:greekLit:tlg0656.tlg001.gunther1934:2.110	edition_of	urn:cts:greekLit:tlg0656.tlg001.wellmann1906:2.88	proposed				
urn:cts:greekLit:tlg0656.tlg001.gunther1934:2.111	edition_of	urn:cts:greekLit:tlg0656.tlg001.wellmann1906:2.89	proposed				
urn:cts:greekLit:tlg0656.tlg001.gunther1934:2.112	edition_of	urn:cts:greekLit:tlg0656.tlg001.wellmann1906:2.90	proposed				
urn:cts:greekLit:tlg0656.tlg001.gunther1934:2.113	edition_of	urn:cts:greekLit:tlg0656.tlg001.wellmann1906:2.91	proposed				
urn:cts:greekLit:tlg0656.tlg001.gunther1934:2.114	edition_of	urn:cts:greekLit:tlg0656.tlg001.wellmann1906:2.92	proposed				
urn:cts:greekLit:tlg0656.tlg001.gunther1934:2.115	edition_of	urn:cts:greekLit:tlg0656.tlg001.wellmann1906:2.93	proposed				
urn:cts:greekLit:tlg0656.tlg001.gunther1934:2.116	edition_of	urn:cts:greekLit:tlg0656.tlg001.wellmann1906:2.94	proposed				
urn:cts:greekLit:tlg0656.tlg001.gunther1934:2.117	edition_of	urn:cts:greekLit:tlg0656.tlg001.wellmann1906:2.95	proposed				
urn:cts:greekLit:tlg0656.tlg001.gunther1934:2.118	edition_of	urn:cts:greekLit:tlg0656.tlg001.wellmann1906:2.96	proposed				
urn:cts:greekLit:tlg0656.tlg001.gunther1934:2.119	edition_of	urn:cts:greekLit:tlg0656.tlg001.wellmann1906:2.97	proposed				
urn:cts:greekLit:tlg0656.tlg001.gunther1934:2.120	edition_of	urn:cts:greekLit:tlg0656.tlg001.wellmann1906:2.98	proposed				
urn:cts:greekLit:tlg0656.tlg001.gunther1934:2.121	edition_of	urn:cts:greekLit:tlg0656.tlg001.wellmann1906:2.99	proposed				
urn:cts:greekLit:tlg0656.tlg001.gunther1934:2.122	edition_of	urn:cts:greekLit:tlg0656.tlg001.wellmann1906:2.100	proposed				
urn:cts:greekLit:tlg0656.tlg001.gunther1934:2.123	edition_of	urn:cts:greekLit:tlg0656.tlg001.wellmann1906:2.101	proposed				
urn:cts:greekLit:tlg0656.tlg001.gunther1934:2.124	edition_of	urn:cts:greekLit:tlg0656.tlg001.wellmann1906:2.102	proposed				
urn:cts:greekLit:tlg0656.tlg001.gunther1934:2.125	edition_of	urn:cts:greekLit:tlg0656.tlg001.wellmann1906:2.103	proposed				
urn:cts:greekLit:tlg0656.tlg001.gunther1934:2.126	edition_of	urn:cts:greekLit:tlg0656.tlg001.wellmann1906:2.104	proposed				
urn:cts:greekLit:tlg0656.tlg001.gunther1934:2.127	edition_of	urn:cts:greekLit:tlg0656.tlg001.wellmann1906:2.105	proposed				
urn:cts:greekLit:tlg0656.tlg001.gunther1934:2.128	edition_of	urn:cts:greekLit:tlg0656.tlg001.wellmann1906:2.106	proposed				
urn:cts:greekLit:tlg0656.tlg001.gunther1934:2.129	edition_of	urn:cts:greekLit:tlg0656.tlg001.wellmann1906:2.107	proposed				
urn:cts:greekLit:tlg0656.tlg001.gunther1934:2.131	edition_of	urn:cts:greekLit:tlg0656.tlg001.wellmann1906:2.108	proposed				
urn:cts:greekLit:tlg0656.tlg001.gunther1934:2.132	edition_of	urn:cts:greekLit:tlg0656.tlg001.wellmann1906:2.109@109[1]-ἰῶνται[2]	proposed	0	147		109 θέρμος ὁ
urn:cts:greekLit:tlg0656.tlg001.gunther1934:2.133	edition_of	urn:cts:greekLit:tlg0656.tlg001.wellmann1906:2.109.2@γίνεται[1]-ἥμερος[1]	proposed	147	164		γίνεται δὲ καὶ
urn:cts:greekLit:tlg0656.tlg001.gunther1934:2.134	edition_of	urn:cts:greekLit:tlg0656.tlg001.wellmann1906:2.110.1	proposed	0	84		
urn:cts:greekLit:tlg0656.tlg001.gunther1934:2.135	edition_of	urn:cts:greekLit:tlg0656.tlg001.wellmann1906:2.110.2	proposed	84	151		
urn:cts:greekLit:tlg0656.tlg001.gunther1934:2.136	edition_of	urn:cts:greekLit:tlg0656.tlg001.wellmann1906:2.111	proposed				
urn:cts:greekLit:tlg0656.tlg001.gunther1934:2.137	edition_of	urn:cts:greekLit:tlg0656.tlg001.wellmann1906:2.112@112[1]-δὲ[12]	proposed	0	136		112 ῥαφανὶς καὶ
urn:cts:greekLit:tlg0656.tlg001.gunther1934:2.138	edition_of	urn:cts:greekLit:tlg0656.tlg001.wellmann1906:2.112.2@ἀγρία[1]-καυματώδης[1]	proposed	136	172		ἀγρία ῥαφανίς ἣν
urn:cts:greekLit:tlg0656.tlg001.gunther1934:2.139	edition_of	urn:cts:greekLit:tlg0656.tlg001.wellmann1906:2.113	proposed				
urn:cts:greekLit:tlg0656.tlg001.gunther1934:2.140	edition_of	urn:cts:greekLit:tlg0656.tlg001.wellmann1906:2.114	proposed				
urn:cts:greekLit:tlg0656.tlg001.gunther1934:2.141	edition_of	urn:cts:greekLit:tlg0656.tlg001.wellmann1906:2.115	proposed				
urn:cts:greekLit:tlg0656.tlg001.gunther1934:2.142	edition_of	urn:cts:greekLit:tlg0656.tlg001.wellmann1906:2.116	proposed				
urn:cts:greekLit:tlg0656.tlg001.gunther1934:2.143	edition_of	urn:cts:greekLit:tlg0656.tlg001.wellmann1906:2.117	proposed				
urn:cts:greekLit:tlg0656.tlg001.gunther1934:2.144	edition_of	urn:cts:greekLit:tlg0656.tlg001.wellmann1906:2.118	proposed				
urn:cts:greekLit:tlg0656.tlg001.gunther1934:2.145	edition_of	urn:cts:greekLit:tlg0656.tlg001.wellmann1906:2.119	proposed				
urn:cts:greekLit:tlg0656.tlg001.gunther1934:2.146	edition_of	urn:cts:greekLit:tlg0656.tlg001.wellmann1906:2.120	proposed				
urn:cts:greekLit:tlg0656.tlg001.gunther1934:2.147	edition_of	urn:cts:greekLit:tlg0656.tlg001.wellmann1906:2.121	proposed				
urn:cts:greekLit:tlg0656.tlg001.gunther1934:2.148	edition_of	urn:cts:greekLit:tlg0656.tlg001.wellmann1906:2.122	proposed				
urn:cts:greekLit:tlg0656.tlg001.gunther1934:2.149	edition_of	urn:cts:greekLit:tlg0656.tlg001.wellmann1906:2.123	proposed				
urn:cts:greekLit:tlg0656.tlg001.gunther1934:2.150	edition_of	urn:cts:greekLit:tlg0656.tlg001.wellmann1906:2.124.1-2.124.2	proposed	0	120		
urn:cts:greekLit:tlg0656.tlg001.gunther1934:2.151	edition_of	urn:cts:greekLit:tlg0656.tlg001.wellmann1906:4.90	proposed				
urn:cts:greekLit:tlg0656.tlg001.gunther1934:2.152	edition_of	urn:cts:greekLit:tlg0656.tlg001.wellmann1906:2.125	proposed				
urn:cts:greekLit:tlg0656.tlg001.gunther1934:2.153	edition_of	urn:cts:greekLit:tlg0656.tlg001.wellmann1906:2.126	proposed				
urn:cts:greekLit:tlg0656.tlg001.gunther1934:2.154	edition_of	urn:cts:greekLit:tlg0656.tlg001.wellmann1906:2.127	proposed				
urn:cts:greekLit:tlg0656.tlg001.gunther1934:2.155	edition_of	urn:cts:greekLit:tlg0656.tlg001.wellmann1906:3.41	proposed				
urn:cts:greekLit:tlg0656.tlg001.gunther1934:2.156	edition_of	urn:cts:greekLit:tlg0656.tlg001.wellmann1906:2.128	proposed				
urn:cts:greekLit:tlg0656.tlg001.gunther1934:2.157	edition_of	urn:cts:greekLit:tlg0656.tlg001.wellmann1906:2.129	proposed				
urn:cts:greekLit:tlg0656.tlg001.gunther1934:2.158	edition_of	urn:cts:greekLit:tlg0656.tlg001.wellmann1906:2.130	proposed				
urn:cts:greekLit:tlg0656.tlg001.gunther1934:2.159	edition_of	urn:cts:greekLit:tlg0656.tlg001.wellmann1906:2.131	proposed				
urn:cts:greekLit:tlg0656.tlg001.gunther1934:2.160	edition_of	urn:cts:greekLit:tlg0656.tlg001.wellmann1906:2.132	proposed				
urn:cts:greekLit:tlg0656.tlg001.gunther1934:2.161	edition_of	urn:cts:greekLit:tlg0656.tlg001.wellmann1906:2.133	proposed				
urn:cts:greekLit:tlg0656.tlg001.gunther1934:2.162	edition_of	urn:cts:greekLit:tlg0656.tlg001.wellmann1906:2.134	proposed				
urn:cts:greekLit:tlg0656.tlg001.gunther1934:2.163	edition_of	urn:cts:greekLit:tlg0656.tlg001.wellmann1906:2.135.1@135[1]-ἐπινυκτίδας[1]	proposed	0	44		135 σίκυς ἥμερος
urn:cts:greekLit:tlg0656.tlg001.gunther1934:2.164	edition_of	urn:cts:greekLit:tlg0656.tlg001.wellmann1906:2.135@ἡ[1]-μέλιτος[1]	proposed	44	126		ἡ δὲ τοῦ
urn:cts:greekLit:tlg0656.tlg001.gunther1934:2.165	edition_of	urn:cts:greekLit:tlg0656.tlg001.wellmann1906:2.136@136[1]-θρίδακος[1]	proposed	0	58		136 θρ ίδαξ
urn:cts:greekLit:tlg0656.tlg001.gunther1934:2.166	edition_of	urn:cts:greekLit:tlg0656.tlg001.wellmann1906:2.136@ἡ[1]-χυλίσματα[1]	proposed	58	172		ἡ δὲ ἀγρία
urn:cts:greekLit:tlg0656.tlg001.gunther1934:2.167	edition_of	urn:cts:greekLit:tlg0656.tlg001.wellmann1906:2.137	proposed				
urn:cts:greekLit:tlg0656.tlg001.gunther1934:2.168	edition_of	urn:cts:greekLit:tlg0656.tlg001.wellmann1906:2.138	proposed				
urn:cts:greekLit:tlg0656.tlg001.gunther1934:2.169	edition_of	urn:cts:greekLit:tlg0656.tlg001.wellmann1906:2.139	proposed				
urn:cts:greekLit:tlg0656.tlg001.gunther1934:2.170	edition_of	urn:cts:greekLit:tlg0656.tlg001.wellmann1906:2.140	proposed				
urn:cts:greekLit:tlg0656.tlg001.gunther1934:2.171	edition_of	urn:cts:greekLit:tlg0656.tlg001.wellmann1906:2.141	proposed				
urn:cts:greekLit:tlg0656.tlg001.gunther1934:2.172	edition_of	urn:cts:greekLit:tlg0656.tlg001.wellmann1906:2.142	proposed				
urn:cts:greekLit:tlg0656.tlg001.gunther1934:2.173	edition_of	urn:cts:greekLit:tlg0656.tlg001.wellmann1906:2.143	proposed				
urn:cts:greekLit:tlg0656.tlg001.gunther1934:2.174	edition_of	urn:cts:greekLit:tlg0656.tlg001.wellmann1906:2.144	proposed				
urn:cts:greekLit:tlg0656.tlg001.gunther1934:2.175	edition_of	urn:cts:greekLit:tlg0656.tlg001.wellmann1906:2.145	proposed				
urn:cts:greekLit:tlg0656.tlg001.gunther1934:2.176	edition_of	urn:cts:greekLit:tlg0656.tlg001.wellmann1906:2.146	proposed				
urn:cts:greekLit:tlg0656.tlg001.gunther1934:2.177	edition_of	urn:cts:greekLit:tlg0656.tlg001.wellmann1906:2.147	proposed				
urn:cts:greekLit:tlg0656.tlg001.gunther1934:2.178	edition_of	urn:cts:greekLit:tlg0656.tlg001.wellmann1906:2.148	proposed				
urn:cts:greekLit:tlg0656.tlg001.gunther1934:2.179	edition_of	urn:cts:greekLit:tlg0656.tlg001.wellmann1906:2.149	proposed				
urn:cts:greekLit:tlg0656.tlg001.gunther1934:2.180	edition_of	urn:cts:greekLit:tlg0656.tlg001.wellmann1906:2.150	proposed				
urn:cts:greekLit:tlg0656.tlg001.gunther1934:2.181	edition_of	urn:cts:greekLit:tlg0656.tlg001.wellmann1906:2.151	proposed				
urn:cts:greekLit:tlg0656.tlg001.gunther1934:2.182	edition_of	urn:cts:greekLit:tlg0656.tlg001.wellmann1906:2.152	proposed				
urn:cts:greekLit:tlg0656.tlg001.gunther1934:2.183	edition_of	urn:cts:greekLit:tlg0656.tlg001.wellmann1906:2.153	proposed				
urn:cts:greekLit:tlg0656.tlg001.gunther1934:2.184	edition_of	urn:cts:greekLit:tlg0656.tlg001.wellmann1906:2.154	proposed				
urn:cts:greekLit:tlg0656.tlg001.gunther1934:2.185	edition_of	urn:cts:greekLit:tlg0656.tlg001.wellmann1906:2.155	proposed				
urn:cts:greekLit:tlg0656.tlg001.gunther1934:2.186	edition_of	urn:cts:greekLit:tlg0656.tlg001.wellmann1906:2.156	proposed				
urn:cts:greekLit:tlg0656.tlg001.gunther1934:2.187	edition_of	urn:cts:greekLit:tlg0656.tlg001.wellmann1906:2.157	proposed				
urn:cts:greekLit:tlg0656.tlg001.gunther1934:2.188	edition_of	urn:cts:greekLit:tlg0656.tlg001.wellmann1906:2.158	proposed				
urn:cts:greekLit:tlg0656.tlg001.gunther1934:2.189	edition_of	urn:cts:greekLit:tlg0656.tlg001.wellmann1906:2.159	proposed				
urn:cts:greekLit:tlg0656.tlg001.gunther1934:2.190	edition_of	urn:cts:greekLit:tlg0656.tlg001.wellmann1906:2.160	proposed				
urn:cts:greekLit:tlg0656.tlg001.gunther1934:2.191	edition_of	urn:cts:greekLit:tlg0656.tlg001.wellmann1906:2.161	proposed				
urn:cts:greekLit:tlg0656.tlg001.gunther1934:2.192	edition_of	urn:cts:greekLit:tlg0656.tlg001.wellmann1906:2.162	proposed				
urn:cts:greekLit:tlg0656.tlg001.gunther1934:2.193	edition_of	urn:cts:greekLit:tlg0656.tlg001.wellmann1906:2.163	proposed				
urn:cts:greekLit:tlg0656.tlg001.gunther1934:2.194	edition_of	urn:cts:greekLit:tlg0656.tlg001.wellmann1906:2.164	proposed				
urn:cts:greekLit:tlg0656.tlg001.gunther1934:2.195	edition_of	urn:cts:greekLit:tlg0656.tlg001.wellmann1906:2.165	proposed				
urn:cts:greekLit:tlg0656.tlg001.gunther1934:2.196	edition_of	urn:cts:greekLit:tlg0656.tlg001.wellmann1906:2.166@ποθέντες[1]-οἴνῳ[1]	proposed	82	215		ποθέντες δὲ ὅσον
urn:cts:greekLit:tlg0656.tlg001.gunther1934:2.197	edition_of	urn:cts:greekLit:tlg0656.tlg001.wellmann1906:2.166@ἔχει[1]-σκιᾷ[1]	proposed	2	290		ἔχει κισσοειδῆ μεγάλα
urn:cts:greekLit:tlg0656.tlg001.gunther1934:2.198	edition_of	urn:cts:greekLit:tlg0656.tlg001.wellmann1906:2.167	proposed				
urn:cts:greekLit:tlg0656.tlg001.gunther1934:2.199	edition_of	urn:cts:greekLit:tlg0656.tlg001.wellmann1906:2.168	proposed				
urn:cts:greekLit:tlg0656.tlg001.gunther1934:2.200	edition_of	urn:cts:greekLit:tlg0656.tlg001.wellmann1906:2.169	proposed				
urn:cts:greekLit:tlg0656.tlg001.gunther1934:2.201	edition_of	urn:cts:greekLit:tlg0656.tlg001.wellmann1906:2.170	proposed				
urn:cts:greekLit:tlg0656.tlg001.gunther1934:2.202	edition_of	urn:cts:greekLit:tlg0656.tlg001.wellmann1906:4.156	proposed				
urn:cts:greekLit:tlg0656.tlg001.gunther1934:2.203	edition_of	urn:cts:greekLit:tlg0656.tlg001.wellmann1906:2.171	proposed				
urn:cts:greekLit:tlg0656.tlg001.gunther1934:2.204	edition_of	urn:cts:greekLit:tlg0656.tlg001.wellmann1906:2.172	proposed				
urn:cts:greekLit:tlg0656.tlg001.gunther1934:2.205	edition_of	urn:cts:greekLit:tlg0656.tlg001.wellmann1906:2.173	proposed				
urn:cts:greekLit:tlg0656.tlg001.gunther1934:2.206	edition_of	urn:cts:greekLit:tlg0656.tlg001.wellmann1906:2.174	proposed				
urn:cts:greekLit:tlg0656.tlg001.gunther1934:2.207	edition_of	urn:cts:greekLit:tlg0656.tlg001.wellmann1906:2.175	proposed				
urn:cts:greekLit:tlg0656.tlg001.gunther1934:2.208	edition_of	urn:cts:greekLit:tlg0656.tlg001.wellmann1906:2.176	proposed				
urn:cts:greekLit:tlg0656.tlg001.gunther1934:2.209	edition_of	urn:cts:greekLit:tlg0656.tlg001.wellmann1906:2.177	proposed				
urn:cts:greekLit:tlg0656.tlg001.gunther1934:2.210	edition_of	urn:cts:greekLit:tlg0656.tlg001.wellmann1906:2.178RV	proposed				
urn:cts:greekLit:tlg0656.tlg001.gunther1934:2.211	edition_of	urn:cts:greekLit:tlg0656.tlg001.wellmann1906:2.178	proposed				
urn:cts:greekLit:tlg0656.tlg001.gunther1934:2.212	edition_of	urn:cts:greekLit:tlg0656.tlg001.wellmann1906:2.179	proposed				
urn:cts:greekLit:tlg0656.tlg001.gunther1934:2.213	edition_of	urn:cts:greekLit:tlg0656.tlg001.wellmann1906:2.180	proposed				
urn:cts:greekLit:tlg0656.tlg001.gunther1934:2.214	edition_of	urn:cts:greekLit:tlg0656.tlg001.wellmann1906:2.181	proposed				
urn:cts:greekLit:tlg0656.tlg001.gunther1934:2.215	edition_of	urn:cts:greekLit:tlg0656.tlg001.wellmann1906:2.182	proposed				
urn:cts:greekLit:tlg0656.tlg001.gunther1934:2.216	edition_of	urn:cts:greekLit:tlg0656.tlg001.wellmann1906:2.183	proposed				
urn:cts:greekLit:tlg0656.tlg001.gunther1934:2.217	edition_of	urn:cts:greekLit:tlg0656.tlg001.wellmann1906:2.184	proposed				
urn:cts:greekLit:tlg0656.tlg001.gunther1934:2.218	edition_of	urn:cts:greekLit:tlg0656.tlg001.wellmann1906:2.185	proposed				
urn:cts:greekLit:tlg0656.tlg001.gunther1934:2.219	edition_of	urn:cts:greekLit:tlg0656.tlg001.wellmann1906:2.186	proposed				
urn:cts:greekLit:tlg0656.tlg001.gunther1934:3.1	edition_of	urn:cts:greekLit:tlg0656.tlg001.wellmann1906:3.1	proposed				
urn:cts:greekLit:tlg0656.tlg001.gunther1934:3.2	edition_of	urn:cts:greekLit:tlg0656.tlg001.wellmann1906:3.2	proposed				
urn:cts:greekLit:tlg0656.tlg001.gunther1934:3.3	edition_of	urn:cts:greekLit:tlg0656.tlg001.wellmann1906:3.3	proposed				
urn:cts:greekLit:tlg0656.tlg001.gunther1934:3.4	edition_of	urn:cts:greekLit:tlg0656.tlg001.wellmann1906:3.4.1	proposed	0	48		
urn:cts:greekLit:tlg0656.tlg001.gunther1934:3.5	edition_of	urn:cts:greekLit:tlg0656.tlg001.wellmann1906:3.4.2	proposed	48	108		
urn:cts:greekLit:tlg0656.tlg001.gunther1934:3.6	edition_of	urn:cts:greekLit:tlg0656.tlg001.wellmann1906:3.4.3-3.4.5	proposed	108	268		
urn:cts:greekLit:tlg0656.tlg001.gunther1934:3.7	edition_of	urn:cts:greekLit:tlg0656.tlg001.wellmann1906:3.5.1-3.5.2	proposed	0	134		
urn:cts:greekLit:tlg0656.tlg001.gunther1934:3.8	edition_of	urn:cts:greekLit:tlg0656.tlg001.wellmann1906:3.6	proposed				
urn:cts:greekLit:tlg0656.tlg001.gunther1934:3.9	edition_of	urn:cts:greekLit:tlg0656.tlg001.wellmann1906:3.7	proposed				
urn:cts:greekLit:tlg0656.tlg001.gunther1934:3.10	edition_of	urn:cts:greekLit:tlg0656.tlg001.wellmann1906:3.8	proposed				
urn:cts:greekLit:tlg0656.tlg001.gunther1934:3.11	edition_of	urn:cts:greekLit:tlg0656.tlg001.wellmann1906:3.9	proposed				
urn:cts:greekLit:tlg0656.tlg001.gunther1934:3.12	edition_of	urn:cts:greekLit:tlg0656.tlg001.wellmann1906:3.10	proposed				
urn:cts:greekLit:tlg0656.tlg001.gunther1934:3.13	edition_of	urn:cts:greekLit:tlg0656.tlg001.wellmann1906:3.11	proposed				
urn:cts:greekLit:tlg0656.tlg001.gunther1934:3.14	edition_of	urn:cts:greekLit:tlg0656.tlg001.wellmann1906:3.12	proposed				
urn:cts:greekLit:tlg0656.tlg001.gunther1934:3.15	edition_of	urn:cts:greekLit:tlg0656.tlg001.wellmann1906:3.13	proposed				
urn:cts:greekLit:tlg0656.tlg001.gunther1934:3.16	edition_of	urn:cts:greekLit:tlg0656.tlg001.wellmann1906:3.14	proposed				
urn:cts:greekLit:tlg0656.tlg001.gunther1934:3.17	edition_of	urn:cts:greekLit:tlg0656.tlg001.wellmann1906:3.15	proposed				
urn:cts:greekLit:tlg0656.tlg001.gunther1934:3.18	edition_of	urn:cts:greekLit:tlg0656.tlg001.wellmann1906:3.16	proposed				
urn:cts:greekLit:tlg0656.tlg001.gunther1934:3.19	edition_of	urn:cts:greekLit:tlg0656.tlg001.wellmann1906:3.17@17[1]-δήγμασι[1]	proposed	0	92		17 ἄκανθος οἱ
urn:cts:greekLit:tlg0656.tlg001.gunther1934:3.20	edition_of	urn:cts:greekLit:tlg0656.tlg001.wellmann1906:3.17.2@γίνεται[1]-αὐτῆς[1]	proposed	92	117		γίνεται δὲ καὶ
urn:cts:greekLit:tlg0656.tlg001.gunther1934:3.21	edition_of	urn:cts:greekLit:tlg0656.tlg001.wellmann1906:3.18	proposed				
urn:cts:greekLit:tlg0656.tlg001.gunther1934:3.22	edition_of	urn:cts:greekLit:tlg0656.tlg001.wellmann1906:3.19	proposed				
urn:cts:greekLit:tlg0656.tlg001.gunther1934:3.23	edition_of	urn:cts:greekLit:tlg0656.tlg001.wellmann1906:3.20	proposed				
urn:cts:greekLit:tlg0656.tlg001.gunther1934:3.24	edition_of	urn:cts:greekLit:tlg0656.tlg001.wellmann1906:3.21	proposed				
urn:cts:greekLit:tlg0656.tlg001.gunther1934:3.25	edition_of	urn:cts:greekLit:tlg0656.tlg001.wellmann1906:3.22	proposed				
urn:cts:greekLit:tlg0656.tlg001.gunther1934:3.26	edition_of	urn:cts:greekLit:tlg0656.tlg001.wellmann1906:3.23.1-3.23.4	proposed	0	273		
urn:cts:greekLit:tlg0656.tlg001.gunther1934:3.27	edition_of	urn:cts:greekLit:tlg0656.tlg001.wellmann1906:3.23@καλοῦσί[1]-δὲ[21]	proposed	273	354		καλοῦσί τινες καὶ
urn:cts:greekLit:tlg0656.tlg001.gunther1934:3.28	edition_of	urn:cts:greekLit:tlg0656.tlg001.wellmann1906:3.23.6@τρίτον[1]-σερίφῳ[1]	proposed	354	390		τρίτον εἶδος ἀψινθίου
urn:cts:greekLit:tlg0656.tlg001.gunther1934:3.29	edition_of	urn:cts:greekLit:tlg0656.tlg001.wellmann1906:3.24	proposed				
urn:cts:greekLit:tlg0656.tlg001.gunther1934:3.30	edition_of	urn:cts:greekLit:tlg0656.tlg001.wellmann1906:3.25	proposed				
urn:cts:greekLit:tlg0656.tlg001.gunther1934:3.31	edition_of	urn:cts:greekLit:tlg0656.tlg001.wellmann1906:3.26	proposed				
urn:cts:greekLit:tlg0656.tlg001.gunther1934:3.32	edition_of	urn:cts:greekLit:tlg0656.tlg001.wellmann1906:3.27	proposed				
urn:cts:greekLit:tlg0656.tlg001.gunther1934:3.33	edition_of	urn:cts:greekLit:tlg0656.tlg001.wellmann1906:3.28	proposed				
urn:cts:greekLit:tlg0656.tlg001.gunther1934:3.34	edition_of	urn:cts:greekLit:tlg0656.tlg001.wellmann1906:3.29	proposed				
urn:cts:greekLit:tlg0656.tlg001.gunther1934:3.35	edition_of	urn:cts:greekLit:tlg0656.tlg001.wellmann1906:3.30	proposed				
urn:cts:greekLit:tlg0656.tlg001.gunther1934:3.36	edition_of	urn:cts:greekLit:tlg0656.tlg001.wellmann1906:3.31	proposed				
urn:cts:greekLit:tlg0656.tlg001.gunther1934:3.37	edition_of	urn:cts:greekLit:tlg0656.tlg001.wellmann1906:3.32.1	proposed	0	73		
urn:cts:greekLit:tlg0656.tlg001.gunther1934:3.38	edition_of	urn:cts:greekLit:tlg0656.tlg001.wellmann1906:3.32.2	proposed	73	148		
urn:cts:greekLit:tlg0656.tlg001.gunther1934:3.39	edition_of	urn:cts:greekLit:tlg0656.tlg001.wellmann1906:3.32.2@φέρεται[1]-θηριακαῖς[1]	proposed	101	148		φέρεται δὲ καὶ
urn:cts:greekLit:tlg0656.tlg001.gunther1934:3.40	edition_of	urn:cts:greekLit:tlg0656.tlg001.wellmann1906:3.33.1-3.33.2	proposed	0	108		
urn:cts:greekLit:tlg0656.tlg001.gunther1934:3.41	edition_of	urn:cts:greekLit:tlg0656.tlg001.wellmann1906:3.34@34[1]-ἀρτυματῶδες[1]	proposed	0	102		34 ἡδύοσμον οἱ
urn:cts:greekLit:tlg0656.tlg001.gunther1934:3.42	edition_of	urn:cts:greekLit:tlg0656.tlg001.wellmann1906:3.34.2@γίνεται[1]-εὔθετον[1]	proposed	102	125		γίνεται δὲ καὶ
urn:cts:greekLit:tlg0656.tlg001.gunther1934:3.43	edition_of	urn:cts:greekLit:tlg0656.tlg001.wellmann1906:3.35	proposed				
urn:cts:greekLit:tlg0656.tlg001.gunther1934:3.44	edition_of	urn:cts:greekLit:tlg0656.tlg001.wellmann1906:3.36	proposed				
urn:cts:greekLit:tlg0656.tlg001.gunther1934:3.45	edition_of	urn:cts:greekLit:tlg0656.tlg001.wellmann1906:3.37	proposed				
urn:cts:greekLit:tlg0656.tlg001.gunther1934:3.46	edition_of	urn:cts:greekLit:tlg0656.tlg001.wellmann1906:3.38	proposed				
urn:cts:greekLit:tlg0656.tlg001.gunther1934:3.47	edition_of	urn:cts:greekLit:tlg0656.tlg001.wellmann1906:3.39	proposed				
urn:cts:greekLit:tlg0656.tlg001.gunther1934:3.48	edition_of	urn:cts:greekLit:tlg0656.tlg001.wellmann1906:3.40	proposed				
urn:cts:greekLit:tlg0656.tlg001.gunther1934:3.49	edition_of	urn:cts:greekLit:tlg0656.tlg001.wellmann1906:3.42	proposed				
urn:cts:greekLit:tlg0656.tlg001.gunther1934:3.50	edition_of	urn:cts:greekLit:tlg0656.tlg001.wellmann1906:3.43	proposed				
urn:cts:greekLit:tlg0656.tlg001.gunther1934:3.51	edition_of	urn:cts:greekLit:tlg0656.tlg001.wellmann1906:3.44	proposed				
urn:cts:greekLit:tlg0656.tlg001.gunther1934:3.52	edition_of	urn:cts:greekLit:tlg0656.tlg001.wellmann1906:3.45	proposed				
urn:cts:greekLit:tlg0656.tlg001.gunther1934:3.53	edition_of	urn:cts:greekLit:tlg0656.tlg001.wellmann1906:3.46	proposed				
urn:cts:greekLit:tlg0656.tlg001.gunther1934:3.54	edition_of	urn:cts:greekLit:tlg0656.tlg001.wellmann1906:3.47	proposed				
urn:cts:greekLit:tlg0656.tlg001.gunther1934:3.55	edition_of	urn:cts:greekLit:tlg0656.tlg001.wellmann1906:3.48	proposed				
urn:cts:greekLit:tlg0656.tlg001.gunther1934:3.56	edition_of	urn:cts:greekLit:tlg0656.tlg001.wellmann1906:3.49	proposed				
urn:cts:greekLit:tlg0656.tlg001.gunther1934:3.57	edition_of	urn:cts:greekLit:tlg0656.tlg001.wellmann1906:3.50	proposed				
urn:cts:greekLit:tlg0656.tlg001.gunther1934:3.58	edition_of	urn:cts:greekLit:tlg0656.tlg001.wellmann1906:3.51	proposed				
urn:cts:greekLit:tlg0656.tlg001.gunther1934:3.59	edition_of	urn:cts:greekLit:tlg0656.tlg001.wellmann1906:3.52	proposed				
urn:cts:greekLit:tlg0656.tlg001.gunther1934:3.60	edition_of	urn:cts:greekLit:tlg0656.tlg001.wellmann1906:3.53.1	proposed	0	105		
urn:cts:greekLit:tlg0656.tlg001.gunther1934:3.61	edition_of	urn:cts:greekLit:tlg0656.tlg001.wellmann1906:3.53.2	proposed	105	155		
urn:cts:greekLit:tlg0656.tlg001.gunther1934:3.62	edition_of	urn:cts:greekLit:tlg0656.tlg001.wellmann1906:3.53.3	proposed	155	207		
urn:cts:greekLit:tlg0656.tlg001.gunther1934:3.63	edition_of	urn:cts:greekLit:tlg0656.tlg001.wellmann1906:3.54	proposed				
urn:cts:greekLit:tlg0656.tlg001.gunther1934:3.64	edition_of	urn:cts:greekLit:tlg0656.tlg001.wellmann1906:3.55	proposed				
urn:cts:greekLit:tlg0656.tlg001.gunther1934:3.65	edition_of	urn:cts:greekLit:tlg0656.tlg001.wellmann1906:3.56	proposed				
urn:cts:greekLit:tlg0656.tlg001.gunther1934:3.66	edition_of	urn:cts:greekLit:tlg0656.tlg001.wellmann1906:3.57	proposed				
urn:cts:greekLit:tlg0656.tlg001.gunther1934:3.67	edition_of	urn:cts:greekLit:tlg0656.tlg001.wellmann1906:3.58	proposed				
urn:cts:greekLit:tlg0656.tlg001.gunther1934:3.68	edition_of	urn:cts:greekLit:tlg0656.tlg001.wellmann1906:3.59	proposed				
urn:cts:greekLit:tlg0656.tlg001.gunther1934:3.69@CumminCuminum[1]-same[1]	edition_of	urn:cts:greekLit:tlg0656.tlg001.wellmann1906:3.60	proposed			CumminCuminum sylvestre ye	
urn:cts:greekLit:tlg0656.tlg001.gunther1934:3.69@There[1]-boiled[1]	edition_of	urn:cts:greekLit:tlg0656.tlg001.wellmann1906:3.61	proposed			There is also	
urn:cts:greekLit:tlg0656.tlg001.gunther1934:3.70	edition_of	urn:cts:greekLit:tlg0656.tlg001.wellmann1906:3.62	proposed				
urn:cts:greekLit:tlg0656.tlg001.gunther1934:3.71	edition_of	urn:cts:greekLit:tlg0656.tlg001.wellmann1906:3.63	proposed				
urn:cts:greekLit:tlg0656.tlg001.gunther1934:3.72	edition_of	urn:cts:greekLit:tlg0656.tlg001.wellmann1906:3.64RV@RV[1]-ἀρήγει[1]	proposed	0	63		RV ἱεράκιον τὸ
urn:cts:greekLit:tlg0656.tlg001.gunther1934:3.73	edition_of	urn:cts:greekLit:tlg0656.tlg001.wellmann1906:3.64RV.2@ἱεράκιον[1]-προειρημένῳ[1]	proposed	63	111		ἱεράκιον τὸ μικρόν
urn:cts:greekLit:tlg0656.tlg001.gunther1934:3.74	edition_of	urn:cts:greekLit:tlg0656.tlg001.wellmann1906:3.64@64[1]-ἐλεοσέλινον[1]	proposed	0	83		64 σέλινον κηπαῖον
urn:cts:greekLit:tlg0656.tlg001.gunther1934:3.75	edition_of	urn:cts:greekLit:tlg0656.tlg001.wellmann1906:3.64.2@καὶ[6]-κηπευτόν[1]	proposed	80	102		καὶ τὸ ἐλεοσέλινον
urn:cts:greekLit:tlg0656.tlg001.gunther1934:3.76	edition_of	urn:cts:greekLit:tlg0656.tlg001.wellmann1906:3.65	proposed				
urn:cts:greekLit:tlg0656.tlg001.gunther1934:3.77	edition_of	urn:cts:greekLit:tlg0656.tlg001.wellmann1906:3.66	proposed				
urn:cts:greekLit:tlg0656.tlg001.gunther1934:3.78	edition_of	urn:cts:greekLit:tlg0656.tlg001.wellmann1906:3.67	proposed				
urn:cts:greekLit:tlg0656.tlg001.gunther1934:3.79	edition_of	urn:cts:greekLit:tlg0656.tlg001.wellmann1906:3.68	proposed				
urn:cts:greekLit:tlg0656.tlg001.gunther1934:3.80	edition_of	urn:cts:greekLit:tlg0656.tlg001.wellmann1906:3.69	proposed				
urn:cts:greekLit:tlg0656.tlg001.gunther1934:3.81	edition_of	urn:cts:greekLit:tlg0656.tlg001.wellmann1906:3.70	proposed				
urn:cts:greekLit:tlg0656.tlg001.gunther1934:3.82	edition_of	urn:cts:greekLit:tlg0656.tlg001.wellmann1906:3.71	proposed				
urn:cts:greekLit:tlg0656.tlg001.gunther1934:3.83	edition_of	urn:cts:greekLit:tlg0656.tlg001.wellmann1906:3.72	proposed				
urn:cts:greekLit:tlg0656.tlg001.gunther1934:3.84	edition_of	urn:cts:greekLit:tlg0656.tlg001.wellmann1906:3.73a@RV[1]-χωρίοις[1]	proposed	0	107		RV δελφίνιον οἱ
urn:cts:greekLit:tlg0656.tlg001.gunther1934:3.85	edition_of	urn:cts:greekLit:tlg0656.tlg001.wellmann1906:3.73a.2@δελφίνιον[1]-ἐνεργές[1]	proposed	107	140		δελφίνιον ἕτερον οἱ
urn:cts:greekLit:tlg0656.tlg001.gunther1934:3.86	edition_of	urn:cts:greekLit:tlg0656.tlg001.wellmann1906:3.73b	proposed				
urn:cts:greekLit:tlg0656.tlg001.gunther1934:3.87	edition_of	urn:cts:greekLit:tlg0656.tlg001.wellmann1906:3.74@74[1]-θρίδακος[1]	proposed	0	299		74 λιβανωτίς δισσή
urn:cts:greekLit:tlg0656.tlg001.gunther1934:3.88	edition_of	urn:cts:greekLit:tlg0656.tlg001.wellmann1906:3.74.4@τὸ[2]-τρεῖς[1]	proposed	299	323		τὸ μέντοι κάχρυ
urn:cts:greekLit:tlg0656.tlg001.gunther1934:3.89	edition_of	urn:cts:greekLit:tlg0656.tlg001.wellmann1906:3.75	proposed				
urn:cts:greekLit:tlg0656.tlg001.gunther1934:3.90	edition_of	urn:cts:greekLit:tlg0656.tlg001.wellmann1906:3.76	proposed				
urn:cts:greekLit:tlg0656.tlg001.gunther1934:3.91	edition_of	urn:cts:greekLit:tlg0656.tlg001.wellmann1906:3.77	proposed				
urn:cts:greekLit:tlg0656.tlg001.gunther1934:3.92	edition_of	urn:cts:greekLit:tlg0656.tlg001.wellmann1906:3.78	proposed				
urn:cts:greekLit:tlg0656.tlg001.gunther1934:3.93	edition_of	urn:cts:greekLit:tlg0656.tlg001.wellmann1906:3.79	proposed				
urn:cts:greekLit:tlg0656.tlg001.gunther1934:3.94	edition_of	urn:cts:greekLit:tlg0656.tlg001.wellmann1906:3.80	proposed				
urn:cts:greekLit:tlg0656.tlg001.gunther1934:3.95	edition_of	urn:cts:greekLit:tlg0656.tlg001.wellmann1906:3.81	proposed				
urn:cts:greekLit:tlg0656.tlg001.gunther1934:3.96	edition_of	urn:cts:greekLit:tlg0656.tlg001.wellmann1906:3.82	proposed				
urn:cts:greekLit:tlg0656.tlg001.gunther1934:3.97	edition_of	urn:cts:greekLit:tlg0656.tlg001.wellmann1906:3.83	proposed				
urn:cts:greekLit:tlg0656.tlg001.gunther1934:3.98	edition_of	urn:cts:greekLit:tlg0656.tlg001.wellmann1906:3.84	proposed				
urn:cts:greekLit:tlg0656.tlg001.gunther1934:3.99	edition_of	urn:cts:greekLit:tlg0656.tlg001.wellmann1906:3.85	proposed				
urn:cts:greekLit:tlg0656.tlg001.gunther1934:3.100	edition_of	urn:cts:greekLit:tlg0656.tlg001.wellmann1906:3.86	proposed				
urn:cts:greekLit:tlg0656.tlg001.gunther1934:3.101	edition_of	urn:cts:greekLit:tlg0656.tlg001.wellmann1906:3.87	proposed				
urn:cts:greekLit:tlg0656.tlg001.gunther1934:3.102	edition_of	urn:cts:greekLit:tlg0656.tlg001.wellmann1906:3.88	proposed				
urn:cts:greekLit:tlg0656.tlg001.gunther1934:3.103	edition_of	urn:cts:greekLit:tlg0656.tlg001.wellmann1906:3.89	proposed				
urn:cts:greekLit:tlg0656.tlg001.gunther1934:3.104	edition_of	urn:cts:greekLit:tlg0656.tlg001.wellmann1906:3.90	proposed				
urn:cts:greekLit:tlg0656.tlg001.gunther1934:3.105	edition_of	urn:cts:greekLit:tlg0656.tlg001.wellmann1906:3.91	proposed				
urn:cts:greekLit:tlg0656.tlg001.gunther1934:3.106	edition_of	urn:cts:greekLit:tlg0656.tlg001.wellmann1906:3.92	proposed				
urn:cts:greekLit:tlg0656.tlg001.gunther1934:3.107	edition_of	urn:cts:greekLit:tlg0656.tlg001.wellmann1906:3.93	proposed				
urn:cts:greekLit:tlg0656.tlg001.gunther1934:3.108	edition_of	urn:cts:greekLit:tlg0656.tlg001.wellmann1906:3.94	proposed				
urn:cts:greekLit:tlg0656.tlg001.gunther1934:3.109	edition_of	urn:cts:greekLit:tlg0656.tlg001.wellmann1906:3.95	proposed				
urn:cts:greekLit:tlg0656.tlg001.gunther1934:3.110	edition_of	urn:cts:greekLit:tlg0656.tlg001.wellmann1906:3.96	proposed				
urn:cts:greekLit:tlg0656.tlg001.gunther1934:3.111	edition_of	urn:cts:greekLit:tlg0656.tlg001.wellmann1906:3.97	proposed				
urn:cts:greekLit:tlg0656.tlg001.gunther1934:3.112	edition_of	urn:cts:greekLit:tlg0656.tlg001.wellmann1906:3.98	proposed				
urn:cts:greekLit:tlg0656.tlg001.gunther1934:3.113	edition_of	urn:cts:greekLit:tlg0656.tlg001.wellmann1906:3.99	proposed				
urn:cts:greekLit:tlg0656.tlg001.gunther1934:3.114	edition_of	urn:cts:greekLit:tlg0656.tlg001.wellmann1906:3.100	proposed				
urn:cts:greekLit:tlg0656.tlg001.gunther1934:3.115	edition_of	urn:cts:greekLit:tlg0656.tlg001.wellmann1906:3.101	proposed				
urn:cts:greekLit:tlg0656.tlg001.gunther1934:3.116	edition_of	urn:cts:greekLit:tlg0656.tlg001.wellmann1906:3.102	proposed				
urn:cts:greekLit:tlg0656.tlg001.gunther1934:3.117	edition_of	urn:cts:greekLit:tlg0656.tlg001.wellmann1906:3.103	proposed				
urn:cts:greekLit:tlg0656.tlg001.gunther1934:3.118	edition_of	urn:cts:greekLit:tlg0656.tlg001.wellmann1906:3.104	proposed				
urn:cts:greekLit:tlg0656.tlg001.gunther1934:3.119	edition_of	urn:cts:greekLit:tlg0656.tlg001.wellmann1906:3.105	proposed				
urn:cts:greekLit:tlg0656.tlg001.gunther1934:3.120	edition_of	urn:cts:greekLit:tlg0656.tlg001.wellmann1906:3.106	proposed				
urn:cts:greekLit:tlg0656.tlg001.gunther1934:3.121	edition_of	urn:cts:greekLit:tlg0656.tlg001.wellmann1906:3.107	proposed				
urn:cts:greekLit:tlg0656.tlg001.gunther1934:3.122	edition_of	urn:cts:greekLit:tlg0656.tlg001.wellmann1906:3.108	proposed				
urn:cts:greekLit:tlg0656.tlg001.gunther1934:3.123	edition_of	urn:cts:greekLit:tlg0656.tlg001.wellmann1906:3.109	proposed				
urn:cts:greekLit:tlg0656.tlg001.gunther1934:3.124	edition_of	urn:cts:greekLit:tlg0656.tlg001.wellmann1906:3.110	proposed				
urn:cts:greekLit:tlg0656.tlg001.gunther1934:3.125	edition_of	urn:cts:greekLit:tlg0656.tlg001.wellmann1906:3.111	proposed				
urn:cts:greekLit:tlg0656.tlg001.gunther1934:3.126	edition_of	urn:cts:greekLit:tlg0656.tlg001.wellmann1906:3.112	proposed				
urn:cts:greekLit:tlg0656.tlg001.gunther1934:3.127	edition_of	urn:cts:greekLit:tlg0656.tlg001.wellmann1906:3.113	proposed				
urn:cts:greekLit:tlg0656.tlg001.gunther1934:3.129	edition_of	urn:cts:greekLit:tlg0656.tlg001.wellmann1906:3.114	proposed				
urn:cts:greekLit:tlg0656.tlg001.gunther1934:3.130	edition_of	urn:cts:greekLit:tlg0656.tlg001.wellmann1906:3.115	proposed				
urn:cts:greekLit:tlg0656.tlg001.gunther1934:3.131	edition_of	urn:cts:greekLit:tlg0656.tlg001.wellmann1906:3.116	proposed				
urn:cts:greekLit:tlg0656.tlg001.gunther1934:3.132	edition_of	urn:cts:greekLit:tlg0656.tlg001.wellmann1906:3.117	proposed				
urn:cts:greekLit:tlg0656.tlg001.gunther1934:3.133	edition_of	urn:cts:greekLit:tlg0656.tlg001.wellmann1906:3.118	proposed				
urn:cts:greekLit:tlg0656.tlg001.gunther1934:3.134	edition_of	urn:cts:greekLit:tlg0656.tlg001.wellmann1906:3.119	proposed				
urn:cts:greekLit:tlg0656.tlg001.gunther1934:3.135	edition_of	urn:cts:greekLit:tlg0656.tlg001.wellmann1906:3.120	proposed				
urn:cts:greekLit:tlg0656.tlg001.gunther1934:3.136	edition_of	urn:cts:greekLit:tlg0656.tlg001.wellmann1906:3.121	proposed				
urn:cts:greekLit:tlg0656.tlg001.gunther1934:3.137	edition_of	urn:cts:greekLit:tlg0656.tlg001.wellmann1906:3.122	proposed				
urn:cts:greekLit:tlg0656.tlg001.gunther1934:3.138	edition_of	urn:cts:greekLit:tlg0656.tlg001.wellmann1906:3.123	proposed				
urn:cts:greekLit:tlg0656.tlg001.gunther1934:3.139	edition_of	urn:cts:greekLit:tlg0656.tlg001.wellmann1906:3.124	proposed				
urn:cts:greekLit:tlg0656.tlg001.gunther1934:3.140	edition_of	urn:cts:greekLit:tlg0656.tlg001.wellmann1906:3.125	proposed				
urn:cts:greekLit:tlg0656.tlg001.gunther1934:3.141	edition_of	urn:cts:greekLit:tlg0656.tlg001.wellmann1906:3.126	proposed				
urn:cts:greekLit:tlg0656.tlg001.gunther1934:3.142	edition_of	urn:cts:greekLit:tlg0656.tlg001.wellmann1906:3.127	proposed				
urn:cts:greekLit:tlg0656.tlg001.gunther1934:3.143	edition_of	urn:cts:greekLit:tlg0656.tlg001.wellmann1906:3.128.1	proposed	0	64		
urn:cts:greekLit:tlg0656.tlg001.gunther1934:3.144	edition_of	urn:cts:greekLit:tlg0656.tlg001.wellmann1906:3.128.2	proposed	64	133		
urn:cts:greekLit:tlg0656.tlg001.gunther1934:3.145	edition_of	urn:cts:greekLit:tlg0656.tlg001.wellmann1906:3.129	proposed				
urn:cts:greekLit:tlg0656.tlg001.gunther1934:3.146	edition_of	urn:cts:greekLit:tlg0656.tlg001.wellmann1906:3.130	proposed				
urn:cts:greekLit:tlg0656.tlg001.gunther1934:3.147	edition_of	urn:cts:greekLit:tlg0656.tlg001.wellmann1906:3.131	proposed				
urn:cts:greekLit:tlg0656.tlg001.gunther1934:3.148	edition_of	urn:cts:greekLit:tlg0656.tlg001.wellmann1906:3.132@132[1]-καὶ[11]	proposed	0	168		132 νυμφαία φύεται
urn:cts:greekLit:tlg0656.tlg001.gunther1934:3.149	edition_of	urn:cts:greekLit:tlg0656.tlg001.wellmann1906:3.132.3@ἄλλη[1]-ποταμόν[1]	proposed	168	210		ἄλλη νυμφαία φύλλα
urn:cts:greekLit:tlg0656.tlg001.gunther1934:3.150	edition_of	urn:cts:greekLit:tlg0656.tlg001.wellmann1906:3.133	proposed				
urn:cts:greekLit:tlg0656.tlg001.gunther1934:3.151	edition_of	urn:cts:greekLit:tlg0656.tlg001.wellmann1906:3.134	proposed				
urn:cts:greekLit:tlg0656.tlg001.gunther1934:3.152	edition_of	urn:cts:greekLit:tlg0656.tlg001.wellmann1906:3.135	proposed				
urn:cts:greekLit:tlg0656.tlg001.gunther1934:3.153	edition_of	urn:cts:greekLit:tlg0656.tlg001.wellmann1906:3.136	proposed				
urn:cts:greekLit:tlg0656.tlg001.gunther1934:3.154	edition_of	urn:cts:greekLit:tlg0656.tlg001.wellmann1906:3.137	proposed				
urn:cts:greekLit:tlg0656.tlg001.gunther1934:3.155	edition_of	urn:cts:greekLit:tlg0656.tlg001.wellmann1906:3.138	proposed				
urn:cts:greekLit:tlg0656.tlg001.gunther1934:3.156	edition_of	urn:cts:greekLit:tlg0656.tlg001.wellmann1906:3.139	proposed				
urn:cts:greekLit:tlg0656.tlg001.gunther1934:3.157	edition_of	urn:cts:greekLit:tlg0656.tlg001.wellmann1906:3.140	proposed				
urn:cts:greekLit:tlg0656.tlg001.gunther1934:3.158	edition_of	urn:cts:greekLit:tlg0656.tlg001.wellmann1906:3.141	proposed				
urn:cts:greekLit:tlg0656.tlg001.gunther1934:3.159	edition_of	urn:cts:greekLit:tlg0656.tlg001.wellmann1906:3.142	proposed				
urn:cts:greekLit:tlg0656.tlg001.gunther1934:3.160	edition_of	urn:cts:greekLit:tlg0656.tlg001.wellmann1906:3.143	proposed				
urn:cts:greekLit:tlg0656.tlg001.gunther1934:3.161	edition_of	urn:cts:greekLit:tlg0656.tlg001.wellmann1906:3.144	proposed				
urn:cts:greekLit:tlg0656.tlg001.gunther1934:3.162	edition_of	urn:cts:greekLit:tlg0656.tlg001.wellmann1906:3.145	proposed				
urn:cts:greekLit:tlg0656.tlg001.gunther1934:3.163	edition_of	urn:cts:greekLit:tlg0656.tlg001.wellmann1906:3.146	proposed				
urn:cts:greekLit:tlg0656.tlg001.gunther1934:3.164	edition_of	urn:cts:greekLit:tlg0656.tlg001.wellmann1906:3.147	proposed				
urn:cts:greekLit:tlg0656.tlg001.gunther1934:3.165	edition_of	urn:cts:greekLit:tlg0656.tlg001.wellmann1906:3.148	proposed				
urn:cts:greekLit:tlg0656.tlg001.gunther1934:3.166	edition_of	urn:cts:greekLit:tlg0656.tlg001.wellmann1906:3.149	proposed				
urn:cts:greekLit:tlg0656.tlg001.gunther1934:3.167	edition_of	urn:cts:greekLit:tlg0656.tlg001.wellmann1906:3.150	proposed				
urn:cts:greekLit:tlg0656.tlg001.gunther1934:3.168	edition_of	urn:cts:greekLit:tlg0656.tlg001.wellmann1906:3.151	proposed				
urn:cts:greekLit:tlg0656.tlg001.gunther1934:3.169	edition_of	urn:cts:greekLit:tlg0656.tlg001.wellmann1906:3.152	proposed				
urn:cts:greekLit:tlg0656.tlg001.gunther1934:3.170	edition_of	urn:cts:greekLit:tlg0656.tlg001.wellmann1906:3.153	proposed				
urn:cts:greekLit:tlg0656.tlg001.gunther1934:3.171	edition_of	urn:cts:greekLit:tlg0656.tlg001.wellmann1906:3.154	proposed				
urn:cts:greekLit:tlg0656.tlg001.gunther1934:3.172	edition_of	urn:cts:greekLit:tlg0656.tlg001.wellmann1906:3.155	proposed				
urn:cts:greekLit:tlg0656.tlg001.gunther1934:3.173	edition_of	urn:cts:greekLit:tlg0656.tlg001.wellmann1906:3.156	proposed				
urn:cts:greekLit:tlg0656.tlg001.gunther1934:3.174	edition_of	urn:cts:greekLit:tlg0656.tlg001.wellmann1906:3.157	proposed				
urn:cts:greekLit:tlg0656.tlg001.gunther1934:3.175	edition_of	urn:cts:greekLit:tlg0656.tlg001.wellmann1906:3.158.1-3.158.2	proposed	0	149		
urn:cts:greekLit:tlg0656.tlg001.gunther1934:3.176	edition_of	urn:cts:greekLit:tlg0656.tlg001.wellmann1906:3.158.3	proposed	149	217		
urn:cts:greekLit:tlg0656.tlg001.gunther1934:4.1	edition_of	urn:cts:greekLit:tlg0656.tlg001.wellmann1906:4.1	proposed				
urn:cts:greekLit:tlg0656.tlg001.gunther1934:4.2	edition_of	urn:cts:greekLit:tlg0656.tlg001.wellmann1906:4.2	proposed				
urn:cts:greekLit:tlg0656.tlg001.gunther1934:4.3	edition_of	urn:cts:greekLit:tlg0656.tlg001.wellmann1906:4.3	proposed				
urn:cts:greekLit:tlg0656.tlg001.gunther1934:4.4	edition_of	urn:cts:greekLit:tlg0656.tlg001.wellmann1906:4.4	proposed				
urn:cts:greekLit:tlg0656.tlg001.gunther1934:4.5	edition_of	urn:cts:greekLit:tlg0656.tlg001.wellmann1906:4.5	proposed				
urn:cts:greekLit:tlg0656.tlg001.gunther1934:4.6	edition_of	urn:cts:greekLit:tlg0656.tlg001.wellmann1906:4.6	proposed				
urn:cts:greekLit:tlg0656.tlg001.gunther1934:4.7@PeriwinkleClematis[1]-ETERA[1]	edition_of	urn:cts:greekLit:tlg0656.tlg001.wellmann1906:4.7	proposed			PeriwinkleClematis but some	
urn:cts:greekLit:tlg0656.tlg001.gunther1934:4.8	edition_of	urn:cts:greekLit:tlg0656.tlg001.wellmann1906:4.8	proposed				
urn:cts:greekLit:tlg0656.tlg001.gunther1934:4.9	edition_of	urn:cts:greekLit:tlg0656.tlg001.wellmann1906:4.9	proposed				
urn:cts:greekLit:tlg0656.tlg001.gunther1934:4.10	edition_of	urn:cts:greekLit:tlg0656.tlg001.wellmann1906:4.10	proposed				
urn:cts:greekLit:tlg0656.tlg001.gunther1934:4.11	edition_of	urn:cts:greekLit:tlg0656.tlg001.wellmann1906:4.11	proposed				
urn:cts:greekLit:tlg0656.tlg001.gunther1934:4.12	edition_of	urn:cts:greekLit:tlg0656.tlg001.wellmann1906:4.12	proposed				
urn:cts:greekLit:tlg0656.tlg001.gunther1934:4.13	edition_of	urn:cts:greekLit:tlg0656.tlg001.wellmann1906:4.13	proposed				
urn:cts:greekLit:tlg0656.tlg001.gunther1934:4.14	edition_of	urn:cts:greekLit:tlg0656.tlg001.wellmann1906:4.14	proposed				
urn:cts:greekLit:tlg0656.tlg001.gunther1934:4.15	edition_of	urn:cts:greekLit:tlg0656.tlg001.wellmann1906:4.15	proposed				
urn:cts:greekLit:tlg0656.tlg001.gunther1934:4.18	edition_of	urn:cts:greekLit:tlg0656.tlg001.wellmann1906:4.16@λειμώνιον[1]-λειμῶσι[1]	proposed	0	52		λειμώνιον οἱ δὲ
urn:cts:greekLit:tlg0656.tlg001.gunther1934:4.19	edition_of	urn:cts:greekLit:tlg0656.tlg001.wellmann1906:4.17	proposed				
urn:cts:greekLit:tlg0656.tlg001.gunther1934:4.20	edition_of	urn:cts:greekLit:tlg0656.tlg001.wellmann1906:4.18	proposed				
urn:cts:greekLit:tlg0656.tlg001.gunther1934:4.21	edition_of	urn:cts:greekLit:tlg0656.tlg001.wellmann1906:4.19	proposed				
urn:cts:greekLit:tlg0656.tlg001.gunther1934:4.22	edition_of	urn:cts:greekLit:tlg0656.tlg001.wellmann1906:4.20	proposed				
urn:cts:greekLit:tlg0656.tlg001.gunther1934:4.23	edition_of	urn:cts:greekLit:tlg0656.tlg001.wellmann1906:4.21	proposed				
urn:cts:greekLit:tlg0656.tlg001.gunther1934:4.24	edition_of	urn:cts:greekLit:tlg0656.tlg001.wellmann1906:4.22	proposed				
urn:cts:greekLit:tlg0656.tlg001.gunther1934:4.25	edition_of	urn:cts:greekLit:tlg0656.tlg001.wellmann1906:4.23	proposed				
urn:cts:greekLit:tlg0656.tlg001.gunther1934:4.26	edition_of	urn:cts:greekLit:tlg0656.tlg001.wellmann1906:4.24	proposed				
urn:cts:greekLit:tlg0656.tlg001.gunther1934:4.27	edition_of	urn:cts:greekLit:tlg0656.tlg001.wellmann1906:4.25	proposed				
urn:cts:greekLit:tlg0656.tlg001.gunther1934:4.28	edition_of	urn:cts:greekLit:tlg0656.tlg001.wellmann1906:4.26	proposed				
urn:cts:greekLit:tlg0656.tlg001.gunther1934:4.29	edition_of	urn:cts:greekLit:tlg0656.tlg001.wellmann1906:4.27	proposed				
urn:cts:greekLit:tlg0656.tlg001.gunther1934:4.30	edition_of	urn:cts:greekLit:tlg0656.tlg001.wellmann1906:4.28	proposed				
urn:cts:greekLit:tlg0656.tlg001.gunther1934:4.31	edition_of	urn:cts:greekLit:tlg0656.tlg001.wellmann1906:4.141	proposed				
urn:cts:greekLit:tlg0656.tlg001.gunther1934:4.32	edition_of	urn:cts:greekLit:tlg0656.tlg001.wellmann1906:4.29	proposed				
urn:cts:greekLit:tlg0656.tlg001.gunther1934:4.33	edition_of	urn:cts:greekLit:tlg0656.tlg001.wellmann1906:4.30	proposed				
urn:cts:greekLit:tlg0656.tlg001.gunther1934:4.34@Grass[1]-belly[1]	edition_of	urn:cts:greekLit:tlg0656.tlg001.wellmann1906:4.31	proposed			Grass of ParnassusBut	
urn:cts:greekLit:tlg0656.tlg001.gunther1934:4.34@But[2]-beasts[1]	edition_of	urn:cts:greekLit:tlg0656.tlg001.wellmann1906:4.32	proposed			But that which	
urn:cts:greekLit:tlg0656.tlg001.gunther1934:4.35	edition_of	urn:cts:greekLit:tlg0656.tlg001.wellmann1906:4.33	proposed				
urn:cts:greekLit:tlg0656.tlg001.gunther1934:4.36	edition_of	urn:cts:greekLit:tlg0656.tlg001.wellmann1906:4.34	proposed				
urn:cts:greekLit:tlg0656.tlg001.gunther1934:4.37	edition_of	urn:cts:greekLit:tlg0656.tlg001.wellmann1906:4.35	proposed				
urn:cts:greekLit:tlg0656.tlg001.gunther1934:4.38	edition_of	urn:cts:greekLit:tlg0656.tlg001.wellmann1906:4.36	proposed				
urn:cts:greekLit:tlg0656.tlg001.gunther1934:4.39	edition_of	urn:cts:greekLit:tlg0656.tlg001.wellmann1906:4.37	proposed				
urn:cts:greekLit:tlg0656.tlg001.gunther1934:4.40	edition_of	urn:cts:greekLit:tlg0656.tlg001.wellmann1906:4.38	proposed				
urn:cts:greekLit:tlg0656.tlg001.gunther1934:4.41	edition_of	urn:cts:greekLit:tlg0656.tlg001.wellmann1906:4.39	proposed				
urn:cts:greekLit:tlg0656.tlg001.gunther1934:4.42	edition_of	urn:cts:greekLit:tlg0656.tlg001.wellmann1906:4.40	proposed				
urn:cts:greekLit:tlg0656.tlg001.gunther1934:4.43	edition_of	urn:cts:greekLit:tlg0656.tlg001.wellmann1906:4.41	proposed				
urn:cts:greekLit:tlg0656.tlg001.gunther1934:4.44	edition_of	urn:cts:greekLit:tlg0656.tlg001.wellmann1906:4.42	proposed				
urn:cts:greekLit:tlg0656.tlg001.gunther1934:4.45	edition_of	urn:cts:greekLit:tlg0656.tlg001.wellmann1906:4.43	proposed				
urn:cts:greekLit:tlg0656.tlg001.gunther1934:4.46	edition_of	urn:cts:greekLit:tlg0656.tlg001.wellmann1906:4.44	proposed				
urn:cts:greekLit:tlg0656.tlg001.gunther1934:4.47	edition_of	urn:cts:greekLit:tlg0656.tlg001.wellmann1906:4.45	proposed				
urn:cts:greekLit:tlg0656.tlg001.gunther1934:4.48	edition_of	urn:cts:greekLit:tlg0656.tlg001.wellmann1906:4.46	proposed				
urn:cts:greekLit:tlg0656.tlg001.gunther1934:4.49	edition_of	urn:cts:greekLit:tlg0656.tlg001.wellmann1906:4.47	proposed				
urn:cts:greekLit:tlg0656.tlg001.gunther1934:4.50	edition_of	urn:cts:greekLit:tlg0656.tlg001.wellmann1906:4.48	proposed				
urn:cts:greekLit:tlg0656.tlg001.gunther1934:4.51	edition_of	urn:cts:greekLit:tlg0656.tlg001.wellmann1906:4.49	proposed				
urn:cts:greekLit:tlg0656.tlg001.gunther1934:4.52	edition_of	urn:cts:greekLit:tlg0656.tlg001.wellmann1906:4.50	proposed				
urn:cts:greekLit:tlg0656.tlg001.gunther1934:4.53	edition_of	urn:cts:greekLit:tlg0656.tlg001.wellmann1906:4.51	proposed				
urn:cts:greekLit:tlg0656.tlg001.gunther1934:4.54	edition_of	urn:cts:greekLit:tlg0656.tlg001.wellmann1906:4.52	proposed				
urn:cts:greekLit:tlg0656.tlg001.gunther1934:4.55	edition_of	urn:cts:greekLit:tlg0656.tlg001.wellmann1906:4.53	proposed				
urn:cts:greekLit:tlg0656.tlg001.gunther1934:4.56	edition_of	urn:cts:greekLit:tlg0656.tlg001.wellmann1906:4.54	proposed				
urn:cts:greekLit:tlg0656.tlg001.gunther1934:4.57	edition_of	urn:cts:greekLit:tlg0656.tlg001.wellmann1906:4.55	proposed				
urn:cts:greekLit:tlg0656.tlg001.gunther1934:4.58	edition_of	urn:cts:greekLit:tlg0656.tlg001.wellmann1906:4.56	proposed				
urn:cts:greekLit:tlg0656.tlg001.gunther1934:4.59	edition_of	urn:cts:greekLit:tlg0656.tlg001.wellmann1906:4.57	proposed				
urn:cts:greekLit:tlg0656.tlg001.gunther1934:4.60	edition_of	urn:cts:greekLit:tlg0656.tlg001.wellmann1906:4.58RVRV	proposed				
urn:cts:greekLit:tlg0656.tlg001.gunther1934:4.61	edition_of	urn:cts:greekLit:tlg0656.tlg001.wellmann1906:4.58	proposed				
urn:cts:greekLit:tlg0656.tlg001.gunther1934:4.62	edition_of	urn:cts:greekLit:tlg0656.tlg001.wellmann1906:4.59	proposed				
urn:cts:greekLit:tlg0656.tlg001.gunther1934:4.63	edition_of	urn:cts:greekLit:tlg0656.tlg001.wellmann1906:4.60	proposed				
urn:cts:greekLit:tlg0656.tlg001.gunther1934:4.64	edition_of	urn:cts:greekLit:tlg0656.tlg001.wellmann1906:4.61	proposed				
urn:cts:greekLit:tlg0656.tlg001.gunther1934:4.65	edition_of	urn:cts:greekLit:tlg0656.tlg001.wellmann1906:4.62	proposed				
urn:cts:greekLit:tlg0656.tlg001.gunther1934:4.66	edition_of	urn:cts:greekLit:tlg0656.tlg001.wellmann1906:4.63	proposed				
urn:cts:greekLit:tlg0656.tlg001.gunther1934:4.67	edition_of	urn:cts:greekLit:tlg0656.tlg001.wellmann1906:4.64	proposed				
urn:cts:greekLit:tlg0656.tlg001.gunther1934:4.68	edition_of	urn:cts:greekLit:tlg0656.tlg001.wellmann1906:4.65	proposed				
urn:cts:greekLit:tlg0656.tlg001.gunther1934:4.69	edition_of	urn:cts:greekLit:tlg0656.tlg001.wellmann1906:4.66	proposed				
urn:cts:greekLit:tlg0656.tlg001.gunther1934:4.70	edition_of	urn:cts:greekLit:tlg0656.tlg001.wellmann1906:4.67	proposed				
urn:cts:greekLit:tlg0656.tlg001.gunther1934:4.71	edition_of	urn:cts:greekLit:tlg0656.tlg001.wellmann1906:4.68	proposed				
urn:cts:greekLit:tlg0656.tlg001.gunther1934:4.72	edition_of	urn:cts:greekLit:tlg0656.tlg001.wellmann1906:4.69	proposed				
urn:cts:greekLit:tlg0656.tlg001.gunther1934:4.73	edition_of	urn:cts:greekLit:tlg0656.tlg001.wellmann1906:4.70	proposed				
urn:cts:greekLit:tlg0656.tlg001.gunther1934:4.74	edition_of	urn:cts:greekLit:tlg0656.tlg001.wellmann1906:4.71	proposed				
urn:cts:greekLit:tlg0656.tlg001.gunther1934:4.75	edition_of	urn:cts:greekLit:tlg0656.tlg001.wellmann1906:4.72	proposed				
urn:cts:greekLit:tlg0656.tlg001.gunther1934:4.76	edition_of	urn:cts:greekLit:tlg0656.tlg001.wellmann1906:4.73	proposed				
urn:cts:greekLit:tlg0656.tlg001.gunther1934:4.77	edition_of	urn:cts:greekLit:tlg0656.tlg001.wellmann1906:4.74	proposed				
urn:cts:greekLit:tlg0656.tlg001.gunther1934:4.78	edition_of	urn:cts:greekLit:tlg0656.tlg001.wellmann1906:4.75	proposed				
urn:cts:greekLit:tlg0656.tlg001.gunther1934:4.79	edition_of	urn:cts:greekLit:tlg0656.tlg001.wellmann1906:4.76	proposed				
urn:cts:greekLit:tlg0656.tlg001.gunther1934:4.80	edition_of	urn:cts:greekLit:tlg0656.tlg001.wellmann1906:4.77	proposed				
urn:cts:greekLit:tlg0656.tlg001.gunther1934:4.81	edition_of	urn:cts:greekLit:tlg0656.tlg001.wellmann1906:4.78	proposed				
urn:cts:greekLit:tlg0656.tlg001.gunther1934:4.82	edition_of	urn:cts:greekLit:tlg0656.tlg001.wellmann1906:4.79	proposed				
urn:cts:greekLit:tlg0656.tlg001.gunther1934:4.83	edition_of	urn:cts:greekLit:tlg0656.tlg001.wellmann1906:4.80	proposed				
urn:cts:greekLit:tlg0656.tlg001.gunther1934:4.84	edition_of	urn:cts:greekLit:tlg0656.tlg001.wellmann1906:4.81	proposed				
urn:cts:greekLit:tlg0656.tlg001.gunther1934:4.85	edition_of	urn:cts:greekLit:tlg0656.tlg001.wellmann1906:4.82	proposed				
urn:cts:greekLit:tlg0656.tlg001.gunther1934:4.86	edition_of	urn:cts:greekLit:tlg0656.tlg001.wellmann1906:4.83	proposed				
urn:cts:greekLit:tlg0656.tlg001.gunther1934:4.87	edition_of	urn:cts:greekLit:tlg0656.tlg001.wellmann1906:4.84	proposed				
urn:cts:greekLit:tlg0656.tlg001.gunther1934:4.88	edition_of	urn:cts:greekLit:tlg0656.tlg001.wellmann1906:4.85	proposed				
urn:cts:greekLit:tlg0656.tlg001.gunther1934:4.89	edition_of	urn:cts:greekLit:tlg0656.tlg001.wellmann1906:4.86	proposed				
urn:cts:greekLit:tlg0656.tlg001.gunther1934:4.90	edition_of	urn:cts:greekLit:tlg0656.tlg001.wellmann1906:4.87	proposed				
urn:cts:greekLit:tlg0656.tlg001.gunther1934:4.91	edition_of	urn:cts:greekLit:tlg0656.tlg001.wellmann1906:4.88	proposed				
urn:cts:greekLit:tlg0656.tlg001.gunther1934:4.92	edition_of	urn:cts:greekLit:tlg0656.tlg001.wellmann1906:4.89	proposed				
urn:cts:greekLit:tlg0656.tlg001.gunther1934:4.93	edition_of	urn:cts:greekLit:tlg0656.tlg001.wellmann1906:4.90	proposed				
urn:cts:greekLit:tlg0656.tlg001.gunther1934:4.94	edition_of	urn:cts:greekLit:tlg0656.tlg001.wellmann1906:4.91	proposed				
urn:cts:greekLit:tlg0656.tlg001.gunther1934:4.95	edition_of	urn:cts:greekLit:tlg0656.tlg001.wellmann1906:4.92	proposed				
urn:cts:greekLit:tlg0656.tlg001.gunther1934:4.96	edition_of	urn:cts:greekLit:tlg0656.tlg001.wellmann1906:4.93	proposed				
urn:cts:greekLit:tlg0656.tlg001.gunther1934:4.97	edition_of	urn:cts:greekLit:tlg0656.tlg001.wellmann1906:4.94	proposed				
urn:cts:greekLit:tlg0656.tlg001.gunther1934:4.98	edition_of	urn:cts:greekLit:tlg0656.tlg001.wellmann1906:4.95	proposed				
urn:cts:greekLit:tlg0656.tlg001.gunther1934:4.99	edition_of	urn:cts:greekLit:tlg0656.tlg001.wellmann1906:4.96	proposed				
urn:cts:greekLit:tlg0656.tlg001.gunther1934:4.100	edition_of	urn:cts:greekLit:tlg0656.tlg001.wellmann1906:4.97	proposed				
urn:cts:greekLit:tlg0656.tlg001.gunther1934:4.101	edition_of	urn:cts:greekLit:tlg0656.tlg001.wellmann1906:4.98	proposed				
urn:cts:greekLit:tlg0656.tlg001.gunther1934:4.102	edition_of	urn:cts:greekLit:tlg0656.tlg001.wellmann1906:4.99	proposed				
urn:cts:greekLit:tlg0656.tlg001.gunther1934:4.103@POTAMOGEITON[1]-places[1]	edition_of	urn:cts:greekLit:tlg0656.tlg001.wellmann1906:4.100	proposed			POTAMOGEITON ETEROS Potamogeton	
urn:cts:greekLit:tlg0656.tlg001.gunther1934:4.104	edition_of	urn:cts:greekLit:tlg0656.tlg001.wellmann1906:4.101	proposed				
urn:cts:greekLit:tlg0656.tlg001.gunther1934:4.105	edition_of	urn:cts:greekLit:tlg0656.tlg001.wellmann1906:4.102	proposed				
urn:cts:greekLit:tlg0656.tlg001.gunther1934:4.106	edition_of	urn:cts:greekLit:tlg0656.tlg001.wellmann1906:4.103	proposed				
urn:cts:greekLit:tlg0656.tlg001.gunther1934:4.107	edition_of	urn:cts:greekLit:tlg0656.tlg001.wellmann1906:4.104	proposed				
urn:cts:greekLit:tlg0656.tlg001.gunther1934:4.108	edition_of	urn:cts:greekLit:tlg0656.tlg001.wellmann1906:4.105	proposed				
urn:cts:greekLit:tlg0656.tlg001.gunther1934:4.109	edition_of	urn:cts:greekLit:tlg0656.tlg001.wellmann1906:4.106	proposed				
urn:cts:greekLit:tlg0656.tlg001.gunther1934:4.110	edition_of	urn:cts:greekLit:tlg0656.tlg001.wellmann1906:4.107	proposed				
urn:cts:greekLit:tlg0656.tlg001.gunther1934:4.111	edition_of	urn:cts:greekLit:tlg0656.tlg001.wellmann1906:4.108	proposed				
urn:cts:greekLit:tlg0656.tlg001.gunther1934:4.112	edition_of	urn:cts:greekLit:tlg0656.tlg001.wellmann1906:4.109	proposed				
urn:cts:greekLit:tlg0656.tlg001.gunther1934:4.113	edition_of	urn:cts:greekLit:tlg0656.tlg001.wellmann1906:4.110	proposed				
urn:cts:greekLit:tlg0656.tlg001.gunther1934:4.114	edition_of	urn:cts:greekLit:tlg0656.tlg001.wellmann1906:4.111	proposed				
urn:cts:greekLit:tlg0656.tlg001.gunther1934:4.115	edition_of	urn:cts:greekLit:tlg0656.tlg001.wellmann1906:4.112	proposed				
urn:cts:greekLit:tlg0656.tlg001.gunther1934:4.116	edition_of	urn:cts:greekLit:tlg0656.tlg001.wellmann1906:4.113	proposed				
urn:cts:greekLit:tlg0656.tlg001.gunther1934:4.117	edition_of	urn:cts:greekLit:tlg0656.tlg001.wellmann1906:4.114	proposed				
urn:cts:greekLit:tlg0656.tlg001.gunther1934:4.118	edition_of	urn:cts:greekLit:tlg0656.tlg001.wellmann1906:4.115	proposed				
urn:cts:greekLit:tlg0656.tlg001.gunther1934:4.119	edition_of	urn:cts:greekLit:tlg0656.tlg001.wellmann1906:4.116	proposed				
urn:cts:greekLit:tlg0656.tlg001.gunther1934:4.120	edition_of	urn:cts:greekLit:tlg0656.tlg001.wellmann1906:4.117	proposed				
urn:cts:greekLit:tlg0656.tlg001.gunther1934:4.121	edition_of	urn:cts:greekLit:tlg0656.tlg001.wellmann1906:4.118	proposed				
urn:cts:greekLit:tlg0656.tlg001.gunther1934:4.122	edition_of	urn:cts:greekLit:tlg0656.tlg001.wellmann1906:4.119	proposed				
urn:cts:greekLit:tlg0656.tlg001.gunther1934:4.123	edition_of	urn:cts:greekLit:tlg0656.tlg001.wellmann1906:4.120	proposed				
urn:cts:greekLit:tlg0656.tlg001.gunther1934:4.124	edition_of	urn:cts:greekLit:tlg0656.tlg001.wellmann1906:4.121	proposed				
urn:cts:greekLit:tlg0656.tlg001.gunther1934:4.125	edition_of	urn:cts:greekLit:tlg0656.tlg001.wellmann1906:4.122	proposed				
urn:cts:greekLit:tlg0656.tlg001.gunther1934:4.126	edition_of	urn:cts:greekLit:tlg0656.tlg001.wellmann1906:4.123	proposed				
urn:cts:greekLit:tlg0656.tlg001.gunther1934:4.127	edition_of	urn:cts:greekLit:tlg0656.tlg001.wellmann1906:4.124	proposed				
urn:cts:greekLit:tlg0656.tlg001.gunther1934:4.128	edition_of	urn:cts:greekLit:tlg0656.tlg001.wellmann1906:4.125	proposed				
urn:cts:greekLit:tlg0656.tlg001.gunther1934:4.129	edition_of	urn:cts:greekLit:tlg0656.tlg001.wellmann1906:4.126	proposed				
urn:cts:greekLit:tlg0656.tlg001.gunther1934:4.130	edition_of	urn:cts:greekLit:tlg0656.tlg001.wellmann1906:4.127@βούγλωσσον[1]-εἶναι[1]	proposed	0	22		βούγλωσσον ἔοικε φλόμῳ
urn:cts:greekLit:tlg0656.tlg001.gunther1934:4.131	edition_of	urn:cts:greekLit:tlg0656.tlg001.wellmann1906:4.127@κυνόγλωσσον[1]-μαλακτική[1]	proposed	23	89		κυνόγλωσσον οἱ δὲ
urn:cts:greekLit:tlg0656.tlg001.gunther1934:4.132	edition_of	urn:cts:greekLit:tlg0656.tlg001.wellmann1906:4.128	proposed				
urn:cts:greekLit:tlg0656.tlg001.gunther1934:4.133	edition_of	urn:cts:greekLit:tlg0656.tlg001.wellmann1906:4.133	proposed				
urn:cts:greekLit:tlg0656.tlg001.gunther1934:4.134	edition_of	urn:cts:greekLit:tlg0656.tlg001.wellmann1906:4.129	proposed				
urn:cts:greekLit:tlg0656.tlg001.gunther1934:4.135	edition_of	urn:cts:greekLit:tlg0656.tlg001.wellmann1906:4.130@ἀντίρρινον[1]-κρινίνῳ[1]	proposed	0	51		ἀντίρρινον οἱ δὲ
urn:cts:greekLit:tlg0656.tlg001.gunther1934:4.136	edition_of	urn:cts:greekLit:tlg0656.tlg001.wellmann1906:4.131	proposed				
urn:cts:greekLit:tlg0656.tlg001.gunther1934:4.137	edition_of	urn:cts:greekLit:tlg0656.tlg001.wellmann1906:4.132	proposed				
urn:cts:greekLit:tlg0656.tlg001.gunther1934:4.138	edition_of	urn:cts:greekLit:tlg0656.tlg001.wellmann1906:4.134	proposed				
urn:cts:greekLit:tlg0656.tlg001.gunther1934:4.139	edition_of	urn:cts:greekLit:tlg0656.tlg001.wellmann1906:4.135	proposed				
urn:cts:greekLit:tlg0656.tlg001.gunther1934:4.140	edition_of	urn:cts:greekLit:tlg0656.tlg001.wellmann1906:4.136	proposed				
urn:cts:greekLit:tlg0656.tlg001.gunther1934:4.141	edition_of	urn:cts:greekLit:tlg0656.tlg001.wellmann1906:4.137	proposed				
urn:cts:greekLit:tlg0656.tlg001.gunther1934:4.143	edition_of	urn:cts:greekLit:tlg0656.tlg001.wellmann1906:4.138	proposed				
urn:cts:greekLit:tlg0656.tlg001.gunther1934:4.144	edition_of	urn:cts:greekLit:tlg0656.tlg001.wellmann1906:4.139	proposed				
urn:cts:greekLit:tlg0656.tlg001.gunther1934:4.145	edition_of	urn:cts:greekLit:tlg0656.tlg001.wellmann1906:4.140	proposed				
urn:cts:greekLit:tlg0656.tlg001.gunther1934:4.146	edition_of	urn:cts:greekLit:tlg0656.tlg001.wellmann1906:4.142	proposed				
urn:cts:greekLit:tlg0656.tlg001.gunther1934:4.147	edition_of	urn:cts:greekLit:tlg0656.tlg001.wellmann1906:4.143	proposed				
urn:cts:greekLit:tlg0656.tlg001.gunther1934:4.148	edition_of	urn:cts:greekLit:tlg0656.tlg001.wellmann1906:4.144	proposed				
urn:cts:greekLit:tlg0656.tlg001.gunther1934:4.149	edition_of	urn:cts:greekLit:tlg0656.tlg001.wellmann1906:4.145	proposed				
urn:cts:greekLit:tlg0656.tlg001.gunther1934:4.150	edition_of	urn:cts:greekLit:tlg0656.tlg001.wellmann1906:4.146	proposed				
urn:cts:greekLit:tlg0656.tlg001.gunther1934:4.151@Chamaedaphne[1]-tormina[1]	edition_of	urn:cts:greekLit:tlg0656.tlg001.wellmann1906:4.147	proposed			Chamaedaphne some also	
urn:cts:greekLit:tlg0656.tlg001.gunther1934:4.151@Butye[1]-same[1]	edition_of	urn:cts:greekLit:tlg0656.tlg001.wellmann1906:4.147a	proposed			Butye juice being	
urn:cts:greekLit:tlg0656.tlg001.gunther1934:4.152	edition_of	urn:cts:greekLit:tlg0656.tlg001.wellmann1906:4.148	proposed				
urn:cts:greekLit:tlg0656.tlg001.gunther1934:4.153	edition_of	urn:cts:greekLit:tlg0656.tlg001.wellmann1906:4.162	proposed				
urn:cts:greekLit:tlg0656.tlg001.gunther1934:4.154	edition_of	urn:cts:greekLit:tlg0656.tlg001.wellmann1906:4.149	proposed				
urn:cts:greekLit:tlg0656.tlg001.gunther1934:4.155	edition_of	urn:cts:greekLit:tlg0656.tlg001.wellmann1906:4.163	proposed				
urn:cts:greekLit:tlg0656.tlg001.gunther1934:4.156	edition_of	urn:cts:greekLit:tlg0656.tlg001.wellmann1906:4.150.1-4.150.2	proposed	0	163		
urn:cts:greekLit:tlg0656.tlg001.gunther1934:4.157	edition_of	urn:cts:greekLit:tlg0656.tlg001.wellmann1906:4.150.3-4.150.7	proposed	163	582		
urn:cts:greekLit:tlg0656.tlg001.gunther1934:4.158	edition_of	urn:cts:greekLit:tlg0656.tlg001.wellmann1906:4.152	proposed				
urn:cts:greekLit:tlg0656.tlg001.gunther1934:4.159	edition_of	urn:cts:greekLit:tlg0656.tlg001.wellmann1906:4.153	proposed				
urn:cts:greekLit:tlg0656.tlg001.gunther1934:4.160	edition_of	urn:cts:greekLit:tlg0656.tlg001.wellmann1906:4.154	proposed				
urn:cts:greekLit:tlg0656.tlg001.gunther1934:4.161	edition_of	urn:cts:greekLit:tlg0656.tlg001.wellmann1906:4.155	proposed				
urn:cts:greekLit:tlg0656.tlg001.gunther1934:4.162	edition_of	urn:cts:greekLit:tlg0656.tlg001.wellmann1906:4.157	proposed				
urn:cts:greekLit:tlg0656.tlg001.gunther1934:4.163	edition_of	urn:cts:greekLit:tlg0656.tlg001.wellmann1906:4.158	proposed				
urn:cts:greekLit:tlg0656.tlg001.gunther1934:4.164	edition_of	urn:cts:greekLit:tlg0656.tlg001.wellmann1906:4.159	proposed				
urn:cts:greekLit:tlg0656.tlg001.gunther1934:4.165	edition_of	urn:cts:greekLit:tlg0656.tlg001.wellmann1906:4.160	proposed				
urn:cts:greekLit:tlg0656.tlg001.gunther1934:4.166	edition_of	urn:cts:greekLit:tlg0656.tlg001.wellmann1906:4.161	proposed				
urn:cts:greekLit:tlg0656.tlg001.gunther1934:4.167	edition_of	urn:cts:greekLit:tlg0656.tlg001.wellmann1906:4.164@164[1]-βοηθεῖ[1]	proposed	0	380		164 τιθυμάλλου εἴδη
urn:cts:greekLit:tlg0656.tlg001.gunther1934:4.168	edition_of	urn:cts:greekLit:tlg0656.tlg001.wellmann1906:4.164@ὁ[13]-ἐστίν[1]	proposed	380	459		ὁ δὲ θῆ
urn:cts:greekLit:tlg0656.tlg001.gunther1934:4.169	edition_of	urn:cts:greekLit:tlg0656.tlg001.wellmann1906:4.164.8@ὁ[3]-αὐτοῦ[1]	proposed	611	656		ὁ δὲ κυπαρισσίας
urn:cts:greekLit:tlg0656.tlg001.gunther1934:4.170	edition_of	urn:cts:greekLit:tlg0656.tlg001.wellmann1906:4.164@ὁ[19]-ἐπιτεταμένην[1]	proposed	533	611		ὁ δὲ ἡλιοσκόπιος
urn:cts:greekLit:tlg0656.tlg001.gunther1934:4.171	edition_of	urn:cts:greekLit:tlg0656.tlg001.wellmann1906:4.164@ὁ[16]-προειρημένοις[1]	proposed	459	533		ὁ δὲ παράλιος
urn:cts:greekLit:tlg0656.tlg001.gunther1934:4.172	edition_of	urn:cts:greekLit:tlg0656.tlg001.wellmann1906:4.164.9@ὁ[1]-προειρημένοις[1]	proposed	656	697		ὁ δὲ ἐν
urn:cts:greekLit:tlg0656.tlg001.gunther1934:4.173	edition_of	urn:cts:greekLit:tlg0656.tlg001.wellmann1906:4.164.9@ὁ[2]-δρῶσιν[1]	proposed	697	734		ὁ δὲ πλατύφυλλος
urn:cts:greekLit:tlg0656.tlg001.gunther1934:4.174	edition_of	urn:cts:greekLit:tlg0656.tlg001.wellmann1906:4.165	proposed				
urn:cts:greekLit:tlg0656.tlg001.gunther1934:4.175	edition_of	urn:cts:greekLit:tlg0656.tlg001.wellmann1906:4.166	proposed				
urn:cts:greekLit:tlg0656.tlg001.gunther1934:4.176	edition_of	urn:cts:greekLit:tlg0656.tlg001.wellmann1906:4.167	proposed				
urn:cts:greekLit:tlg0656.tlg001.gunther1934:4.177	edition_of	urn:cts:greekLit:tlg0656.tlg001.wellmann1906:4.168	proposed				
urn:cts:greekLit:tlg0656.tlg001.gunther1934:4.178	edition_of	urn:cts:greekLit:tlg0656.tlg001.wellmann1906:4.169	proposed				
urn:cts:greekLit:tlg0656.tlg001.gunther1934:4.179	edition_of	urn:cts:greekLit:tlg0656.tlg001.wellmann1906:4.170	proposed				
urn:cts:greekLit:tlg0656.tlg001.gunther1934:4.180	edition_of	urn:cts:greekLit:tlg0656.tlg001.wellmann1906:4.171	proposed				
urn:cts:greekLit:tlg0656.tlg001.gunther1934:4.181	edition_of	urn:cts:greekLit:tlg0656.tlg001.wellmann1906:4.172	proposed				
urn:cts:greekLit:tlg0656.tlg001.gunther1934:4.182	edition_of	urn:cts:greekLit:tlg0656.tlg001.wellmann1906:4.173.1	proposed	0	54		
urn:cts:greekLit:tlg0656.tlg001.gunther1934:4.183	edition_of	urn:cts:greekLit:tlg0656.tlg001.wellmann1906:4.173.2-4.173.3	proposed	54	222		
urn:cts:greekLit:tlg0656.tlg001.gunther1934:4.184	edition_of	urn:cts:greekLit:tlg0656.tlg001.wellmann1906:4.174	proposed				
urn:cts:greekLit:tlg0656.tlg001.gunther1934:4.185	edition_of	urn:cts:greekLit:tlg0656.tlg001.wellmann1906:4.175	proposed				
urn:cts:greekLit:tlg0656.tlg001.gunther1934:4.186	edition_of	urn:cts:greekLit:tlg0656.tlg001.wellmann1906:4.176	proposed				
urn:cts:greekLit:tlg0656.tlg001.gunther1934:4.187	edition_of	urn:cts:greekLit:tlg0656.tlg001.wellmann1906:4.177	proposed				
urn:cts:greekLit:tlg0656.tlg001.gunther1934:4.188	edition_of	urn:cts:greekLit:tlg0656.tlg001.wellmann1906:4.178	proposed				
urn:cts:greekLit:tlg0656.tlg001.gunther1934:4.189	edition_of	urn:cts:greekLit:tlg0656.tlg001.wellmann1906:4.179	proposed				
urn:cts:greekLit:tlg0656.tlg001.gunther1934:4.190	edition_of	urn:cts:greekLit:tlg0656.tlg001.wellmann1906:4.180	proposed				
urn:cts:greekLit:tlg0656.tlg001.gunther1934:4.191	edition_of	urn:cts:greekLit:tlg0656.tlg001.wellmann1906:4.181	proposed				
urn:cts:greekLit:tlg0656.tlg001.gunther1934:4.192	edition_of	urn:cts:greekLit:tlg0656.tlg001.wellmann1906:4.182	proposed				
urn:cts:greekLit:tlg0656.tlg001.gunther1934:4.193	edition_of	urn:cts:greekLit:tlg0656.tlg001.wellmann1906:4.183	proposed				
urn:cts:greekLit:tlg0656.tlg001.gunther1934:4.194	edition_of	urn:cts:greekLit:tlg0656.tlg001.wellmann1906:4.184	proposed				
urn:cts:greekLit:tlg0656.tlg001.gunther1934:4.195	edition_of	urn:cts:greekLit:tlg0656.tlg001.wellmann1906:4.185	proposed				
urn:cts:greekLit:tlg0656.tlg001.gunther1934:4.196	edition_of	urn:cts:greekLit:tlg0656.tlg001.wellmann1906:4.186	proposed				
urn:cts:greekLit:tlg0656.tlg001.gunther1934:4.197	edition_of	urn:cts:greekLit:tlg0656.tlg001.wellmann1906:4.187	proposed				
urn:cts:greekLit:tlg0656.tlg001.gunther1934:4.198	edition_of	urn:cts:greekLit:tlg0656.tlg001.wellmann1906:4.188	proposed				
urn:cts:greekLit:tlg0656.tlg001.gunther1934:4.199	edition_of	urn:cts:greekLit:tlg0656.tlg001.wellmann1906:4.189	proposed				
urn:cts:greekLit:tlg0656.tlg001.gunther1934:4.200	edition_of	urn:cts:greekLit:tlg0656.tlg001.wellmann1906:4.190RVRV	proposed				
urn:cts:greekLit:tlg0656.tlg001.gunther1934:4.201	edition_of	urn:cts:greekLit:tlg0656.tlg001.wellmann1906:4.190	proposed				
urn:cts:greekLit:tlg0656.tlg001.gunther1934:4.202	edition_of	urn:cts:greekLit:tlg0656.tlg001.wellmann1906:4.191	proposed				
urn:cts:greekLit:tlg0656.tlg001.gunther1934:4.203	edition_of	urn:cts:greekLit:tlg0656.tlg001.wellmann1906:4.192	proposed				
urn:cts:greekLit:tlg0656.tlg001.gunther1934:5.1	edition_of	urn:cts:greekLit:tlg0656.tlg001.wellmann1906:5.1	proposed				
urn:cts:greekLit:tlg0656.tlg001.gunther1934:5.2	edition_of	urn:cts:greekLit:tlg0656.tlg001.wellmann1906:5.2	proposed				
urn:cts:greekLit:tlg0656.tlg001.gunther1934:5.3	edition_of	urn:cts:greekLit:tlg0656.tlg001.wellmann1906:5.3.1-5.3.2	proposed	0	157		
urn:cts:greekLit:tlg0656.tlg001.gunther1934:5.4	edition_of	urn:cts:greekLit:tlg0656.tlg001.wellmann1906:5.3.3	proposed	157	252		
urn:cts:greekLit:tlg0656.tlg001.gunther1934:5.5	edition_of	urn:cts:greekLit:tlg0656.tlg001.wellmann1906:5.4	proposed				
urn:cts:greekLit:tlg0656.tlg001.gunther1934:5.6	edition_of	urn:cts:greekLit:tlg0656.tlg001.wellmann1906:5.5	proposed				
urn:cts:greekLit:tlg0656.tlg001.gunther1934:5.7	edition_of	urn:cts:greekLit:tlg0656.tlg001.wellmann1906:5.6.1	proposed	0	61		
urn:cts:greekLit:tlg0656.tlg001.gunther1934:5.8	edition_of	urn:cts:greekLit:tlg0656.tlg001.wellmann1906:5.6.2@ἔτι[1]-μὲν[2]	proposed	61	112		ἔτι ὁ μὲν
urn:cts:greekLit:tlg0656.tlg001.gunther1934:5.9	edition_of	urn:cts:greekLit:tlg0656.tlg001.wellmann1906:5.6@γὰρ[1]-κακοστόμαχοι[2]	proposed	112	354		γὰρ γλυκὺς οἶνος
urn:cts:greekLit:tlg0656.tlg001.gunther1934:5.10	edition_of	urn:cts:greekLit:tlg0656.tlg001.wellmann1906:5.6.6-5.6.9	proposed	354	593		
urn:cts:greekLit:tlg0656.tlg001.gunther1934:5.11	edition_of	urn:cts:greekLit:tlg0656.tlg001.wellmann1906:5.6.10-5.6.13	proposed	593	915		
urn:cts:greekLit:tlg0656.tlg001.gunther1934:5.12	edition_of	urn:cts:greekLit:tlg0656.tlg001.wellmann1906:5.6@ὀμφακίτης[1]-δευτερίας[1]	proposed	915	992		ὀμφακίτης ὁ δὲ
urn:cts:greekLit:tlg0656.tlg001.gunther1934:5.13	edition_of	urn:cts:greekLit:tlg0656.tlg001.wellmann1906:5.6@ὁ[40]-δὲ[76]	proposed	992	1140		ὁ δὲ καλούμενος
urn:cts:greekLit:tlg0656.tlg001.gunther1934:5.14	edition_of	urn:cts:greekLit:tlg0656.tlg001.wellmann1906:5.6.17@ἐκ[1]-χρῄζει[1]	proposed	1140	1161		ἐκ τῆς ἀγρίας
urn:cts:greekLit:tlg0656.tlg001.gunther1934:5.15	edition_of	urn:cts:greekLit:tlg0656.tlg001.wellmann1906:5.7	proposed				
urn:cts:greekLit:tlg0656.tlg001.gunther1934:5.16	edition_of	urn:cts:greekLit:tlg0656.tlg001.wellmann1906:5.8	proposed				
urn:cts:greekLit:tlg0656.tlg001.gunther1934:5.17	edition_of	urn:cts:greekLit:tlg0656.tlg001.wellmann1906:5.9	proposed				
urn:cts:greekLit:tlg0656.tlg001.gunther1934:5.18	edition_of	urn:cts:greekLit:tlg0656.tlg001.wellmann1906:5.10	proposed				
urn:cts:greekLit:tlg0656.tlg001.gunther1934:5.19	edition_of	urn:cts:greekLit:tlg0656.tlg001.wellmann1906:5.11	proposed				
urn:cts:greekLit:tlg0656.tlg001.gunther1934:5.20	edition_of	urn:cts:greekLit:tlg0656.tlg001.wellmann1906:5.12	proposed				
urn:cts:greekLit:tlg0656.tlg001.gunther1934:5.21	edition_of	urn:cts:greekLit:tlg0656.tlg001.wellmann1906:5.13	proposed				
urn:cts:greekLit:tlg0656.tlg001.gunther1934:5.22	edition_of	urn:cts:greekLit:tlg0656.tlg001.wellmann1906:5.14	proposed				
urn:cts:greekLit:tlg0656.tlg001.gunther1934:5.23	edition_of	urn:cts:greekLit:tlg0656.tlg001.wellmann1906:5.15	proposed				
urn:cts:greekLit:tlg0656.tlg001.gunther1934:5.24	edition_of	urn:cts:greekLit:tlg0656.tlg001.wellmann1906:5.16	proposed				
urn:cts:greekLit:tlg0656.tlg001.gunther1934:5.25	edition_of	urn:cts:greekLit:tlg0656.tlg001.wellmann1906:5.17	proposed				
urn:cts:greekLit:tlg0656.tlg001.gunther1934:5.26	edition_of	urn:cts:greekLit:tlg0656.tlg001.wellmann1906:5.18	proposed				
urn:cts:greekLit:tlg0656.tlg001.gunther1934:5.27	edition_of	urn:cts:greekLit:tlg0656.tlg001.wellmann1906:5.19	proposed				
urn:cts:greekLit:tlg0656.tlg001.gunther1934:5.28	edition_of	urn:cts:greekLit:tlg0656.tlg001.wellmann1906:5.20	proposed				
urn:cts:greekLit:tlg0656.tlg001.gunther1934:5.29	edition_of	urn:cts:greekLit:tlg0656.tlg001.wellmann1906:5.21	proposed				
urn:cts:greekLit:tlg0656.tlg001.gunther1934:5.30	edition_of	urn:cts:greekLit:tlg0656.tlg001.wellmann1906:5.22	proposed				
urn:cts:greekLit:tlg0656.tlg001.gunther1934:5.31	edition_of	urn:cts:greekLit:tlg0656.tlg001.wellmann1906:5.23	proposed				
urn:cts:greekLit:tlg0656.tlg001.gunther1934:5.32	edition_of	urn:cts:greekLit:tlg0656.tlg001.wellmann1906:5.24	proposed				
urn:cts:greekLit:tlg0656.tlg001.gunther1934:5.33	edition_of	urn:cts:greekLit:tlg0656.tlg001.wellmann1906:5.25	proposed				
urn:cts:greekLit:tlg0656.tlg001.gunther1934:5.34	edition_of	urn:cts:greekLit:tlg0656.tlg001.wellmann1906:5.26	proposed				
urn:cts:greekLit:tlg0656.tlg001.gunther1934:5.35	edition_of	urn:cts:greekLit:tlg0656.tlg001.wellmann1906:5.27	proposed				
urn:cts:greekLit:tlg0656.tlg001.gunther1934:5.36	edition_of	urn:cts:greekLit:tlg0656.tlg001.wellmann1906:5.28	proposed				
urn:cts:greekLit:tlg0656.tlg001.gunther1934:5.37	edition_of	urn:cts:greekLit:tlg0656.tlg001.wellmann1906:5.29	proposed				
urn:cts:greekLit:tlg0656.tlg001.gunther1934:5.38	edition_of	urn:cts:greekLit:tlg0656.tlg001.wellmann1906:5.30@καὶ[1]-σκευάζεται[1]	proposed	0	8		καὶ ὁ σχίνινος
urn:cts:greekLit:tlg0656.tlg001.gunther1934:5.39	edition_of	urn:cts:greekLit:tlg0656.tlg001.wellmann1906:5.30@καὶ[2]-ἐγκαθιζόμενοι[1]	proposed	8	51		καὶ ὁ τερμίνθινος
urn:cts:greekLit:tlg0656.tlg001.gunther1934:5.40	edition_of	urn:cts:greekLit:tlg0656.tlg001.wellmann1906:5.31	proposed				
urn:cts:greekLit:tlg0656.tlg001.gunther1934:5.41	edition_of	urn:cts:greekLit:tlg0656.tlg001.wellmann1906:5.32	proposed				
urn:cts:greekLit:tlg0656.tlg001.gunther1934:5.42	edition_of	urn:cts:greekLit:tlg0656.tlg001.wellmann1906:5.33	proposed				
urn:cts:greekLit:tlg0656.tlg001.gunther1934:5.43	edition_of	urn:cts:greekLit:tlg0656.tlg001.wellmann1906:5.34	proposed				
urn:cts:greekLit:tlg0656.tlg001.gunther1934:5.44	edition_of	urn:cts:greekLit:tlg0656.tlg001.wellmann1906:5.35	proposed				
urn:cts:greekLit:tlg0656.tlg001.gunther1934:5.45	edition_of	urn:cts:greekLit:tlg0656.tlg001.wellmann1906:5.36@36[1]-μεταγγίζειν[2]	proposed	0	117		36 ὁ δὲ
urn:cts:greekLit:tlg0656.tlg001.gunther1934:5.46	edition_of	urn:cts:greekLit:tlg0656.tlg001.wellmann1906:5.36.2@γίνεται[2]-ποιῶν[1]	proposed	117	131		γίνεται καὶ ὁ
urn:cts:greekLit:tlg0656.tlg001.gunther1934:5.47	edition_of	urn:cts:greekLit:tlg0656.tlg001.wellmann1906:5.37	proposed				
urn:cts:greekLit:tlg0656.tlg001.gunther1934:5.48	edition_of	urn:cts:greekLit:tlg0656.tlg001.wellmann1906:5.38	proposed				
urn:cts:greekLit:tlg0656.tlg001.gunther1934:5.49	edition_of	urn:cts:greekLit:tlg0656.tlg001.wellmann1906:5.39	proposed				
urn:cts:greekLit:tlg0656.tlg001.gunther1934:5.50	edition_of	urn:cts:greekLit:tlg0656.tlg001.wellmann1906:5.40	proposed				
urn:cts:greekLit:tlg0656.tlg001.gunther1934:5.51	edition_of	urn:cts:greekLit:tlg0656.tlg001.wellmann1906:5.41	proposed				
urn:cts:greekLit:tlg0656.tlg001.gunther1934:5.52	edition_of	urn:cts:greekLit:tlg0656.tlg001.wellmann1906:5.42	proposed				
urn:cts:greekLit:tlg0656.tlg001.gunther1934:5.53	edition_of	urn:cts:greekLit:tlg0656.tlg001.wellmann1906:5.43	proposed				
urn:cts:greekLit:tlg0656.tlg001.gunther1934:5.54	edition_of	urn:cts:greekLit:tlg0656.tlg001.wellmann1906:5.44	proposed				
urn:cts:greekLit:tlg0656.tlg001.gunther1934:5.55	edition_of	urn:cts:greekLit:tlg0656.tlg001.wellmann1906:5.45	proposed				
urn:cts:greekLit:tlg0656.tlg001.gunther1934:5.56	edition_of	urn:cts:greekLit:tlg0656.tlg001.wellmann1906:5.46	proposed				
urn:cts:greekLit:tlg0656.tlg001.gunther1934:5.57	edition_of	urn:cts:greekLit:tlg0656.tlg001.wellmann1906:5.47	proposed				
urn:cts:greekLit:tlg0656.tlg001.gunther1934:5.58	edition_of	urn:cts:greekLit:tlg0656.tlg001.wellmann1906:5.48	proposed				
urn:cts:greekLit:tlg0656.tlg001.gunther1934:5.59	edition_of	urn:cts:greekLit:tlg0656.tlg001.wellmann1906:5.49	proposed				
urn:cts:greekLit:tlg0656.tlg001.gunther1934:5.60	edition_of	urn:cts:greekLit:tlg0656.tlg001.wellmann1906:5.50	proposed				
urn:cts:greekLit:tlg0656.tlg001.gunther1934:5.61	edition_of	urn:cts:greekLit:tlg0656.tlg001.wellmann1906:5.51	proposed				
urn:cts:greekLit:tlg0656.tlg001.gunther1934:5.62	edition_of	urn:cts:greekLit:tlg0656.tlg001.wellmann1906:5.52	proposed				
urn:cts:greekLit:tlg0656.tlg001.gunther1934:5.63	edition_of	urn:cts:greekLit:tlg0656.tlg001.wellmann1906:5.53	proposed				
urn:cts:greekLit:tlg0656.tlg001.gunther1934:5.64	edition_of	urn:cts:greekLit:tlg0656.tlg001.wellmann1906:5.54	proposed				
urn:cts:greekLit:tlg0656.tlg001.gunther1934:5.65	edition_of	urn:cts:greekLit:tlg0656.tlg001.wellmann1906:5.55	proposed				
urn:cts:greekLit:tlg0656.tlg001.gunther1934:5.66	edition_of	urn:cts:greekLit:tlg0656.tlg001.wellmann1906:5.56	proposed				
urn:cts:greekLit:tlg0656.tlg001.gunther1934:5.67	edition_of	urn:cts:greekLit:tlg0656.tlg001.wellmann1906:5.57	proposed				
urn:cts:greekLit:tlg0656.tlg001.gunther1934:5.68	edition_of	urn:cts:greekLit:tlg0656.tlg001.wellmann1906:5.58	proposed				
urn:cts:greekLit:tlg0656.tlg001.gunther1934:5.69	edition_of	urn:cts:greekLit:tlg0656.tlg001.wellmann1906:5.59	proposed				
urn:cts:greekLit:tlg0656.tlg001.gunther1934:5.70	edition_of	urn:cts:greekLit:tlg0656.tlg001.wellmann1906:5.60	proposed				
urn:cts:greekLit:tlg0656.tlg001.gunther1934:5.71	edition_of	urn:cts:greekLit:tlg0656.tlg001.wellmann1906:5.61	proposed				
urn:cts:greekLit:tlg0656.tlg001.gunther1934:5.72	edition_of	urn:cts:greekLit:tlg0656.tlg001.wellmann1906:5.62	proposed				
urn:cts:greekLit:tlg0656.tlg001.gunther1934:5.73	edition_of	urn:cts:greekLit:tlg0656.tlg001.wellmann1906:5.63	proposed				
urn:cts:greekLit:tlg0656.tlg001.gunther1934:5.74	edition_of	urn:cts:greekLit:tlg0656.tlg001.wellmann1906:5.64	proposed				
urn:cts:greekLit:tlg0656.tlg001.gunther1934:5.75	edition_of	urn:cts:greekLit:tlg0656.tlg001.wellmann1906:5.65	proposed				
urn:cts:greekLit:tlg0656.tlg001.gunther1934:5.76	edition_of	urn:cts:greekLit:tlg0656.tlg001.wellmann1906:5.66	proposed				
urn:cts:greekLit:tlg0656.tlg001.gunther1934:5.77	edition_of	urn:cts:greekLit:tlg0656.tlg001.wellmann1906:5.67	proposed				
urn:cts:greekLit:tlg0656.tlg001.gunther1934:5.78	edition_of	urn:cts:greekLit:tlg0656.tlg001.wellmann1906:5.68	proposed				
urn:cts:greekLit:tlg0656.tlg001.gunther1934:5.79	edition_of	urn:cts:greekLit:tlg0656.tlg001.wellmann1906:5.69	proposed				
urn:cts:greekLit:tlg0656.tlg001.gunther1934:5.80	edition_of	urn:cts:greekLit:tlg0656.tlg001.wellmann1906:5.70	proposed				
urn:cts:greekLit:tlg0656.tlg001.gunther1934:5.81	edition_of	urn:cts:greekLit:tlg0656.tlg001.wellmann1906:5.71	proposed				
urn:cts:greekLit:tlg0656.tlg001.gunther1934:5.82	edition_of	urn:cts:greekLit:tlg0656.tlg001.wellmann1906:5.72	proposed				
urn:cts:greekLit:tlg0656.tlg001.gunther1934:5.83	edition_of	urn:cts:greekLit:tlg0656.tlg001.wellmann1906:5.73	proposed				
urn:cts:greekLit:tlg0656.tlg001.gunther1934:5.84	edition_of	urn:cts:greekLit:tlg0656.tlg001.wellmann1906:5.74	proposed				
urn:cts:greekLit:tlg0656.tlg001.gunther1934:5.85	edition_of	urn:cts:greekLit:tlg0656.tlg001.wellmann1906:5.75@75[1]-ἀρίστη[1]	proposed	0	748		75 πομφόλυξ σποδίου
urn:cts:greekLit:tlg0656.tlg001.gunther1934:5.86	edition_of	urn:cts:greekLit:tlg0656.tlg001.wellmann1906:5.75@ἐπειδὴ[1]-καίουσιν[1]	proposed	748	903		ἐπειδὴ δὲ καὶ
urn:cts:greekLit:tlg0656.tlg001.gunther1934:5.87	edition_of	urn:cts:greekLit:tlg0656.tlg001.wellmann1906:5.76	proposed				
urn:cts:greekLit:tlg0656.tlg001.gunther1934:5.88	edition_of	urn:cts:greekLit:tlg0656.tlg001.wellmann1906:5.77	proposed				
urn:cts:greekLit:tlg0656.tlg001.gunther1934:5.89	edition_of	urn:cts:greekLit:tlg0656.tlg001.wellmann1906:5.78@78[1]-ἀποτίθενται[1]	proposed	0	223		78 λεπὶς δὲ
urn:cts:greekLit:tlg0656.tlg001.gunther1934:5.90	edition_of	urn:cts:greekLit:tlg0656.tlg001.wellmann1906:5.78.5@λεπίδος[1]-χαλκοῦ[2]	proposed	223	249		λεπίδος δὲ στομώματος
urn:cts:greekLit:tlg0656.tlg001.gunther1934:5.91	edition_of	urn:cts:greekLit:tlg0656.tlg001.wellmann1906:5.79.1-5.79.5	proposed	0	299		
urn:cts:greekLit:tlg0656.tlg001.gunther1934:5.92	edition_of	urn:cts:greekLit:tlg0656.tlg001.wellmann1906:5.79.6-5.79.11	proposed	299	633		
urn:cts:greekLit:tlg0656.tlg001.gunther1934:5.93	edition_of	urn:cts:greekLit:tlg0656.tlg001.wellmann1906:5.80@80[1]-ἀναλελυμένῳ[1]	proposed	0	60		80 ἰὸς δὲ
urn:cts:greekLit:tlg0656.tlg001.gunther1934:5.94	edition_of	urn:cts:greekLit:tlg0656.tlg001.wellmann1906:5.80.2@ἡ[1]-ὀξυμέλιτος[1]	proposed	60	81		ἡ δὲ σκωρία
urn:cts:greekLit:tlg0656.tlg001.gunther1934:5.95	edition_of	urn:cts:greekLit:tlg0656.tlg001.wellmann1906:5.81.1-5.81.3	proposed	0	185		
urn:cts:greekLit:tlg0656.tlg001.gunther1934:5.96	edition_of	urn:cts:greekLit:tlg0656.tlg001.wellmann1906:5.81.4-5.81.6	proposed	185	346		
urn:cts:greekLit:tlg0656.tlg001.gunther1934:5.97	edition_of	urn:cts:greekLit:tlg0656.tlg001.wellmann1906:5.82	proposed				
urn:cts:greekLit:tlg0656.tlg001.gunther1934:5.98	edition_of	urn:cts:greekLit:tlg0656.tlg001.wellmann1906:5.83	proposed				
urn:cts:greekLit:tlg0656.tlg001.gunther1934:5.99	edition_of	urn:cts:greekLit:tlg0656.tlg001.wellmann1906:5.84	proposed				
urn:cts:greekLit:tlg0656.tlg001.gunther1934:5.100	edition_of	urn:cts:greekLit:tlg0656.tlg001.wellmann1906:5.85	proposed				
urn:cts:greekLit:tlg0656.tlg001.gunther1934:5.101	edition_of	urn:cts:greekLit:tlg0656.tlg001.wellmann1906:5.86	proposed				
urn:cts:greekLit:tlg0656.tlg001.gunther1934:5.102	edition_of	urn:cts:greekLit:tlg0656.tlg001.wellmann1906:5.87	proposed				
urn:cts:greekLit:tlg0656.tlg001.gunther1934:5.103	edition_of	urn:cts:greekLit:tlg0656.tlg001.wellmann1906:5.88	proposed				
urn:cts:greekLit:tlg0656.tlg001.gunther1934:5.104	edition_of	urn:cts:greekLit:tlg0656.tlg001.wellmann1906:5.89	proposed				
urn:cts:greekLit:tlg0656.tlg001.gunther1934:5.105	edition_of	urn:cts:greekLit:tlg0656.tlg001.wellmann1906:5.90	proposed				
urn:cts:greekLit:tlg0656.tlg001.gunther1934:5.106	edition_of	urn:cts:greekLit:tlg0656.tlg001.wellmann1906:5.91	proposed				
urn:cts:greekLit:tlg0656.tlg001.gunther1934:5.107	edition_of	urn:cts:greekLit:tlg0656.tlg001.wellmann1906:5.92	proposed				
urn:cts:greekLit:tlg0656.tlg001.gunther1934:5.108	edition_of	urn:cts:greekLit:tlg0656.tlg001.wellmann1906:5.93	proposed				
urn:cts:greekLit:tlg0656.tlg001.gunther1934:5.109	edition_of	urn:cts:greekLit:tlg0656.tlg001.wellmann1906:5.94	proposed				
urn:cts:greekLit:tlg0656.tlg001.gunther1934:5.110	edition_of	urn:cts:greekLit:tlg0656.tlg001.wellmann1906:5.95	proposed				
urn:cts:greekLit:tlg0656.tlg001.gunther1934:5.111	edition_of	urn:cts:greekLit:tlg0656.tlg001.wellmann1906:5.96.1-5.96.2	proposed	0	63		
urn:cts:greekLit:tlg0656.tlg001.gunther1934:5.112	edition_of	urn:cts:greekLit:tlg0656.tlg001.wellmann1906:5.96.3	proposed	63	95		
urn:cts:greekLit:tlg0656.tlg001.gunther1934:5.113	edition_of	urn:cts:greekLit:tlg0656.tlg001.wellmann1906:5.97	proposed				
urn:cts:greekLit:tlg0656.tlg001.gunther1934:5.114	edition_of	urn:cts:greekLit:tlg0656.tlg001.wellmann1906:5.98	proposed				
urn:cts:greekLit:tlg0656.tlg001.gunther1934:5.115	edition_of	urn:cts:greekLit:tlg0656.tlg001.wellmann1906:5.99.1-5.99.2	proposed	0	85		
urn:cts:greekLit:tlg0656.tlg001.gunther1934:5.116	edition_of	urn:cts:greekLit:tlg0656.tlg001.wellmann1906:5.99.3-5.99.4	proposed	85	212		
urn:cts:greekLit:tlg0656.tlg001.gunther1934:5.117	edition_of	urn:cts:greekLit:tlg0656.tlg001.wellmann1906:5.100	proposed				
urn:cts:greekLit:tlg0656.tlg001.gunther1934:5.118	edition_of	urn:cts:greekLit:tlg0656.tlg001.wellmann1906:5.101	proposed				
urn:cts:greekLit:tlg0656.tlg001.gunther1934:5.119	edition_of	urn:cts:greekLit:tlg0656.tlg001.wellmann1906:5.102	proposed				
urn:cts:greekLit:tlg0656.tlg001.gunther1934:5.120	edition_of	urn:cts:greekLit:tlg0656.tlg001.wellmann1906:5.103	proposed				
urn:cts:greekLit:tlg0656.tlg001.gunther1934:5.121	edition_of	urn:cts:greekLit:tlg0656.tlg001.wellmann1906:5.104	proposed				
urn:cts:greekLit:tlg0656.tlg001.gunther1934:5.122	edition_of	urn:cts:greekLit:tlg0656.tlg001.wellmann1906:5.105	proposed				
urn:cts:greekLit:tlg0656.tlg001.gunther1934:5.123	edition_of	urn:cts:greekLit:tlg0656.tlg001.wellmann1906:5.106	proposed				
urn:cts:greekLit:tlg0656.tlg001.gunther1934:5.124	edition_of	urn:cts:greekLit:tlg0656.tlg001.wellmann1906:5.107	proposed				
urn:cts:greekLit:tlg0656.tlg001.gunther1934:5.125	edition_of	urn:cts:greekLit:tlg0656.tlg001.wellmann1906:5.108	proposed				
urn:cts:greekLit:tlg0656.tlg001.gunther1934:5.126	edition_of	urn:cts:greekLit:tlg0656.tlg001.wellmann1906:5.109	proposed				
urn:cts:greekLit:tlg0656.tlg001.gunther1934:5.127	edition_of	urn:cts:greekLit:tlg0656.tlg001.wellmann1906:5.110@ἁλὸς[1]-ἁλσίν[1]	proposed	0	16		ἁλὸς ἄχνη ἐπίψημά
urn:cts:greekLit:tlg0656.tlg001.gunther1934:5.128	edition_of	urn:cts:greekLit:tlg0656.tlg001.wellmann1906:5.111	proposed				
urn:cts:greekLit:tlg0656.tlg001.gunther1934:5.129	edition_of	urn:cts:greekLit:tlg0656.tlg001.wellmann1906:5.112	proposed				
urn:cts:greekLit:tlg0656.tlg001.gunther1934:5.130	edition_of	urn:cts:greekLit:tlg0656.tlg001.wellmann1906:5.113.1@113[1]-Βρυγῶν[1]	proposed	0	22		113 νίτρον δὲ
urn:cts:greekLit:tlg0656.tlg001.gunther1934:5.131	edition_of	urn:cts:greekLit:tlg0656.tlg001.wellmann1906:5.113@ἀφρὸς[1]-ἐκπυρωθῇ[1]	proposed	22	221		ἀφρὸς δὲ νίτρου
urn:cts:greekLit:tlg0656.tlg001.gunther1934:5.132	edition_of	urn:cts:greekLit:tlg0656.tlg001.wellmann1906:5.114	proposed				
urn:cts:greekLit:tlg0656.tlg001.gunther1934:5.133	edition_of	urn:cts:greekLit:tlg0656.tlg001.wellmann1906:5.115	proposed				
urn:cts:greekLit:tlg0656.tlg001.gunther1934:5.134	edition_of	urn:cts:greekLit:tlg0656.tlg001.wellmann1906:5.116	proposed				
urn:cts:greekLit:tlg0656.tlg001.gunther1934:5.135	edition_of	urn:cts:greekLit:tlg0656.tlg001.wellmann1906:5.117	proposed				
urn:cts:greekLit:tlg0656.tlg001.gunther1934:5.136	edition_of	urn:cts:greekLit:tlg0656.tlg001.wellmann1906:5.118	proposed				
urn:cts:greekLit:tlg0656.tlg001.gunther1934:5.137	edition_of	urn:cts:greekLit:tlg0656.tlg001.wellmann1906:5.119	proposed				
urn:cts:greekLit:tlg0656.tlg001.gunther1934:5.138	edition_of	urn:cts:greekLit:tlg0656.tlg001.wellmann1906:5.120	proposed				
urn:cts:greekLit:tlg0656.tlg001.gunther1934:5.139	edition_of	urn:cts:greekLit:tlg0656.tlg001.wellmann1906:5.121	proposed				
urn:cts:greekLit:tlg0656.tlg001.gunther1934:5.140	edition_of	urn:cts:greekLit:tlg0656.tlg001.wellmann1906:5.122	proposed				
urn:cts:greekLit:tlg0656.tlg001.gunther1934:5.141	edition_of	urn:cts:greekLit:tlg0656.tlg001.wellmann1906:5.123	proposed				
urn:cts:greekLit:tlg0656.tlg001.gunther1934:5.142	edition_of	urn:cts:greekLit:tlg0656.tlg001.wellmann1906:5.124	proposed				
urn:cts:greekLit:tlg0656.tlg001.gunther1934:5.143	edition_of	urn:cts:greekLit:tlg0656.tlg001.wellmann1906:5.125	proposed				
urn:cts:greekLit:tlg0656.tlg001.gunther1934:5.144	edition_of	urn:cts:greekLit:tlg0656.tlg001.wellmann1906:5.126	proposed				
urn:cts:greekLit:tlg0656.tlg001.gunther1934:5.145	edition_of	urn:cts:greekLit:tlg0656.tlg001.wellmann1906:5.127	proposed				
urn:cts:greekLit:tlg0656.tlg001.gunther1934:5.146	edition_of	urn:cts:greekLit:tlg0656.tlg001.wellmann1906:5.128	proposed				
urn:cts:greekLit:tlg0656.tlg001.gunther1934:5.147	edition_of	urn:cts:greekLit:tlg0656.tlg001.wellmann1906:5.129	proposed				
urn:cts:greekLit:tlg0656.tlg001.gunther1934:5.148	edition_of	urn:cts:greekLit:tlg0656.tlg001.wellmann1906:5.130	proposed				
urn:cts:greekLit:tlg0656.tlg001.gunther1934:5.149	edition_of	urn:cts:greekLit:tlg0656.tlg001.wellmann1906:5.131	proposed				
urn:cts:greekLit:tlg0656.tlg001.gunther1934:5.150	edition_of	urn:cts:greekLit:tlg0656.tlg001.wellmann1906:5.132	proposed				
urn:cts:greekLit:tlg0656.tlg001.gunther1934:5.151	edition_of	urn:cts:greekLit:tlg0656.tlg001.wellmann1906:5.133	proposed				
urn:cts:greekLit:tlg0656.tlg001.gunther1934:5.152	edition_of	urn:cts:greekLit:tlg0656.tlg001.wellmann1906:5.134	proposed				
urn:cts:greekLit:tlg0656.tlg001.gunther1934:5.153	edition_of	urn:cts:greekLit:tlg0656.tlg001.wellmann1906:5.135	proposed				
urn:cts:greekLit:tlg0656.tlg001.gunther1934:5.154	edition_of	urn:cts:greekLit:tlg0656.tlg001.wellmann1906:5.136	proposed				
urn:cts:greekLit:tlg0656.tlg001.gunther1934:5.155	edition_of	urn:cts:greekLit:tlg0656.tlg001.wellmann1906:5.137	proposed				
urn:cts:greekLit:tlg0656.tlg001.gunther1934:5.156	edition_of	urn:cts:greekLit:tlg0656.tlg001.wellmann1906:5.138	proposed				
urn:cts:greekLit:tlg0656.tlg001.gunther1934:5.157	edition_of	urn:cts:greekLit:tlg0656.tlg001.wellmann1906:5.139	proposed				
urn:cts:greekLit:tlg0656.tlg001.gunther1934:5.158	edition_of	urn:cts:greekLit:tlg0656.tlg001.wellmann1906:5.140	proposed				
urn:cts:greekLit:tlg0656.tlg001.gunther1934:5.159	edition_of	urn:cts:greekLit:tlg0656.tlg001.wellmann1906:5.141	proposed				
urn:cts:greekLit:tlg0656.tlg001.gunther1934:5.160	edition_of	urn:cts:greekLit:tlg0656.tlg001.wellmann1906:5.142	proposed				
urn:cts:greekLit:tlg0656.tlg001.gunther1934:5.162	edition_of	urn:cts:greekLit:tlg0656.tlg001.wellmann1906:5.143	proposed				
urn:cts:greekLit:tlg0656.tlg001.gunther1934:5.163	edition_of	urn:cts:greekLit:tlg0656.tlg001.wellmann1906:5.144	proposed				
urn:cts:greekLit:tlg0656.tlg001.gunther1934:5.164	edition_of	urn:cts:greekLit:tlg0656.tlg001.wellmann1906:5.145	proposed				
urn:cts:greekLit:tlg0656.tlg001.gunther1934:5.165	edition_of	urn:cts:greekLit:tlg0656.tlg001.wellmann1906:5.146	proposed				
urn:cts:greekLit:tlg0656.tlg001.gunther1934:5.166	edition_of	urn:cts:greekLit:tlg0656.tlg001.wellmann1906:5.147	proposed				
urn:cts:greekLit:tlg0656.tlg001.gunther1934:5.167	edition_of	urn:cts:greekLit:tlg0656.tlg001.wellmann1906:5.148	proposed				
urn:cts:greekLit:tlg0656.tlg001.gunther1934:5.168	edition_of	urn:cts:greekLit:tlg0656.tlg001.wellmann1906:5.149	proposed				
urn:cts:greekLit:tlg0656.tlg001.gunther1934:5.169	edition_of	urn:cts:greekLit:tlg0656.tlg001.wellmann1906:5.150	proposed				
urn:cts:greekLit:tlg0656.tlg001.gunther1934:5.170	edition_of	urn:cts:greekLit:tlg0656.tlg001.wellmann1906:5.151	proposed				
urn:cts:greekLit:tlg0656.tlg001.gunther1934:5.171	edition_of	urn:cts:greekLit:tlg0656.tlg001.wellmann1906:5.152	proposed				
urn:cts:greekLit:tlg0656.tlg001.gunther1934:5.172	edition_of	urn:cts:greekLit:tlg0656.tlg001.wellmann1906:5.153	proposed				
urn:cts:greekLit:tlg0656.tlg001.gunther1934:5.173	edition_of	urn:cts:greekLit:tlg0656.tlg001.wellmann1906:5.154	proposed				
urn:cts:greekLit:tlg0656.tlg001.gunther1934:5.174	edition_of	urn:cts:greekLit:tlg0656.tlg001.wellmann1906:5.155.1	proposed	0	52		
urn:cts:greekLit:tlg0656.tlg001.gunther1934:5.175	edition_of	urn:cts:greekLit:tlg0656.tlg001.wellmann1906:5.155.2	proposed	52	76		
urn:cts:greekLit:tlg0656.tlg001.gunther1934:5.176	edition_of	urn:cts:greekLit:tlg0656.tlg001.wellmann1906:5.156	proposed				
urn:cts:greekLit:tlg0656.tlg001.gunther1934:5.177	edition_of	urn:cts:greekLit:tlg0656.tlg001.wellmann1906:5.157	proposed				
urn:cts:greekLit:tlg0656.tlg001.gunther1934:5.178	edition_of	urn:cts:greekLit:tlg0656.tlg001.wellmann1906:5.158@ὄστρακα[1]-διαφορεῖ[1]	proposed	0	25		ὄστρακα δὲ τὰ
urn:cts:greekLit:tlg0656.tlg001.gunther1934:5.179	edition_of	urn:cts:greekLit:tlg0656.tlg001.wellmann1906:5.158@καὶ[3]-ὀστράκοις[1]	proposed	25	40		καὶ ἡ ἐκ
urn:cts:greekLit:tlg0656.tlg001.gunther1934:5.180	edition_of	urn:cts:greekLit:tlg0656.tlg001.wellmann1906:5.159	proposed				
urn:cts:greekLit:tlg0656.tlg001.gunther1934:5.181	edition_of	urn:cts:greekLit:tlg0656.tlg001.wellmann1906:5.160	proposed				
urn:cts:greekLit:tlg0656.tlg001.gunther1934:5.182	edition_of	urn:cts:greekLit:tlg0656.tlg001.wellmann1906:5.161	proposed				
urn:cts:greekLit:tlg0656.tlg001.gunther1934:5.183	edition_of	urn:cts:greekLit:tlg0656.tlg001.wellmann1906:5.162	proposed				
urn:cts:greekLit:tlg0656.tlg001.gunther1934:1.praef	edition_of	urn:cts:greekLit:tlg0656.tlg001.wellmann1906:1.praef	proposed				
urn:cts:greekLit:tlg0656.tlg001.gunther1934:2.praef	edition_of	urn:cts:greekLit:tlg0656.tlg001.wellmann1906:2.arg	proposed				
urn:cts:greekLit:tlg0656.tlg001.gunther1934:3.praef	edition_of	urn:cts:greekLit:tlg0656.tlg001.wellmann1906:3.arg	proposed				
urn:cts:greekLit:tlg0656.tlg001.gunther1934:4.praef	edition_of	urn:cts:greekLit:tlg0656.tlg001.wellmann1906:4.arg	proposed				
urn:cts:greekLit:tlg0656.tlg001.gunther1934:5.praef	edition_of	urn:cts:greekLit:tlg0656.tlg001.wellmann1906:5.arg	proposed				
urn:cts:greekLit:tlg0656.tlg001.sprengel1829:2.4@Πορφύρας[1]-⁸⁶[1]	edition_of	urn:cts:greekLit:tlg0656.tlg001.wellmann1906:2.7	proposed			Πορφύρας πώματα σὺν	
urn:cts:greekLit:tlg0656.tlg001.sprengel1829:4.7@Περὶ[1]-βρῶσιν[1]	edition_of	urn:cts:greekLit:tlg0656.tlg001.wellmann1906:4.180	proposed			Περὶ Κληματίδος ἑτέρας	
urn:cts:greekLit:tlg0656.tlg001.sprengel1829:4.99@²⁰[1]-τόποις²⁵[1]	edition_of	urn:cts:greekLit:tlg0656.tlg001.wellmann1906:4.16	proposed			²⁰ Εστι καὶ	
urn:cts:greekLit:tlg0656.tlg001.berendes1902:2.4@Der[1]-aus[1]	edition_of	urn:cts:greekLit:tlg0656.tlg001.wellmann1906:2.7	proposed			Der Deckel der	
urn:cts:greekLit:tlg0656.tlg001.berendes1902:4.7@Andere[2]-eingemacht[1]	edition_of	urn:cts:greekLit:tlg0656.tlg001.wellmann1906:4.180	proposed			Andere Klematis Die	
urn:cts:greekLit:tlg0656.tlg001.berendes1902:4.99@Es[3]-Plätzen[2]	edition_of	urn:cts:greekLit:tlg0656.tlg001.wellmann1906:4.16	proposed			Es gibt noch	
urn:cts:greekLit:tlg0656.tlg001.gunther1934:1.4@Somme[1]-hayre[1]	edition_of	urn:cts:greekLit:tlg0656.tlg001.wellmann1906:1.5	proposed			Somme speake also	
urn:cts:greekLit:tlg0656.tlg001.gunther1934:4.103@There[1]-places[2]	edition_of	urn:cts:greekLit:tlg0656.tlg001.wellmann1906:4.16	proposed			There is also	
urn:cts:greekLit:tlg0656.tlg001.gunther1934:4.7@There[1]-meat[1]	edition_of	urn:cts:greekLit:tlg0656.tlg001.wellmann1906:4.180	proposed			There is another	
urn:cts:greekLit:tlg0656.tlg001.sprengel1830:4.7@Clematis[1]-exponetur[1]	edition_of	urn:cts:greekLit:tlg0656.tlg001.wellmann1906:4.180	proposed			Clematis altera a	
urn:cts:greekLit:tlg0656.tlg001.sprengel1830:4.99@Alteram[1]-efficax[1]	edition_of	urn:cts:greekLit:tlg0656.tlg001.wellmann1906:4.16	proposed			Alteram speciem habuerim	
